QUESTION_TEXT,QUESTION_TYPE,OPTION_1,OPTION_2,OPTION_3
"So what I do is pull the chase into the parking garage, where there's lots of angles that will break line of sight-but my g _ _ _ _ _ y car isn't parked there. [7 Letters G _ _ _ _ _ Y]",Fill-in-the-Blank,getaway,GETAWAY,Getaway
"The walls had gone dingy, and there were a few c _ _ _ _ s from settling. But that was easily seen to. [6 Letters C _ _ _ _ _ S]",Fill-in-the-Blank,cracks,CRACKS,Cracks
I was tempted to wake her. Tell her that. Talk to her about anything and everything. The Lady of the Lake. And the black k _ _ _ _ t. Sounded like Geoffrey Chaucer for the 1990s. [6 Letters K _ _ _ _ _ T],Fill-in-the-Blank,knight,KNIGHT,Knight
"A week. A week and a half. Every day, more and more often, he'd walk to the wall, squat down, and put his f _ _ _ _ _ s into those finger holes. [7 Letters F _ _ _ _ _ S]",Fill-in-the-Blank,fingers,FINGERS,Fingers
"He had a pair of swords belted to his left side, a Legion-issue gladius and a duelist's longblade. His wolfish grey eyes found Lady Aquitaine, and he gave her a curt n _ _ . ""Your Grace."" [3 Letters N _ _ _ ]",Fill-in-the-Blank,nod,NOD,Nod
"He raised his hand, one thin l _ _ _  of blood still trailing down. ""This is no accident."" [4 Letters L _ _ _ ]",Fill-in-the-Blank,line,LINE,Line
"""What chance I got that you'll use your mouth to get me hard again so I can fuck you?"" he asked through a shit eating g _ _ _ . [4 Letters G _ _ _ ]",Fill-in-the-Blank,grin,GRIN,Grin
"She gasped, jerked, then bent back to the suitcase. If he was strong enough to scream that loud, her time was a good d _ _ _  shorter than she had thought. [4 Letters D _ _ _ ]",Fill-in-the-Blank,deal,DEAL,Deal
"He shrugged. His febrile good cheer had disappeared like the foam on top of a glass of beer. His big s _ _ _ _ _ _ _ s were slumped forward, giving his chest a caved-in look. [9 Letters S _ _ _ _ _ S]",Fill-in-the-Blank,shoulders,SHOULDERS,Shoulders
"When I let the TAC know, their reaction was not unlike mine. First, they had q _ _ _ _ _ _ _ s: ""Is this right?"" Then, like me, they asked, ""Why now?"" Then, when the end appeared inevitable, there was a noticeable sign of physical letdown. [9 Letters Q _ _ _ _ _ S]",Fill-in-the-Blank,questions,QUESTIONS,Questions
"Until the world knew whether or not some mutated germ had a r _ _ _  in the events here, hundreds of millions of people would wait breathlessly, wondering if their own death notices had been issued in Snowfield. [4 Letters R _ _ _ ]",Fill-in-the-Blank,role,ROLE,Role
Adolin took the h _ _  to the head and stumbled. Eshonai laughed with glee and moved to swing again. [3 Letters H _ _ _ ],Fill-in-the-Blank,hit,HIT,Hit
"How many w _ _ _ n had ever affected a man so strongly that he had, after one evening of conversation, given up a comfortable existence and put his life in extreme jeopardy to be with her? [5 Letters W _ _ _ _ _ N]",Fill-in-the-Blank,women,WOMEN,Women
"The property had remained in the same family for many g _ _ _ _ _ _ _ _ _ s, finally descending to distant cousins of the original owners whose income had never approached the level necessary to maintain the estate. [11 Letters G _ _ _ _ _ S]",Fill-in-the-Blank,generations,GENERATIONS,Generations
"Fürchtner ignored the new a _ _ _ _ _ _ s, and took a few steps to look around. They were in the large entrance foyer, its high, four-meter walls covered with artwork. [8 Letters A _ _ _ _ _ S]",Fill-in-the-Blank,arrivals,ARRIVALS,Arrivals
"""Thanks."" But when she picked up the receiver, there was no d _ _ _  tone. ""Gee, I think it's dead."" [4 Letters D _ _ _ ]",Fill-in-the-Blank,dial,DIAL,Dial
"""Ha!"" said Brison, heading for the comfortable c _ _ _ h in the lobby. Outside my door there was only a metal folding chair with no padding. Enough said. [5 Letters C _ _ _ _ _ H]",Fill-in-the-Blank,couch,COUCH,Couch
"""Much better."" He linked his fingers with h _ _ _ . And because he had used it when he'd hurt her, he balanced that out by using it now. ""A ghra."" [4 Letters H _ _ _ ]",Fill-in-the-Blank,hers,HERS,Hers
"""Mm, kah rahna fauna?"" he urged quietly, his m _ _ _ h moving against my lips. [5 Letters M _ _ _ _ _ H]",Fill-in-the-Blank,mouth,MOUTH,Mouth
"Her badly broken arm might hurt her for the rest of her life, but at least she was going to have a l _ _ _ . [4 Letters L _ _ _ ]",Fill-in-the-Blank,life,LIFE,Life
