QUESTION_TEXT,QUESTION_TYPE,OPTION_1,OPTION_2,OPTION_3
"He was in his early f _ _ _ _ _ s, I guessed, with a receding hairline and brown hair, a long nose, thin mouth, and a slight perpetual stubble on his chin. [7 Letters F _ _ _ _ _ S]",Fill-in-the-Blank,forties,FORTIES,Forties
"""Then go see M _ _ . And try to get a couple of bucks out of her. I need cigarettes. Take the fuckin ball up, too."" [3 Letters M _ _ _ ]",Fill-in-the-Blank,mom,MOM,Mom
Who the h _ _ _  did the press serve these days other than the wealthy business conglomerates and families they all worked for? [4 Letters H _ _ _ ],Fill-in-the-Blank,hell,HELL,Hell
"So Alvin told him about Harrison being elected president by bragging about his bloody hands, and how they wondered if Tenskwa-Tawa might release the people of Vigor Church from their curse, so they could leave their homes, those as wanted to, and become p _ _ _  of the Crystal City when Alvin started to build it. [4 Letters P _ _ _ ]",Fill-in-the-Blank,part,PART,Part
"""The Voice said…all over the world, every branch of Itex and the Institute and the School-they were all terminating their recombinant-DNA experiments. And that we were almost the only o _ _ _  left."" [4 Letters O _ _ _ ]",Fill-in-the-Blank,ones,ONES,Ones
"He had g _ _ _  to pay whatever Luca wanted, and more, but it was all in a chest in the Tarasin Palace, and he was not about to try taking enough out in one go, not after Palace servants had carried him back from the docks like a stag taken in hunt. [4 Letters G _ _ _ ]",Fill-in-the-Blank,gold,GOLD,Gold
"""PLA assets,"" he said. fighter j _ _ _  were being moved into launch formation at both the Shanghai Dachang Airbase and Jiangwan Airfield. They were the backbone of the eastern air defense. Jiangwan was home of the most advanced fighters in China. [4 Letters J _ _ _ ]",Fill-in-the-Blank,jets,JETS,Jets
"What k _ _ _  of man do you think I am? We'll bring him back to life in a minute anyway, I tell myself, but I didn't get into this business in order to find new, hideous ways of killing people. [4 Letters K _ _ _ ]",Fill-in-the-Blank,kind,KIND,Kind
"He was using the nicknames to be provocative-and flip. He loved the ""Bad Boy"" act. He had revealed a very dark s _ _ _ e of humor over the months. [5 Letters S _ _ _ _ _ E]",Fill-in-the-Blank,sense,SENSE,Sense
"""Well, for g _ _ _ _ _ _ s sake."" Essie cast her eyes to the ceiling. ""Why not?"" [8 Letters G _ _ _ _ _ S]",Fill-in-the-Blank,goodness,GOODNESS,Goodness
Added to it was the fun of watching the boys run outside and back a half dozen t _ _ _ s before bedtime cheering each time the lights flashed on. [5 Letters T _ _ _ _ _ S],Fill-in-the-Blank,times,TIMES,Times
"Her b _ _ _ d swam, driving her pulse to a gallop, as he stroked her into sweet, soaking pleasure. Her breath ragged, she let herself rise, let herself open until there were no restraints, no barriers. [5 Letters B _ _ _ _ _ D]",Fill-in-the-Blank,blood,BLOOD,Blood
"Fire erupted in an explosion that lifted the skinwalker another d _ _ _ n feet into the air, tumbling it tail over teakettle-an expression that makes no goddamned sense whatsoever yet seemed oddly appropriate to the moment. [5 Letters D _ _ _ _ _ N]",Fill-in-the-Blank,dozen,DOZEN,Dozen
"He didn't have time to wonder very long. Before his finger was halfway through the trigger squeeze, there was f _ _ _  and noise, but it cut off- [4 Letters F _ _ _ ]",Fill-in-the-Blank,fire,FIRE,Fire
"When he reached my open palm, I felt the edges of a card against my skin as he curled my f _ _ _ _ _ s around it. [7 Letters F _ _ _ _ _ S]",Fill-in-the-Blank,fingers,FINGERS,Fingers
"He looked like her. There was no denying she'd stamped herself on his face. But when he smiled, she saw his f _ _ _ _ r. ""That'll be the day, pal of mine. How far you going?"" [6 Letters F _ _ _ _ _ R]",Fill-in-the-Blank,father,FATHER,Father
"As we made our way to town, my parents whispered back and forth. They decided that my mother would get out of the truck down by our church, then hurry to Pop and Pearl's to buy the i _ _  cream. [3 Letters I _ _ _ ]",Fill-in-the-Blank,ice,ICE,Ice
"Since this is a fresh lead, I suggest you check it out before they move it. If you can determine where the arms came from, then you can follow the t _ _ _ l back to the source. Remember, that's Kurdish territory. [5 Letters T _ _ _ _ _ L]",Fill-in-the-Blank,trail,TRAIL,Trail
"They showed one man outside, and he was watching the road, the most likely route of approach. He'd walk around some, Paulson thought, but mostly he'd watch the r _ _ _ . So, the observer/ sniper team would approach overland from the other side. [4 Letters R _ _ _ ]",Fill-in-the-Blank,road,ROAD,Road
"Even more bizarre, children ran up and down the street, around the squares of men who could channel, shouting and laughing, rolling hoops, tossing painted balls, playing with d _ _ _ s or dogs. [5 Letters D _ _ _ _ _ S]",Fill-in-the-Blank,dolls,DOLLS,Dolls
