QUESTION_TEXT,QUESTION_TYPE,OPTION_1,OPTION_2,OPTION_3
"I picked up the coat. There were gaping wounds in it. Slashes. Patches burned away. Clearly visible bullet h _ _ _ s. There was more hole than there was coat, really, and even the surviving leather was cracked, dried, stiff, and flaking. [5 Letters H _ _ _ _ _ S]",Fill-in-the-Blank,holes,HOLES,Holes
"He was so dejected and defeated that his face had taken on more deep l _ _ _ s and his flesh had lost most of its color, so that he seemed ten years older than when he had begun this journey but a few days ago. [5 Letters L _ _ _ _ _ S]",Fill-in-the-Blank,lines,LINES,Lines
"He thought of the book salesman, Biggers, trying to run away on his bad leg, lurching and finally falling while the wrecking ball swung and the dozers snarled and bit and the w _ _ _ d came down. [5 Letters W _ _ _ _ _ D]",Fill-in-the-Blank,world,WORLD,World
He decided to check out some of the more obscure routes. It was as though a piece of ice pressed against a spot just n _ _ _ h of his tailbone. [5 Letters N _ _ _ _ _ H],Fill-in-the-Blank,north,NORTH,North
"Juanita eventually convinced him to see a mental health counselor, who diagnosed him as manic-depressive. Lithium was prescribed, but he wouldn't take it regularly. He worked part-time here and there, never able to keep a j _ _ . [3 Letters J _ _ _ ]",Fill-in-the-Blank,job,JOB,Job
"For the first time, I saw the full scope of the problem in front of me. I realized Tolliver's injury meant the end of our dream of buying a h _ _ _ e, at least in the foreseeable future. [5 Letters H _ _ _ _ _ E]",Fill-in-the-Blank,house,HOUSE,House
"""Some service. Ah, I need a small rump roast, a pound of new potatoes, a pound of carrots,"" she began. When she'd run through it. Mac wiggled his e _ _ _ _ _ _ s. ""That sounds like company dinner."" [8 Letters E _ _ _ _ _ S]",Fill-in-the-Blank,eyebrows,EYEBROWS,Eyebrows
"""Talk to me, Dan."" Jack put his phone on speaker also. A watch officer handed him a c _ _  of coffee. [3 Letters C _ _ _ ]",Fill-in-the-Blank,cup,CUP,Cup
"College admission quotas for Jews were still in force, clubs and other organizations were still restricted, kike jokes still got the boys laughing at the weekly poker g _ _ _ , and Shylock still reigned as the principal representative of his people. [4 Letters G _ _ _ ]",Fill-in-the-Blank,game,GAME,Game
"Somebody, she thought, had done a quick, hard number on one Ned Custer. The room itself looked like a typical sex flop. Cheap bed, sagging mattress where Christ knew what microscopic vermin partied in a variety of b _ _ _  fluids. [4 Letters B _ _ _ ]",Fill-in-the-Blank,body,BODY,Body
"""We're screening the Nimitz b _ _ _ _ e group, except that when you're motoring along at twenty-five knots, it's not all that easy."" O'Malley didn't like this. They were running a risk. [6 Letters B _ _ _ _ _ E]",Fill-in-the-Blank,battle,BATTLE,Battle
"His next stop was a small library in Blacktown, just north and w _ _ _  of Sydney. It was the middle of summer, and warm, and the library was not air-conditioned, even though he'd picked a contemporary time to run his scenario. [4 Letters W _ _ _ ]",Fill-in-the-Blank,west,WEST,West
"Nimec met his g _ _ _ . ""You were going to resign from Sword until Rollie Thibodeau talked you out of it, and even then only agreed to stay if you could ship out to Cold Corners,"" he said. ""Feel comfortable telling me the reason?"" [4 Letters G _ _ _ ]",Fill-in-the-Blank,gaze,GAZE,Gaze
"I tried when I was small to be a brother to him, to follow and admire him, but he would kick me and shout at me, and once he paid the village boys with gold to thrash me down near the bank of the r _ _ _ r."" [5 Letters R _ _ _ _ _ R]",Fill-in-the-Blank,river,RIVER,River
She gave a small smile. ï¿½Good.ï¿½ She took a deep breath and let it out as if she were steeling herself for some great effort. ï¿½Queen Andais announced to the court today that you needed more g _ _ _ _ s. [6 Letters G _ _ _ _ _ S],Fill-in-the-Blank,guards,GUARDS,Guards
"""By the time you get out, you'll owe the army a million dollars. At ten percent i _ _ _ _ _ _ t."" [8 Letters I _ _ _ _ _ T]",Fill-in-the-Blank,interest,INTEREST,Interest
"Now Nebo shook his head. ""Is it truly magic, or just a t _ _ _ k?"" [5 Letters T _ _ _ _ _ K]",Fill-in-the-Blank,trick,TRICK,Trick
"It was another few hours before Kenton had the s _ _ _ _ _ _ h to move from the deck chair, and then he only stumbled down to his cabin. However, even that little bit of improvement was encouraging. [8 Letters S _ _ _ _ _ H]",Fill-in-the-Blank,strength,STRENGTH,Strength
"""Oi!"" Jack shouted, her blow glancing off his shoulder as he ducked. ""Settle down! The honeymooner's suite gets free room service! And a whirlpool bath. You bloody women love that s _ _ _  of thing."" [4 Letters S _ _ _ ]",Fill-in-the-Blank,sort,SORT,Sort
"Eddie and Mo were running toward her. Behind them came Long Paul, Silent Sarey, Token Charlie, and Harpman Sam. Rose hit speed dial on her phone. A thousand m _ _ _ s away, Crow's gave just half a ring. [5 Letters M _ _ _ _ _ S]",Fill-in-the-Blank,miles,MILES,Miles
