QUESTION_TEXT,QUESTION_TYPE,OPTION_1,OPTION_2,OPTION_3
"A white undershirt peeked out the top of the blue and white striped shirt. I wanted to rip the shirt open, send the buttons popping through the air, take a knife from my wrist sheath and slit the undershirt, bare his naked c _ _ _ t and stomach. [5 Letters C _ _ _ _ _ T]",Fill-in-the-Blank,chest,CHEST,Chest
"They found the small restaurant quickly, and Clark steered everyone into a corner b _ _ _ h. Both the men had their backs to the wall so that they could stare outward at any incoming threat. [5 Letters B _ _ _ _ _ H]",Fill-in-the-Blank,booth,BOOTH,Booth
"""B.J.,"" Eddie began urgently, grabbing her a _ _ . ""Do you think he's going to remodel the inn after all? Do you think he's going to let us all go?"" [3 Letters A _ _ _ ]",Fill-in-the-Blank,arm,ARM,Arm
"The big q _ _ _ _ _ _ n around the office, I learned later that day, concerned the pilot who would be selected for the first X-11 launch. All four candidates had been given the same training and told they would all remain at some mental and physical peak. [8 Letters Q _ _ _ _ _ N]",Fill-in-the-Blank,question,QUESTION,Question
"Buddy Holley stood before them, whole again. He wasn't completely the physical original. This Buddy Holley was fitter, the spare tire around his waist and the bags under the eyes gone. His hair was a glossy b _ _ _ k again, with no gray. [5 Letters B _ _ _ _ _ K]",Fill-in-the-Blank,black,BLACK,Black
"""If they come, our god shall speak to them,"" the Jaenshi elder said, in his purring speech, but there was finality in the gentle v _ _ _ e, and no appeal in the vast liquid eyes. [5 Letters V _ _ _ _ _ E]",Fill-in-the-Blank,voice,VOICE,Voice
"They both stared intently at the monitor. Charlie had swung her l _ _ _  over onto the floor and was sitting with her head down, her palms on her cheeks, her hair obscuring her face. [4 Letters L _ _ _ ]",Fill-in-the-Blank,legs,LEGS,Legs
"Shepherd, Jr. It was Brute Krulak who took the photos of Japanese landing barges in China and urged the creation of the early U.S. landing c _ _ _ t that would be so important to Marine amphibious operations in the Second World War. [5 Letters C _ _ _ _ _ T]",Fill-in-the-Blank,craft,CRAFT,Craft
"A cup of dim yellow l _ _ _ t shimmered at the far end of the upstairs hallway. Kathleen walked down toward the inviting light, the house creaking like an old ship under her feet. [5 Letters L _ _ _ _ _ T]",Fill-in-the-Blank,light,LIGHT,Light
"Removing each needle from Kethlun's face was an exacting task. Tris sat on the table, Keth on a chair in front of her. As she worked, he told her, Niko and Jumshida about his l _ _ _  before and after one summer day on the Syth. [4 Letters L _ _ _ ]",Fill-in-the-Blank,life,LIFE,Life
"""That was a long time ago. I imagine we've both changed quite a b _ _ ."" ""Can't argue with that."" He pushed at the dirt. [3 Letters B _ _ _ ]",Fill-in-the-Blank,bit,BIT,Bit
"If she wasn't mistaken, the desk under the stacks of files and spiffy computer was Chippendale and the carpet over the lovely hardwood floor a Bristol. Oak file cabinets lined one wall, s _ _ _ _ _ s of books another. [7 Letters S _ _ _ _ _ S]",Fill-in-the-Blank,shelves,SHELVES,Shelves
"""As an attorney, Mr. Rhinehart, you ought to be aware that I can't give out that s _ _ _  of information indiscriminately. I have a doctor-patient privilege to protect."" [4 Letters S _ _ _ ]",Fill-in-the-Blank,sort,SORT,Sort
"Your tanks will fight under a neutral sky at worst, Mickey."" The general checked his w _ _ _ h. ""They should be getting off right about now."" [5 Letters W _ _ _ _ _ H]",Fill-in-the-Blank,watch,WATCH,Watch
"The Erlking looked at her and gave her a n _ _  of approval. ""I am glad you find yourselves appropriately armed."" He glanced over at the Eebs, who were discussing matters in furious whispers, probably employing a nonstandard use of pronouns. [3 Letters N _ _ _ ]",Fill-in-the-Blank,nod,NOD,Nod
Dan and John Dalton flew out of Logan on Tuesday m _ _ _ _ _ g just as the sun was rising. They changed planes in Memphis and touched down in Des Moines at 11:15 CDT on a day that felt more like mid-July than late September. [7 Letters M _ _ _ _ _ G],Fill-in-the-Blank,morning,MORNING,Morning
"""She's not married, no children. Pets?"" Roy shook his head. Mace glanced at the file she'd carried up with her. ""Try her d _ _ _  of birth."" [4 Letters D _ _ _ ]",Fill-in-the-Blank,date,DATE,Date
"Ripley slogged her way through paperwork. She'd lost the c _ _ _  toss with Zack, which still irritated her, since the false spring was hanging on. It would be close to sixty degrees by afternoon, and she was stuck on desk duty. [4 Letters C _ _ _ ]",Fill-in-the-Blank,coin,COIN,Coin
"After pouring the second c _ _  of coffee from her favorite Derby pot, she picked up the portable phone on her bed tray and called Jack's cell phone. [3 Letters C _ _ _ ]",Fill-in-the-Blank,cup,CUP,Cup
"I was going to take a shower, put on his tee, and try to get some r _ _ _ . [4 Letters R _ _ _ ]",Fill-in-the-Blank,rest,REST,Rest
