QUESTION_TEXT,QUESTION_TYPE,OPTION_1,OPTION_2,OPTION_3
Tanuja didn't resist-nor did she allow them the satisfaction of seeing her fear-as the preppy applied the tourniquet to her right a _ _ . He palpated the visible veins to find the most generous one and swabbed the skin with the sterilizing pad. [3 Letters A _ _ _ ],Fill-in-the-Blank,arm,ARM,Arm
"""In any case, doing the other rooms first gave him time to settle in. He was out like a light. Did you know your father's been to the Cayman Islands three t _ _ _ s in the last year?"" [5 Letters T _ _ _ _ _ S]",Fill-in-the-Blank,times,TIMES,Times
"I swung back around, skimming through the asteroid field beneath where most of the other ships were dodging drones. I wanted to get a v _ _ _  of the battlefield and try to decide how exactly the test would play out. [4 Letters V _ _ _ ]",Fill-in-the-Blank,view,VIEW,View
"""She's missing periods of time, too. Not little p _ _ _ _ s, either. Big blocks of time. Whole nights."" [6 Letters P _ _ _ _ _ S]",Fill-in-the-Blank,pieces,PIECES,Pieces
"He touched the bole of each tree he passed, and the labeling glowed through the bark, showing names and intake dates. The most recent o _ _ _  were closest to the wall. [4 Letters O _ _ _ ]",Fill-in-the-Blank,ones,ONES,Ones
"On the way home my m _ _ _ _ r said, ""Lynne thought you were my daughter."" [6 Letters M _ _ _ _ _ R]",Fill-in-the-Blank,mother,MOTHER,Mother
"Peggy said, ""Head for the Hermitage. We'll find a way in if we have to, but I have a better i _ _ _ ."" [4 Letters I _ _ _ ]",Fill-in-the-Blank,idea,IDEA,Idea
"Trace hitched the man's arm up another quarter inch. He could hear bone grinding against bone. ""You're wasting my time."" After a quick l _ _ _  around, Trace pulled out his hunting knife and placed the blade where ear met skull. [4 Letters L _ _ _ ]",Fill-in-the-Blank,look,LOOK,Look
"Bobby twitched. In a thoughtful v _ _ _ e, speaking more to himself than to them, Bobby said, ""Bad thing...."" [5 Letters V _ _ _ _ _ E]",Fill-in-the-Blank,voice,VOICE,Voice
"But Seawatch was built to endure that k _ _ _  of thing, not forever but for as long as it takes Greta to pass through. [4 Letters K _ _ _ ]",Fill-in-the-Blank,kind,KIND,Kind
"""My brother blew his b _ _ _ _ s out, Mike. They were on the coffee table all over my rug. There was a three-page suicide note on the table. Turns out things had totally turned to shit for him while I was away. [6 Letters B _ _ _ _ _ S]",Fill-in-the-Blank,brains,BRAINS,Brains
They had three more b _ _ _ s and made a major dent in the bottle of Jack by the time they were done explaining what Ralphie called The Night of A Thousand Horrors Accompanied by Lemon Drops. [5 Letters B _ _ _ _ _ S],Fill-in-the-Blank,beers,BEERS,Beers
"That earned Joel a glare. Perhaps those words hit too close to h _ _ _ . Michael was the son of a knight-senator, a son of privilege. He wasn't accustomed to being excluded. [4 Letters H _ _ _ ]",Fill-in-the-Blank,home,HOME,Home
"But she was the same, her hand f _ _ _  in his. [4 Letters F _ _ _ ]",Fill-in-the-Blank,firm,FIRM,Firm
"When she's in her personal s _ _ _ e, she wants to be alone. He's more streamlined, and pays more attention to style. The second bedroom's set up for gaming, but he's got a convertible sleep chair in there, just in case."" [5 Letters S _ _ _ _ _ E]",Fill-in-the-Blank,space,SPACE,Space
"""As long as they do, and longer if that is the law. Take this and open the second lock. You'll give them h _ _ _ , and give it to me as well."" [4 Letters H _ _ _ ]",Fill-in-the-Blank,hope,HOPE,Hope
"But Cutter was the sort of sailor for whom the sea was a means to an end. more than h _ _ _  of his career had been spent in the Pentagon, and that, Ryan thought, was no place for a proper sailor. [4 Letters H _ _ _ ]",Fill-in-the-Blank,half,HALF,Half
"The front office arranged a h _ _ _ l room under an alias, and Joe finally fell asleep at 3:00 a.m. [5 Letters H _ _ _ _ _ L]",Fill-in-the-Blank,hotel,HOTEL,Hotel
"Also, Danny, you want to be a little b _ _  farther down the road from your last drink before you show up there askin for a job application form. Even if the only thing they got is runnin a buffer on the night shift. [3 Letters B _ _ _ ]",Fill-in-the-Blank,bit,BIT,Bit
"She let out a s _ _ _  because there wasn't anything she wanted more, or could risk less. ""Sugar, you are suicide, and I've got too much at stake to jump off a cliff right now."" [4 Letters S _ _ _ ]",Fill-in-the-Blank,sigh,SIGH,Sigh
