QUESTION_TEXT,QUESTION_TYPE,OPTION_1,OPTION_2,OPTION_3
It is a form of h _ _ _ _ r tale that the movies have tried more often than novelists or short-story writers. [6 Letters H _ _ _ _ _ R],Fill-in-the-Blank,horror,HORROR,Horror
"""We're thinking he was grabbed right then because by the l _ _ _  of things, Jacob never made it back to his dorm room,"" I said. ""We already interviewed his roommate and tossed the building. Nothing. [4 Letters L _ _ _ ]",Fill-in-the-Blank,look,LOOK,Look
"Wren was too young to remember much about most of her older b _ _ _ _ _ _ s and sisters, but she had been old enough to recall the day Autumn was buried. [8 Letters B _ _ _ _ _ S]",Fill-in-the-Blank,brothers,BROTHERS,Brothers
"""You better get going, babe,"" she said quietly. ""They'll have your guy Timmons in s _ _ _ _ s and bonds, or whatever they are."" [6 Letters S _ _ _ _ _ S]",Fill-in-the-Blank,stocks,STOCKS,Stocks
"He opened his m _ _ _ h to tell her-and his mind was blank. Panic skidded along his spine. She saw it whiten his face and glaze his eyes before his fingers clamped hard over her wrist. ""I can't-I can't remember."" [5 Letters M _ _ _ _ _ H]",Fill-in-the-Blank,mouth,MOUTH,Mouth
"The parlor, his favorite, where he had a pretty little f _ _ _  burning in the rose granite hearth, and Asian lilies, blushed with pink, rising glamorously out of a wide crystal vase. [4 Letters F _ _ _ ]",Fill-in-the-Blank,fire,FIRE,Fire
"His last coherent t _ _ _ _ _ t before the panic descended like a pall-or a mourning veil-was actually a mental image. He saw David lying in the middle of some weird, inimical landscape. It looked like the surface of a harsh, dead world. [7 Letters T _ _ _ _ _ T]",Fill-in-the-Blank,thought,THOUGHT,Thought
"Hands to her mouth, eyes big, and her skin dead white, she looked ready to faint. This was cruel. A different k _ _ _  from Bradford's type of torture, but still cruel. [4 Letters K _ _ _ ]",Fill-in-the-Blank,kind,KIND,Kind
"""My queen, you said that the guards who came to my bed were mine to keep."" I made my voice as neutral as I could, but I knew it was a bad i _ _ _  to say it. [4 Letters I _ _ _ ]",Fill-in-the-Blank,idea,IDEA,Idea
"He'd had the k _ _  under the rock in Buxton to worry about for years. Now he had to worry that some eager-beaver new guard would look behind his poster and expose the whole thing, or that he would get another cellmate, or that he would, after all those years, suddenly be transferred. [3 Letters K _ _ _ ]",Fill-in-the-Blank,key,KEY,Key
"There, I thought, heart leaping as-through the scope-I spotted a dark figure huddled in a window on the third floor of a building across the s _ _ _ _ t. I couldn't make out details, but he was probably tracking Fortuity with a rifle and scope of his own. [6 Letters S _ _ _ _ _ T]",Fill-in-the-Blank,street,STREET,Street
"""Cool,"" she whispered then more s _ _ _ _ _ e then, ""Uh…I, well, you know, you're teachin' me to ride your horses and takin' me shoppin' and all and maybe…"" [7 Letters S _ _ _ _ _ E]",Fill-in-the-Blank,silence,SILENCE,Silence
"""Banda is located there. He may have i _ _ _ _ _ _ _ _ _ _ s for that contingency."" [12 Letters I _ _ _ _ _ S]",Fill-in-the-Blank,instructions,INSTRUCTIONS,Instructions
"Her portion of the Detail followed, walking up the gentle s _ _ _ e to the south entrance, then to the elevator, where Roy Altman pushed the button for her, since the First Lady wasn't allowed to do that, either. [5 Letters S _ _ _ _ _ E]",Fill-in-the-Blank,slope,SLOPE,Slope
"The last time was on the couch in the comfy s _ _ _ _ _ g area off the kitchen. We'd gone down to raid the fridge. Or I had, I was starved. Lucien had been feeding a lot, he couldn't be hungry. And we got sidetracked. [7 Letters S _ _ _ _ _ G]",Fill-in-the-Blank,seating,SEATING,Seating
"Also, Lebanon had the laxest entry controls in the Med. The passport photo of young a _ _ _ t Hamilton didn't resemble Mark at all, but he figured all blond European types would look alike to Lebanese Customs. [5 Letters A _ _ _ _ _ T]",Fill-in-the-Blank,agent,AGENT,Agent
"""Wall material,"" Peabody added. ""lab r _ _ _  may be able to date some of the gyp board, the studs. Maybe even the plastic."" [4 Letters R _ _ _ ]",Fill-in-the-Blank,rats,RATS,Rats
"Pokie had been Joelle's family nickname, though her mother'd never called her anything but Joelle. The Orin she knew first felt his mother was the family's pulse and center, a r _ _  of light incarnate, with enough depth of love and open maternal concern to almost make up for a father who barely existed, parentally. [3 Letters R _ _ _ ]",Fill-in-the-Blank,ray,RAY,Ray
"Croyd grabbed him under the armpits. ""Leave it to Mr. v _ _ _ _ _ e idiot to state the obvious."" Bob felt a rush of air as they rocketed into the warm night. The sense of being airborne was magical and slightly scary, given Croyd's unusual nature. [7 Letters V _ _ _ _ _ E]",Fill-in-the-Blank,village,VILLAGE,Village
"It was common among beggars to adopt a guise of being afflicted in an attempt to elicit more c _ _ _ s. Durn himself walked with a masterful false limp, and had his hair pulled out in sickly patches. [5 Letters C _ _ _ _ _ S]",Fill-in-the-Blank,coins,COINS,Coins
