QUESTION_TEXT,QUESTION_TYPE,OPTION_1,OPTION_2,OPTION_3
"The one quiet statement had the n _ _ _  whipping through him almost out of control. He rose, then, drawing her to her feet, crushed her against him before she could agree or protest. ""Good."" [4 Letters N _ _ _ ]",Fill-in-the-Blank,need,NEED,Need
"Ethan yanked free of Julian. He gave a stiff little b _ _  to Ms. Reed. ""I'll go. But I just want you to understand that I know the Seelie are different from what the Unseelie are."" [3 Letters B _ _ _ ]",Fill-in-the-Blank,bow,BOW,Bow
"With a laugh, she threw her a _ _ _  around his neck and said one word. ""Yes."" [4 Letters A _ _ _ ]",Fill-in-the-Blank,arms,ARMS,Arms
"Pine, sitting on a rock in his pajama bottoms and a T-shirt, sitting on an island almost small enough to spit across, writing his life story. Am I hungry! never m _ _ _ , I'll write my goddam life story if I want to. [4 Letters M _ _ _ ]",Fill-in-the-Blank,mind,MIND,Mind
"And that morning, as he drove out on his latest job, Sullivan remembered the old Frankie Ford song - and he remembered how the pathetic p _ _ _ _ t had begged for his life, and then for his death, before he got cut up into shark food. [6 Letters P _ _ _ _ _ T]",Fill-in-the-Blank,priest,PRIEST,Priest
"He didn't, get on to Bets and get her on the phone to every g _ _  station and convenience store between Glossop and Fort Robinson to see if any of their clerks recall a man in a white Ford truck buying glass cleaner in the last three days."" [3 Letters G _ _ _ ]",Fill-in-the-Blank,gas,GAS,Gas
"The patron kept the information flowing, ""Same bikini, different p _ _ _ _ _ e, you were wearin' like, a short, see-through sarong, holding hands with Coop walking up the beach on bodiesbygod.com and you got on last week's edition, number six on the Curvy Girls list."" [7 Letters P _ _ _ _ _ E]",Fill-in-the-Blank,picture,PICTURE,Picture
But she had no time to recover or get c _ _ _ _ _ l. [7 Letters C _ _ _ _ _ L],Fill-in-the-Blank,control,CONTROL,Control
"Lord tear-asses back and forth between Courts 6 ana 8, food cart clattering (the food cart, which Pemulis and Axford picked up from a k _ _ _  of a seedy-looking orderly at SJOG hospital that Pemulis knew from Allston, has one of those crazy left front wheels that e.g. [4 Letters K _ _ _ ]",Fill-in-the-Blank,kind,KIND,Kind
Not sitting with him would have undermined him in front of the pack and the other l _ _ _ _ _ s. I wasn't here to make the situation worse. [7 Letters L _ _ _ _ _ S],Fill-in-the-Blank,leaders,LEADERS,Leaders
"He'd give Mazer the cartridges, and he'd carry Mazer's water, and he'd do anything to put an e _ _  to it, to make it all go away. Then he would allow himself to cry. [3 Letters E _ _ _ ]",Fill-in-the-Blank,end,END,End
Only minutes now until the Marines were on the ground. The rain remained steady though the w _ _ _  had died down. [4 Letters W _ _ _ ],Fill-in-the-Blank,wind,WIND,Wind
"Fromm went immediately back to work. Part of him was already counting the money he'd receive, but most concerned itself with the j _ _  at hand. Only half of the machinists had actually worked on the bomb's physics package itself. [3 Letters J _ _ _ ]",Fill-in-the-Blank,job,JOB,Job
"But Cloyce was only 134, the others most likely younger. Something other than longevity accounted for their descent into one f _ _ _  of madness or another. [4 Letters F _ _ _ ]",Fill-in-the-Blank,form,FORM,Form
"I told these future leaders that speaking the t _ _ _ h could be painful and costly, but it was a duty. Often those who need to hear it won't like it and may even punish you for it; [5 Letters T _ _ _ _ _ H]",Fill-in-the-Blank,truth,TRUTH,Truth
"""No!"" Siuan barked. She sounded scandalized. ""Even trying could be disastrous, and if you succeeded. . . . The L _ _ _ t help us, if you succeeded, you would destroy the White Tower."" [5 Letters L _ _ _ _ _ T]",Fill-in-the-Blank,light,LIGHT,Light
I assumed that the owners would sleep in the upstairs r _ _ _ s. [5 Letters R _ _ _ _ _ S],Fill-in-the-Blank,rooms,ROOMS,Rooms
"""He's not there."" Reena got shakily to her f _ _ _ . ""He can't be there yet, even if he drove straight back."" [4 Letters F _ _ _ ]",Fill-in-the-Blank,feet,FEET,Feet
"The brightly colored winter wall hangings along the main corridor were scenes of spring gardens and fields of wildflowers, brooks running over stones and birds in f _ _ _ _ t. The stand-lamps against the pale walls were gilded, but quite simple in decoration. [6 Letters F _ _ _ _ _ T]",Fill-in-the-Blank,flight,FLIGHT,Flight
"Or it might continue for another hundred feet above s _ _  level and open on the top of the iceberg. Does that analysis seem sound to you, Dr. Car-penter?""""Yes,"" Harry said. ""And I believe I know which of the three it is."" [3 Letters S _ _ _ ]",Fill-in-the-Blank,sea,SEA,Sea
