QUESTION_TEXT,QUESTION_TYPE,OPTION_1,OPTION_2,OPTION_3
"A knock brought her head up from the toilet. She rinsed and wiped her m _ _ _ h, listened while the guard answered the door. It was Mark. With a sigh she walked back into the sitting room. [5 Letters M _ _ _ _ _ H]",Fill-in-the-Blank,mouth,MOUTH,Mouth
"""We're still at the motel, getting ready to leave, and, well, I think I n _ _ _  to talk to you first thing this morning."" [4 Letters N _ _ _ ]",Fill-in-the-Blank,need,NEED,Need
"""Good to know. Now, let me show you what I want on the main l _ _ _ l."" [5 Letters L _ _ _ _ _ L]",Fill-in-the-Blank,level,LEVEL,Level
"He didn't need to be told twice. He slid something across the bar in my direction: a black l _ _ _ _ _ r satchel marked ""For Emergencies."" Like a first-aid kit, only better. [7 Letters L _ _ _ _ _ R]",Fill-in-the-Blank,leather,LEATHER,Leather
"Johanna began to sprint across the parking lot toward the street. o _ _ _ _ s were doing the same all around her. One of them, Miss Jill Dunbarry, had been window-shopping at Radio Shack when the accident occurred. [6 Letters O _ _ _ _ _ S]",Fill-in-the-Blank,others,OTHERS,Others
"Flustered, she felt h _ _ _  rise to her cheeks that was a giddy mix of pleasure and embarrassment. ""Oh, well. Um. That's nice-it's nice, I mean, to ask and all that. I live with somebody. A guy. An e-guy. We're . . . you know. Together."" [4 Letters H _ _ _ ]",Fill-in-the-Blank,heat,HEAT,Heat
"According to his map, Carolina Street connected with Beaudry Place about four blocks west of the bus s _ _ _ . A nice little walk on a warm evening. Beaudry Place was where the Travelers Aid Jewboy lived. [4 Letters S _ _ _ ]",Fill-in-the-Blank,stop,STOP,Stop
"Which s _ _ _  of explained why the authorities had been so insistent that Marion okay the cremation of Janice's body-not because the remains were corroded by seawater and half-devoured by fish, but because cremation would cover wounds that would raise unanswerable questions in an unbiased autopsy. [4 Letters S _ _ _ ]",Fill-in-the-Blank,sort,SORT,Sort
"There was a thoughtful silence on the end of the l _ _ _ , if silence can be characterized. [4 Letters L _ _ _ ]",Fill-in-the-Blank,line,LINE,Line
"He was being reeled out of the pressure of the river b _ _ _ _ m, back toward the surface, out of the darkness. [6 Letters B _ _ _ _ _ M]",Fill-in-the-Blank,bottom,BOTTOM,Bottom
"The man was supposed to be as high as a Darkfriend could reach, only a s _ _ _  below the Chosen themselves. [4 Letters S _ _ _ ]",Fill-in-the-Blank,step,STEP,Step
"Lilith shrugged. ""What I have to."" She swirled her cape and vanished with a h _ _ _  of air. [4 Letters H _ _ _ ]",Fill-in-the-Blank,hiss,HISS,Hiss
"""And bright, too, according to your doting aunt. spelling b _ _  champ in the third grade."" [3 Letters B _ _ _ ]",Fill-in-the-Blank,bee,BEE,Bee
"She left the door open, an e _ _ _ _ e route in case her instincts were off and he was still in the house. [6 Letters E _ _ _ _ _ E]",Fill-in-the-Blank,escape,ESCAPE,Escape
"Pycelle dropped his gaze back to his food. Something about Tyrion's mismatched green-and-black eyes made men squirm; knowing that, he made good u _ _  of them. ""Ah,"" the old man muttered into his plums. [3 Letters U _ _ _ ]",Fill-in-the-Blank,use,USE,Use
"Mack pushed me to his side, slid his arm around my shoulders and he guided me to the escalator that would take us down to b _ _ _ _ _ e claim. [7 Letters B _ _ _ _ _ E]",Fill-in-the-Blank,baggage,BAGGAGE,Baggage
"He turned, sliding open double pocket d _ _ _ s, then stepped back so that Maggie could enter first. [5 Letters D _ _ _ _ _ S]",Fill-in-the-Blank,doors,DOORS,Doors
"I don't think George cared much, really. And I know he didn't understand why she wants to sell the h _ _ _ e."" She rolled her eyes in her large, sweaty face-the old can-you-imagine-that look. [5 Letters H _ _ _ _ _ E]",Fill-in-the-Blank,house,HOUSE,House
"""We argue, it gets physical,"" he suggested. ""I lose my head, grab the sword, and take y _ _ _ s."" [5 Letters Y _ _ _ _ _ S]",Fill-in-the-Blank,yours,YOURS,Yours
"I took Ackroyd by the s _ _ _ _ _ _ r and pulled him away. He sat down on the curb by the truck, dropped his face to his hands, and bawled like a baby. [8 Letters S _ _ _ _ _ R]",Fill-in-the-Blank,shoulder,SHOULDER,Shoulder
