QUESTION_TEXT,QUESTION_TYPE,OPTION_1,OPTION_2,OPTION_3
"Phoebe was minutes from the jewelry s _ _ _ e when the alarm went off. She stood within sight of it, with the crisis team already moving men and equipment into positions when the nine-one-one call was relayed to her. [5 Letters S _ _ _ _ _ E]",Fill-in-the-Blank,store,STORE,Store
"""I said I've had enough, Camrin,"" the graying man growled and went stumping out into the s _ _ _ _ t pursued by Camrin's scowl at his back. [6 Letters S _ _ _ _ _ T]",Fill-in-the-Blank,street,STREET,Street
"Once again I took out my handkerchief, managed with my right hand and my teeth to tie it firmly just above the bullet hole in my left w _ _ _ t, or between the wound and the heart. [5 Letters W _ _ _ _ _ T]",Fill-in-the-Blank,wrist,WRIST,Wrist
Either of these two positions can quickly become another k _ _ _  of silencing if permitted to ignore the indigenous created qualities of the writing. So many questions surface and irritate. What have these critiques made of the work's own canvas? [4 Letters K _ _ _ ],Fill-in-the-Blank,kind,KIND,Kind
"""Mandy, this is my ex-husband. The one I found upstairs, at a similar party, with his hands all over the naked b _ _ _ _ _ s of a mutual acquaintance."" [7 Letters B _ _ _ _ _ S]",Fill-in-the-Blank,breasts,BREASTS,Breasts
"Almost as much as water to drink, she wanted to move her face under that thin s _ _ _ _ m, to let it run over her cheeks and forehead. Instead she kept her head very steady, so that every drop went down her throat. [6 Letters S _ _ _ _ _ M]",Fill-in-the-Blank,stream,STREAM,Stream
"She gestured to the b _ _ _ d where she'd noted the similarities between the murders of Deena MacMasters and Illya Schooner. ""Evidence indicates she was partially smothered with a pillow found on scene, and was strangled with the bedsheets. [5 Letters B _ _ _ _ _ D]",Fill-in-the-Blank,board,BOARD,Board
When she circled the t _ _ _ e looking for her next one was when it hit him and he knew. [5 Letters T _ _ _ _ _ E],Fill-in-the-Blank,table,TABLE,Table
"The glow of the Power surrounded Anaiya, but not only her; the single l _ _ _ t enveloped as well two more fully clothed Aes Sedai, an Accepted in a robe, and three novices, two in their shifts. [5 Letters L _ _ _ _ _ T]",Fill-in-the-Blank,light,LIGHT,Light
"And that was how it started. We chatted a little more, about how she'd been living there for a couple of months and how she'd take long w _ _ _ s on the beach. [5 Letters W _ _ _ _ _ S]",Fill-in-the-Blank,walks,WALKS,Walks
"""We've kept in t _ _ _ h. We even see each other now and again for lunch, for a drink."" [5 Letters T _ _ _ _ _ H]",Fill-in-the-Blank,touch,TOUCH,Touch
"Checking for pursuit. The bat ""saw"" the smells coming off her quite clearly, and what Tak picked up was encouraging. It was the smell of fear, mostly. The sort which might tilt into panic with one hard p _ _ _ . [4 Letters P _ _ _ ]",Fill-in-the-Blank,push,PUSH,Push
Each office would have thick tinted g _ _ _ s to hold out the brilliance of the sun while affording an unhampered view of the resort and the mountains. [5 Letters G _ _ _ _ _ S],Fill-in-the-Blank,glass,GLASS,Glass
"Shrews have to eat about five times their own body w _ _ _ _ t every day just to keep from starving to death."" [6 Letters W _ _ _ _ _ T]",Fill-in-the-Blank,weight,WEIGHT,Weight
"rithmatic s _ _ _ _ _ _ s weren't allowed off campus without an escort. He passed several nearby, grumbling that Armedius was starting to feel like a prison. [8 Letters S _ _ _ _ _ S]",Fill-in-the-Blank,students,STUDENTS,Students
"Maybe she needed to touch b _ _ _  with something from her old life-to indulge in a few memories of sitting at one of the sticky tables, half lit on a Zombie while Mavis bounced on stage and screeched out songs for the crowd. [4 Letters B _ _ _ ]",Fill-in-the-Blank,base,BASE,Base
"Mary Rose and Mike Rodgers exchanged a brief look. When Seden's back was completely turned, Rodgers tapped a few k _ _ _  on the other computer. Then he turned to watch the simultaneous translation of the colonel's conversation. [4 Letters K _ _ _ ]",Fill-in-the-Blank,keys,KEYS,Keys
"The important p _ _ _ s of Epic DNA degraded quickly, so I'd need to find frozen tissue if I wanted something I could sell. [5 Letters P _ _ _ _ _ S]",Fill-in-the-Blank,parts,PARTS,Parts
"As long as we're doing special e _ _ _ _ _ s, what about future tense? A story told by a fortune-teller: [7 Letters E _ _ _ _ _ S]",Fill-in-the-Blank,effects,EFFECTS,Effects
"He did, however, have a lovely little mix of illegals in his system at time of d _ _ _ h. Exotica and Zing, with a soupcon of Zeus. He chased that with a double shot of unblended scotch."" [5 Letters D _ _ _ _ _ H]",Fill-in-the-Blank,death,DEATH,Death
