QUESTION_TEXT,QUESTION_TYPE,OPTION_1,OPTION_2,OPTION_3
"H _ _ _  thought he detected a hint of excitement in her voice. It took him a moment to get this joke, too. They were not quite blind dating. [4 Letters H _ _ _ ]",Fill-in-the-Blank,hood,HOOD,Hood
"Each of the contraptions was built around a boxlike frame. Wooden support struts rose above it, to support a long wooden a _ _  with a shallow bowl at its end. [3 Letters A _ _ _ ]",Fill-in-the-Blank,arm,ARM,Arm
STONE MADE A STOP FIRST at the h _ _ _ _ _ _ l to check on Reuben. He heard his friend's voice long before he got to his room. [8 Letters H _ _ _ _ _ L],Fill-in-the-Blank,hospital,HOSPITAL,Hospital
"Rand wished there was an inn in Four Kings they had not yet tried. Since leaving Whitebridge he had met coolness, indifference, and outright hostility, but nothing that gave him the s _ _ _ e of unease that this man and this village did. [5 Letters S _ _ _ _ _ E]",Fill-in-the-Blank,sense,SENSE,Sense
"According to the luminous number on the t _ _ _ _ l clock, it was four-thirty in the morning. He had been asleep less than an hour. [6 Letters T _ _ _ _ _ L]",Fill-in-the-Blank,travel,TRAVEL,Travel
"She picked her way down the bluffs to the riverside. In the waning afternoon, the h _ _ _  of the day was finally beginning to break. In the distance, hippos were bathing or feeding or sleeping. [4 Letters H _ _ _ ]",Fill-in-the-Blank,heat,HEAT,Heat
"Egwene bit her lip until she tasted b _ _ _ d. This is a nightmare. It can't be real. Why did Liandrin do this? Why is this happening? ""May . . . may I ask a question?"" [5 Letters B _ _ _ _ _ D]",Fill-in-the-Blank,blood,BLOOD,Blood
"She didn't know about Major Kelly's being caught with his pants down in the latrine, and he was not about to tell her. She stopped folding gauze and cocked her right e _ _ _ _ _ w. [7 Letters E _ _ _ _ _ W]",Fill-in-the-Blank,eyebrow,EYEBROW,Eyebrow
"I looked around and nodded. ""I think we'd better get off the s _ _ _ _ t, pronto."" [6 Letters S _ _ _ _ _ T]",Fill-in-the-Blank,street,STREET,Street
"He was too small and the wrong build for a pro athlete. Dressed far too nicely for a typical drug dealer. Maybe a hedge fund manager, malpractice lawyer, or real e _ _ _ _ e developer. Memory socked away. [6 Letters E _ _ _ _ _ E]",Fill-in-the-Blank,estate,ESTATE,Estate
"Looking back on things, I'm amazed at our assumptions. We were bent on overthrowing the constitutional government of a large foreign nation, and we didn't think anything about it.… Even Earl went along without a second t _ _ _ _ _ t. [7 Letters T _ _ _ _ _ T]",Fill-in-the-Blank,thought,THOUGHT,Thought
"I slept with him, she remembered. made l _ _ _  with him and slept the night in his bed. The knowledge registered slowly. [4 Letters L _ _ _ ]",Fill-in-the-Blank,love,LOVE,Love
And here's something I love to do. Once a month I make a huge bowl of pasta and red sauce and invite my friends who live alone to a potluck supper. They like the c _ _ _ _ _ y over a home-cooked meal. [7 Letters C _ _ _ _ _ Y],Fill-in-the-Blank,company,COMPANY,Company
"Toni spent an hour playing with the scrimshaw, then had to quit. Her ankles were swelling, her right t _ _ _ b and forefinger had gone numb from gripping the pin vise, and she was going blind looking through the magnifying lamp's lens. [5 Letters T _ _ _ _ _ B]",Fill-in-the-Blank,thumb,THUMB,Thumb
ASW Mortars/Rockets: Unguided rockets that can be fired from surface ships and are designed to a _ _ _ _ k submarines. [6 Letters A _ _ _ _ _ K],Fill-in-the-Blank,attack,ATTACK,Attack
"In the dream he stood with his friends on the south end of Main Street, across from the Qwik Mart and its four gas p _ _ _ s. [5 Letters P _ _ _ _ _ S]",Fill-in-the-Blank,pumps,PUMPS,Pumps
It seemed wrong that she wore so many c _ _ _ _ _ s. We needed to touch more skin than this. I realized that I was sensing Maeve's skin-hunger. Her need for sidhe flesh to cover her own. [7 Letters C _ _ _ _ _ S],Fill-in-the-Blank,clothes,CLOTHES,Clothes
The r _ _ _  of the story arose from that setting. What if the gift arose from a bunch of serious inbreeding in a remote mountain community? [4 Letters R _ _ _ ],Fill-in-the-Blank,rest,REST,Rest
"But he heard her crying. He was turned toward the street, his body braced, his m _ _ _  full of violence. She was crying as if her heart were broken, curled up on a stone bench by the dormant azaleas. [4 Letters M _ _ _ ]",Fill-in-the-Blank,mind,MIND,Mind
"I found my partner sitting with Janet Worley at the round table in the k _ _ _ _ _ n, empty teacups and a plate of crumbs in front of them. Janet's face was pale and pinched. [7 Letters K _ _ _ _ _ N]",Fill-in-the-Blank,kitchen,KITCHEN,Kitchen
