QUESTION_TEXT,QUESTION_TYPE,OPTION_1,OPTION_2,OPTION_3
"Were our backup plans and exit strategy sufficiently well thought out? Did we take reasonable precautions? Merciless, unforgiving guilt was also the p _ _ _ e of doing business. [5 Letters P _ _ _ _ _ E]",Fill-in-the-Blank,price,PRICE,Price
"""The Crescent pulls into Atlanta at seven-fifteen this evening and arrives in New York at one-thirty tomorrow afternoon. Atlanta is only a c _ _ _ _ e hours' drive from where you are."" He paused for an instant. [6 Letters C _ _ _ _ _ E]",Fill-in-the-Blank,couple,COUPLE,Couple
"Insurance on three million bucks, Ray said to himself as he scribbled his name. He paid c _ _ _  for six months and took the keys to 14B. [4 Letters C _ _ _ ]",Fill-in-the-Blank,cash,CASH,Cash
"""Are you sure you want to do this?"" she asked, looking around nervously. The trail was p _ _ _ h black, and in places only the asphalt beneath their feet kept them from wandering into the trees. They walked slowly, side by side, and held hands. [5 Letters P _ _ _ _ _ H]",Fill-in-the-Blank,pitch,PITCH,Pitch
She had long ago had the insight-which sometimes people did not get until much later on-that this was no dress rehearsal. You had one c _ _ _ _ e at life and you had to grab what was offered you. [6 Letters C _ _ _ _ _ E],Fill-in-the-Blank,chance,CHANCE,Chance
"The stupidity of these people, he'd been thinking as he watched them break into his system and find themselves cornered. Dominique would have been content to let them go if they hadn't gotten pushy and broken into his secret f _ _ _ s. Ms. [5 Letters F _ _ _ _ _ S]",Fill-in-the-Blank,files,FILES,Files
"Under the shadow of moondust that still blocked out more than a third of the suns rays from the surface of Earth, the s _ _ _ e of urgency flagged very little, despite the human ability to get used to anything. [5 Letters S _ _ _ _ _ E]",Fill-in-the-Blank,sense,SENSE,Sense
"""It's this thing our family does,"" he said. ""Kind of like a scavenger hunt. We visit a bunch of places and have fun."" ""What s _ _ _  of places?"" Nellie asked. [4 Letters S _ _ _ ]",Fill-in-the-Blank,sort,SORT,Sort
"She moved fast through Central, didn't notice - as Roarke did - the other cops, s _ _ _ _ _ t staff who recognized her, step aside to clear her way. [7 Letters S _ _ _ _ _ T]",Fill-in-the-Blank,support,SUPPORT,Support
"""Fallen head over heels, from the look and sound of it."" Gwen poured another cup of chocolate and brought it to Julia. ""Take your time, catch your b _ _ _ _ h."" ""This wasn't the plan, this wasn't the idea. This wasn't the agreement,"" [6 Letters B _ _ _ _ _ H]",Fill-in-the-Blank,breath,BREATH,Breath
"""It would be hard to find that one who bought it for r _ _ _ _ _ s other than law-abiding ones."" [7 Letters R _ _ _ _ _ S]",Fill-in-the-Blank,reasons,REASONS,Reasons
"""No, I'm not."" He frowned at how fragile the nape of her n _ _ _  looked under his fingers. ""I'm not going anywhere."" [4 Letters N _ _ _ ]",Fill-in-the-Blank,neck,NECK,Neck
I went to the front w _ _ _ _ w and looked outside. It was pouring. Water covered the street and sidewalk. [6 Letters W _ _ _ _ _ W],Fill-in-the-Blank,window,WINDOW,Window
I was pretty sure that I had my e _ _ _ _ _ _ s under control for the moment. That's why I wasn't prepared for something so small to tear me apart. [8 Letters E _ _ _ _ _ S],Fill-in-the-Blank,emotions,EMOTIONS,Emotions
"""I know what you're thinking, what he did to your little girl, but it isn't worth what you'd have to go through. I could tell the c _ _ _  you shot him when he tried to run. My boys would back me up. [4 Letters C _ _ _ ]",Fill-in-the-Blank,cops,COPS,Cops
"Bernardo would flirt, but he wouldn't flirt around the bodies. He didn't think freshly slaughtered bodies were sexy; it would be downright refreshing after working with serial killer boy, no m _ _ _ _ r how outrageous the flirting got. [6 Letters M _ _ _ _ _ R]",Fill-in-the-Blank,matter,MATTER,Matter
"By two o' the clock, even the cleaning w _ _ _ n were gone. It was an hour at which a party in Gilead would just have been reaching its apogee of glitter and gossip, but Gilead was far away, not just in another Barony but almost in another world. [5 Letters W _ _ _ _ _ N]",Fill-in-the-Blank,women,WOMEN,Women
"Even Jessie is keeping her distance, and we're usually pretty close. A few days ago, I was in the front seat of our car and suddenly hurled myself over the backrest and landed on t _ _  of her. [3 Letters T _ _ _ ]",Fill-in-the-Blank,top,TOP,Top
"I got enough e _ _ _ _ y together to go to him and help. He pulled a roll of black duct tape from a pouch on his belt and with sharp, jerking motions we wound the tape tightly around his wounded leg several times, layering the wound in adhesive, literally taping it closed. [6 Letters E _ _ _ _ _ Y]",Fill-in-the-Blank,energy,ENERGY,Energy
"""That's the artistic part of the b _ _ _ _ _ _ s. The finishing touches to do justice to the animal."" [8 Letters B _ _ _ _ _ S]",Fill-in-the-Blank,business,BUSINESS,Business
