QUESTION_TEXT,QUESTION_TYPE,OPTION_1,OPTION_2,OPTION_3
"CHEERS, CARTER. At least you have the s _ _ _ e to hand me the microphone for important things. [5 Letters S _ _ _ _ _ E]",Fill-in-the-Blank,sense,SENSE,Sense
"Suddenly, a memory flashed in f _ _ _ t of Khriss's eyes. She was taken away from Kezare's markets, with their bodies, scents, and motion to a place still and stagnant. A broad basin on the sands, strewn with motionless white forms. [5 Letters F _ _ _ _ _ T]",Fill-in-the-Blank,front,FRONT,Front
Thad should not expect a call from Rick tonight or attempt to make one himself; Thad's connection with Miriam Cowley's murder had been withheld from Rick 'pending developments.' Phyllis Myers had been located and was also under police p _ _ _ _ _ _ _ _ n. [10 Letters P _ _ _ _ _ N],Fill-in-the-Blank,protection,PROTECTION,Protection
"When Twist told him about Dom's and the priest's psychic demonstration - floating salt and p _ _ _ _ r shakers, levitating chairs! - nothing short of World War III could have prevented Parker from going to Monterey. [6 Letters P _ _ _ _ _ R]",Fill-in-the-Blank,pepper,PEPPER,Pepper
"Matching the wound on her other cheek, one given to her during her first f _ _ _ t with a Mistborn, nearly two years before. [5 Letters F _ _ _ _ _ T]",Fill-in-the-Blank,fight,FIGHT,Fight
"A bigger house to start, she decided. Clothes, jewels, furs, a new carriage-perhaps a small country h _ _ _ e as well. He could afford it. Reginald Harper would spare no expense for his son, even his bastard son, she was sure. [5 Letters H _ _ _ _ _ E]",Fill-in-the-Blank,house,HOUSE,House
"Frantic, Cantling rushed back to the l _ _ _ _ g room, snatched up the phone. He couldn't remember Michelle's number. He searched around, found his address book, flipped through it wildly. There, there; he punched in the numbers. [6 Letters L _ _ _ _ _ G]",Fill-in-the-Blank,living,LIVING,Living
"My phone rang seconds before midnight. It was Wiley Meek, the paper's photographer. He'd picked up the story on the p _ _ _ _ e scanner and was already hanging around the jail waiting to ambush the suspect. [6 Letters P _ _ _ _ _ E]",Fill-in-the-Blank,police,POLICE,Police
"She stopped talking and Deke gritted his teeth, holding himself back, giving her space until it looked like she'd crumble under the weight of her words taking her back where she was just a few hours earlier with that fucking g _ _ . [3 Letters G _ _ _ ]",Fill-in-the-Blank,guy,GUY,Guy
Then he dipped his new writing implement into a b _ _ _  of water and touched it to a block of solid ink. [4 Letters B _ _ _ ],Fill-in-the-Blank,bowl,BOWL,Bowl
"""We take what we wish, in your name, Lord of the Flies. In your name, we speak: Death to the weak. Wealth to the strong. The rods of our sex grow hard, our b _ _ _ d hot. Let our women burn for us. [5 Letters B _ _ _ _ _ D]",Fill-in-the-Blank,blood,BLOOD,Blood
A NDIE'S CELL p _ _ _ e buzzed. She didn't answer. She knew what it meant. [5 Letters P _ _ _ _ _ E],Fill-in-the-Blank,phone,PHONE,Phone
"Scott tried to shrug it off. The smile showed only a little. ""One must take proper care of one's guests. I'll be back late this a _ _ _ _ _ _ _ n to see how you are progressing."" He left, mumbling instructions to the nurse. [9 Letters A _ _ _ _ _ N]",Fill-in-the-Blank,afternoon,AFTERNOON,Afternoon
"""Do the other k _ _ _  know … ?"" Leo's question died as he asked it. Clearly, this place had been abandoned for decades. Cobwebs and dust covered everything. [4 Letters K _ _ _ ]",Fill-in-the-Blank,kids,KIDS,Kids
"Rushing through the b _ _ _  doors was like running into a furnace. The air was swirling with smoke, the back wall a sheet of fire ground to roof. Their horses and donkeys were kicking and rearing and screaming. [4 Letters B _ _ _ ]",Fill-in-the-Blank,barn,BARN,Barn
"When they didn't, she got up, went into the closet, turned on the l _ _ _ t, and sat crosslegged in front of the picture. [5 Letters L _ _ _ _ _ T]",Fill-in-the-Blank,light,LIGHT,Light
"But, as a hobby, it had its points. If she could just keep this particular hobby from becoming a vocation, as so many of her o _ _ _ _ s had, she'd be just fine. [6 Letters O _ _ _ _ _ S]",Fill-in-the-Blank,others,OTHERS,Others
Hillary hailed a cab a few n _ _ _ _ s later with little enthusiasm. She had al owed herself to be persuaded by Larry and June to attend a party across town in Bud Lewis's penthouse apartment. [6 Letters N _ _ _ _ _ S],Fill-in-the-Blank,nights,NIGHTS,Nights
"""I told you,"" he said and shook his head. ""I don't have the slightest i _ _ _  what you're talking about."" [4 Letters I _ _ _ ]",Fill-in-the-Blank,idea,IDEA,Idea
"""You want to quote Molly. Let me say about Molly. If bullshit was music, she'd be a brass b _ _ _ . You need the money bad, go tell Jack. Just be sure to mention groceries. He reacts to anything concerning food."" [4 Letters B _ _ _ ]",Fill-in-the-Blank,band,BAND,Band
