QUESTION_TEXT,QUESTION_TYPE,OPTION_1,OPTION_2,OPTION_3
"For the first time, Shallan realized that the large hallway had grown silent. A great n _ _ _ _ r of the soldiers and attendants were staring at her and the officer. [6 Letters N _ _ _ _ _ R]",Fill-in-the-Blank,number,NUMBER,Number
"Tragically, they also lost any chance of being forewarned about the concealed mines awaiting them on the access r _ _ _ . [4 Letters R _ _ _ ]",Fill-in-the-Blank,road,ROAD,Road
"Ryan's face changed. ""Haven't gotten much w _ _ _  done lately. I do have my computer set up. Hard to concentrate on that after a full day here-but if I don't make the time, the thing will never get done. At heart, I'm lazy,"" Ryan admitted. [4 Letters W _ _ _ ]",Fill-in-the-Blank,work,WORK,Work
"She was leaving out big chunks, he mused. Going around his desk, he opened a drawer, pulled out a c _ _ _ y bar. ""You didn't say anything about stopping for breakfast."" [5 Letters C _ _ _ _ _ Y]",Fill-in-the-Blank,candy,CANDY,Candy
"She played in a playroom at the Honey with the blackout, or if she was in a certain m _ _ _ , the silhouette blinds down, her playroom in her studio, or in that huge-ass bed in her bedroom. [4 Letters M _ _ _ ]",Fill-in-the-Blank,mood,MOOD,Mood
She poured her second cup of coffee before breaking eggs in a b _ _ _ . [4 Letters B _ _ _ ],Fill-in-the-Blank,bowl,BOWL,Bowl
"Can they actually be equipped with all the machinery, a brain, a spinal c _ _ _ , and the four apertures for the ears and eyes-equipment, Mrs. [4 Letters C _ _ _ ]",Fill-in-the-Blank,cord,CORD,Cord
"It was important to remember that she was responsible for her own actions, her own reactions and her own emotions. If she hadn't slept, it was her own p _ _ _ _ _ m. ""The lab boys should have finished at the penthouse by now."" [7 Letters P _ _ _ _ _ M]",Fill-in-the-Blank,problem,PROBLEM,Problem
"It was annoying, especially after driving by Lucy (twice) to find a p _ _ _ _ _ g spot that Darius obviously got after me and hoofing three blocks. [7 Letters P _ _ _ _ _ G]",Fill-in-the-Blank,parking,PARKING,Parking
"With what I've seen of your Dad and Mom, got no idea where you learned yours from but I got m _ _ _  from Vinnie and Theresa. [4 Letters M _ _ _ ]",Fill-in-the-Blank,mine,MINE,Mine
"""Do you?"" he asks, folding his a _ _ _ . ""Perhaps if you had continued with your therapy, this wouldn't be happening."" [4 Letters A _ _ _ ]",Fill-in-the-Blank,arms,ARMS,Arms
"Hood followed Mohalley south toward Forty-second Street, where a black State d _ _ _ _ _ _ _ _ t sedan was waiting. Mohalley and Hood slipped into the backseat. Five minutes later, they were headed through the renovated Queens-Midtown Tunnel, out of Manhattan. [10 Letters D _ _ _ _ _ T]",Fill-in-the-Blank,department,DEPARTMENT,Department
But it's a lot worse than tearing the DO NOT REMOVE UNDER PENALTY OF LAW tag from the cushions of your new sofa. It's bad. Bad. I don't endorse my own a _ _ _ _ _ s. [7 Letters A _ _ _ _ _ S],Fill-in-the-Blank,actions,ACTIONS,Actions
"I don't take any shit from you kids. I don't have to. This place is for working guys that got to keep their cars running so they can put b _ _ _ d on the table, not for rich college kids who want to go out dragging on the Orange Belt. [5 Letters B _ _ _ _ _ D]",Fill-in-the-Blank,bread,BREAD,Bread
"""Look, there's a small d _ _ _  road off Highway 17 that leads to a small clearing in the woods. The car is big and black, and the dead man is lying on it. If you can't find it, well, tough luck. Bye."" [4 Letters D _ _ _ ]",Fill-in-the-Blank,dirt,DIRT,Dirt
"I need it analyzed yet, but I'm betting it's no black market knockoff. They think the cop's going to step into that scene and gobble all that s _ _ _  right up, then go eat a fricking doughnut."" [4 Letters S _ _ _ ]",Fill-in-the-Blank,shit,SHIT,Shit
"""The tallest spires get struck by lightning, Professor. That's why they put lightning rods there. I don't want to become a lightning r _ _ ."" [3 Letters R _ _ _ ]",Fill-in-the-Blank,rod,ROD,Rod
"Strings of blood swam in the water like exotic fish. The man who was bolted to the floor of the tank was blue around the lips, his single e _ _  open and staring. [3 Letters E _ _ _ ]",Fill-in-the-Blank,eye,EYE,Eye
"By Halloween, every major city from New York to Moscow stank to the empty heavens and the w _ _ _ d as it had been was a memory. [5 Letters W _ _ _ _ _ D]",Fill-in-the-Blank,world,WORLD,World
"She lifted her eyes to him. ""Come on, Hix. Don't shut me down like that. This isn't Indianapolis. But it is the juiciest p _ _ _ e of news Glossop has had in near on two centuries."" [5 Letters P _ _ _ _ _ E]",Fill-in-the-Blank,piece,PIECE,Piece
