QUESTION_TEXT,QUESTION_TYPE,OPTION_1,OPTION_2,OPTION_3
"The carving knife impaled her just below the breastbone. She grunted through a mouthful of b _ _ _ d, raised the cleaver, and brought it down. It buried itself in the top of Wilma Jerzyck's head with a single dull sound-chonk! [5 Letters B _ _ _ _ _ D]",Fill-in-the-Blank,blood,BLOOD,Blood
"Peter could barely concentrate on the conversation. But he had to. The boat, the trip, everything . . . he had to listen to Katherine, give her the p _ _  talk she so desperately needed. [3 Letters P _ _ _ ]",Fill-in-the-Blank,pep,PEP,Pep
"""George, if you can control your stutter, I'd be glad to have you. You're well prepped for every practice and you're good at the background s _ _ _ f, which means you're rarely surprised. But all that doesn't mean much if you can't control that-"" [5 Letters S _ _ _ _ _ F]",Fill-in-the-Blank,stuff,STUFF,Stuff
"""Sir Knight, she struck Guardswoman Goodwin,"" I said, wondering if I should talk slow, like a p _ _ _ _ n did with the simple and the young. ""With a knife. Not the sharp end, but it might've been. Orva couldn't be let get away with it, sir."" [6 Letters P _ _ _ _ _ N]",Fill-in-the-Blank,person,PERSON,Person
"He was closing the office door behind him when he heard footsteps on the stairs. Jay pressed himself against a w _ _ _  and waited. A moment later, a slender man with a pencil-thin mustache stepped into the hall. [4 Letters W _ _ _ ]",Fill-in-the-Blank,wall,WALL,Wall
"""Fat chance,"" said Fric. ""It'll go on for weeks, big s _ _ _ y about the little prince of Hollywood and the nut case who almost got me."" [5 Letters S _ _ _ _ _ Y]",Fill-in-the-Blank,story,STORY,Story
"""Life signs are the same. I cannot see what happened above, but it is the same s _ _ _ , with the same pilot. It's him."" [4 Letters S _ _ _ ]",Fill-in-the-Blank,ship,SHIP,Ship
"His wife Angie is even more of a piece of w _ _ _ , though. I found out recently that shes seeing OBannon. So are some of the other wives. I even saw Deb Riner there. [4 Letters W _ _ _ ]",Fill-in-the-Blank,work,WORK,Work
"Richard was in front of me shirtless, in a pair of jeans so faded they had white patches here and there, as if there'd been some s _ _ _  of bleach accident. Richard threw out jeans when they looked like that. He was barefoot, too. [4 Letters S _ _ _ ]",Fill-in-the-Blank,sort,SORT,Sort
"""That's not something I've had much p _ _ _ _ _ _ e in,"" Tavi said. [8 Letters P _ _ _ _ _ E]",Fill-in-the-Blank,practice,PRACTICE,Practice
"""If I hadn't followed orders, I would have been dead."" Dussander was breathing hard, his upper body rocking back and forth in the chair, making the springs squeak. A little c _ _ _ d of liquor-smell hung around him. [5 Letters C _ _ _ _ _ D]",Fill-in-the-Blank,cloud,CLOUD,Cloud
The grinning man looked at the g _ _  barrel and then at the blade. 'Well?' asked the man. [3 Letters G _ _ _ ],Fill-in-the-Blank,gun,GUN,Gun
"He rolled to his feet and darted to the left. The big d _ _  couldn't turn fast enough and skidded past where he'd landed. Benny fled across the yard, tucking his back legs under his front in his desperation to go faster. [3 Letters D _ _ _ ]",Fill-in-the-Blank,dog,DOG,Dog
"A c _ _ _ k ticked on the wall above the stove. I heard Norma Johnson's breath quicken, and I saw that Conklin's face was blanched. [5 Letters C _ _ _ _ _ K]",Fill-in-the-Blank,clock,CLOCK,Clock
"Ridiculous, he told himself as he continued to stare at her. Absolutely and completely ridiculous. Whatever he was feeling, it couldn't be love-not the kind of l _ _ _  that caused men to make foolish and life-altering decisions. [4 Letters L _ _ _ ]",Fill-in-the-Blank,love,LOVE,Love
And I didn't tell you that about Bodhi and Heather to make you think I'm on a crusade to shut down drug d _ _ _ _ _ s or any kinds of other scum. [7 Letters D _ _ _ _ _ S],Fill-in-the-Blank,dealers,DEALERS,Dealers
"Didn't do no good t _ _ _ _ _ _ g about the outriders, though. Deaver'd been four years on the waiting list, just for the right to apply. [8 Letters T _ _ _ _ _ G]",Fill-in-the-Blank,thinking,THINKING,Thinking
"Here's one more secret, just so you know we're friends: Jeanne Galletta is not going to be my girlfriend by the end of this story. I'm not saying that because I don't have c _ _ _ _ _ _ _ _ e or something. [10 Letters C _ _ _ _ _ E]",Fill-in-the-Blank,confidence,CONFIDENCE,Confidence
"The police officer cringed and slid down behind the dashboard as the car slowed, and then he saw the f _ _ _ h, a sun-white tongue of flame that reached directly at him. [5 Letters F _ _ _ _ _ H]",Fill-in-the-Blank,flash,FLASH,Flash
"""Why shouldn't he be?"" Her v _ _ _ e rose as she whirled and searched for temper to cover the hurt. ""He should've been able to trust me. I lied to him, right to his face."" [5 Letters V _ _ _ _ _ E]",Fill-in-the-Blank,voice,VOICE,Voice
