QUESTION_TEXT,QUESTION_TYPE,OPTION_1,OPTION_2,OPTION_3
"I only visited Jane, over the past c _ _ _ _ e of years. Before she went into the hospital. I think, Jack Burns said heavily and unfairly, this is one mystery the police department can handle, Miss Teagarden. [6 Letters C _ _ _ _ _ E]",Fill-in-the-Blank,couple,COUPLE,Couple
"A f _ _ _  truck arrived in ten minutes, along with someone from the Department of Recreation and Parks, trailering a boat behind his pickup. This was quickly put into the water. [4 Letters F _ _ _ ]",Fill-in-the-Blank,fire,FIRE,Fire
"""We'll keep it in m _ _ _ ."" Deanna jotted down notes. Among them was a warning to be flexible over colors. ""I think the point here is that wedding preparations are stressful, and there are ways of lessening the tension. [4 Letters M _ _ _ ]",Fill-in-the-Blank,mind,MIND,Mind
"""It is,"" he said. His v _ _ _ e was so careful. He gave me nothing. I couldn't tell if he was angry or amused or gave a damn either way. [5 Letters V _ _ _ _ _ E]",Fill-in-the-Blank,voice,VOICE,Voice
"He wrapped the c _ _ _ n of his pendant into his hand and held it close, but as usual I couldn't get a good feel for his emotional state. Reverence? Pain? Worry? [5 Letters C _ _ _ _ _ N]",Fill-in-the-Blank,chain,CHAIN,Chain
"It was hard to blame her for chattering. For the crew it was a time to hold onto their hats and wait to be useful. So far StarRacer hadn't taken a substantial hit, so there was no d _ _ _ _ e to repair. [6 Letters D _ _ _ _ _ E]",Fill-in-the-Blank,damage,DAMAGE,Damage
"He pressed his feet tight to the floor and gripped the lap bar behind him as if he were trying to fuse his flesh with the steel, because it felt as if he would fall out, straight down onto the section of the track that had led them into the loop, to crack his s _ _ _ l open on the rails below. [5 Letters S _ _ _ _ _ L]",Fill-in-the-Blank,skull,SKULL,Skull
"A dozen different potential disasters raced through her mind. What else could happen on this broken night, when shadows stood up and her f _ _ _ _ r looked upon her with suspicion? Nerves stretched thin, she reached the steps and started climbing. [6 Letters F _ _ _ _ _ R]",Fill-in-the-Blank,father,FATHER,Father
"""Will you have your witness at the loft work with Yancy or another p _ _ _ _ e artist?"" [6 Letters P _ _ _ _ _ E]",Fill-in-the-Blank,police,POLICE,Police
"She still had the knife. And now that she was in the killer's domain without his knowledge, she had regained the precious e _ _ _ _ _ t of surprise. [7 Letters E _ _ _ _ _ T]",Fill-in-the-Blank,element,ELEMENT,Element
"Two other w _ _ _ n, standing a little apart, wore wide, divided skirts that came well short of their ankles, and panels embroidered with forked lightning bolts on their bosoms and skirts. [5 Letters W _ _ _ _ _ N]",Fill-in-the-Blank,women,WOMEN,Women
"She stared at him, then let out a h _ _ _  laugh. ""I suppose you're right. I don't want to stay that way. I'm almost thirty, how much can I change?"" [4 Letters H _ _ _ ]",Fill-in-the-Blank,half,HALF,Half
"Willy paused to watch the beginning of the spiel, fully expecting to hear something about rug shampoos or burglar alarms, when all of a sudden Santa uttered the w _ _ _ s that would change his destiny. [5 Letters W _ _ _ _ _ S]",Fill-in-the-Blank,words,WORDS,Words
"""Then another twelve hours won't make much d _ _ _ _ _ _ _ _ e,"" Brown said inexorably. [10 Letters D _ _ _ _ _ E]",Fill-in-the-Blank,difference,DIFFERENCE,Difference
"The girl she'd once been wouldn't have been able to indulge herself only once. She wouldn't have been able to sprawl comfortably on the floor and talk about so many wonderful and foolish things, or to feel a p _ _ _  of the whole. [4 Letters P _ _ _ ]",Fill-in-the-Blank,part,PART,Part
"Only the north wall of the estate abutted public property. This long rampart, including the gate, was under surveillance by cameras mounted in the trees on the land directly across the s _ _ _ _ t, a parcel also owned by Channing Manheim. [6 Letters S _ _ _ _ _ T]",Fill-in-the-Blank,street,STREET,Street
"Misery made a h _ _ _  in his flesh as he scrambled back to his feet. Gryl tasted blood and humiliation on his tongue, and he wondered if it would be the last thing it would taste before Rathe clawed it from his mouth to hang morosely about the slaver's neck. [4 Letters H _ _ _ ]",Fill-in-the-Blank,home,HOME,Home
"We passed Vic's Redneck Roadhouse on the way to the new dance c _ _ _ , and even from the interstate I could see that the parking lot was packed. ""Crap,"" I said. ""There sits all of Merlotte's business. What do they have that we haven't got?"" [4 Letters C _ _ _ ]",Fill-in-the-Blank,club,CLUB,Club
"This night, a revolution of a different type was occurring. She could hear it. She had her tin burning, and she forced herself to flare it, opening her ears. She heard the s _ _ _ _ _ s. The death. [7 Letters S _ _ _ _ _ S]",Fill-in-the-Blank,screams,SCREAMS,Screams
"As soon as the operations began, the special o _ _ _ _ _ _ _ s realized that their aerial and satellite intelligence photos-used by the Air Force for their earlier attacks-in many cases missed the desert roads the Scud transports were actually using. [9 Letters O _ _ _ _ _ S]",Fill-in-the-Blank,operators,OPERATORS,Operators
