QUESTION_TEXT,QUESTION_TYPE,OPTION_1,OPTION_2,OPTION_3
"Max's a _ _  dropped across my lap, his hand at my hip and he stated, ""You scared the fuckin' shit outta me."" [3 Letters A _ _ _ ]",Fill-in-the-Blank,arm,ARM,Arm
But she was certain the fellow had no i _ _ _  how she had gotten hold of his sword. [4 Letters I _ _ _ ],Fill-in-the-Blank,idea,IDEA,Idea
"Sometimes you see such hurt, such loneliness in another feyï¿½s eyes that you must do something, anything, to chase that look away. Sometimes sex isnï¿½t even about sex among us. Sometimes itï¿½s just the last r _ _ _ _ t for making someone smile. ï¿½ [6 Letters R _ _ _ _ _ T]",Fill-in-the-Blank,resort,RESORT,Resort
"""We are forever."" It swiped a bloody hand over the cheek of a woman who sat reading a paperback n _ _ _ l. Even while red stained her cheek, the woman turned the page and continued to read. [5 Letters N _ _ _ _ _ L]",Fill-in-the-Blank,novel,NOVEL,Novel
"""That's right, take a l _ _ _  off, though it's gotta be easier with four than two,"" Gold said. ""Where was I?"" [4 Letters L _ _ _ ]",Fill-in-the-Blank,load,LOAD,Load
"Mallory's hands trembled. She clicked the bracelet open, set it on the drink holder between the front seats. She rubbed at the pale s _ _ _  of her wrist. [4 Letters S _ _ _ ]",Fill-in-the-Blank,skin,SKIN,Skin
"So they had bailed out of a perfectly good C-130 and had made a hair-raising high-altitude, low-opening (HALO) insertion into the mountains just w _ _ _  of a town called Miranshah, where for the last three years the Taliban had established several bases of operations, including public offices--an act that had continually outraged the locals. [4 Letters W _ _ _ ]",Fill-in-the-Blank,west,WEST,West
"At the moment she was certain he wouldn't understand her twinge of envy. Perhaps no one would but another med student. Still, in a few months she wouldn't be able to leave the h _ _ _ _ _ _ l on her own whim. [8 Letters H _ _ _ _ _ L]",Fill-in-the-Blank,hospital,HOSPITAL,Hospital
"""Sure. Do you want to put your c _ _  back on and play? Or do you want to wind up an old maid wandering around your house in the rotting remains of a wedding dress and thirty yards of bubble wrap, plotting heartlessly against some kid named Pip?"" [3 Letters C _ _ _ ]",Fill-in-the-Blank,cap,CAP,Cap
"I'm taking Rhonda's car and Jerra, me and the kids are going to the mall to get No's birthday presents. Back in time to dress up and go out to d _ _ _ _ r. We're all meeting here."" [6 Letters D _ _ _ _ _ R]",Fill-in-the-Blank,dinner,DINNER,Dinner
"Now Callahan stepped forward and pressed his f _ _ _ _ _ s against the springiness of her left breast. ""Here,"" he said. ""The heart."" [7 Letters F _ _ _ _ _ S]",Fill-in-the-Blank,fingers,FINGERS,Fingers
"""I feel like I'm not in control."" It was a f _ _ _ _ _ g he remembered too well from his Jack Daniel's days and one he didn't care for. ""Something's going on, and I need to…"" [7 Letters F _ _ _ _ _ G]",Fill-in-the-Blank,feeling,FEELING,Feeling
"The castleton outside the walls had been burned to ash and blackened stone, and many men and h _ _ _ _ s had recently encamped beside the lakeshore, where Lord Whent had staged his great tourney in the year of the false spring. [6 Letters H _ _ _ _ _ S]",Fill-in-the-Blank,horses,HORSES,Horses
"The number of our dead-tell me, President Roosevelt, will it be merely doubled or tripled or will it perhaps be quadrupled? Tell me, Mr. President, what s _ _ _  of America will the massive slaughter of innocent American boys leave in its wake? [4 Letters S _ _ _ ]",Fill-in-the-Blank,sort,SORT,Sort
"Marcone smiled with just his mouth. ""How colorful."" He looked out the window and said, ""My people tell me there are only three trains leaving Chicago for St. Louis this evening. Two f _ _ _ _ _ t trains and a passenger train."" [7 Letters F _ _ _ _ _ T]",Fill-in-the-Blank,freight,FREIGHT,Freight
I can ill afford for word to get out that my most powerful w _ _ _ _ n of fear is missing. [6 Letters W _ _ _ _ _ N],Fill-in-the-Blank,weapon,WEAPON,Weapon
"And beside and below, set only inches off the s _ _ _ e floor, were tracks of bright metal. What might have run on those tracks at one time? [5 Letters S _ _ _ _ _ E]",Fill-in-the-Blank,stone,STONE,Stone
"""Yeah."" Manta looked out into the d _ _ _ _ _ _ s, and then after a moment said, ""She said you'd felt this way. . . ."" [8 Letters D _ _ _ _ _ S]",Fill-in-the-Blank,darkness,DARKNESS,Darkness
"Then her vision cleared in her left e _ _ . Realizing that these walls were formed of trash and bundled publications, she knew where she must be. Not Hell. Inside the Teelroy house. [3 Letters E _ _ _ ]",Fill-in-the-Blank,eye,EYE,Eye
"""I could use some fresh a _ _ ,"" Gus said, getting to his feet. ""Too much food."" [3 Letters A _ _ _ ]",Fill-in-the-Blank,air,AIR,Air
