QUESTION_TEXT,QUESTION_TYPE,OPTION_1,OPTION_2,OPTION_3
"Suttree hugged himself and swore. An icy wind was singing in the cracks. He fetched the lamp from the table, removed the chimney and unscrewed the brass wickpiece and emptied the l _ _ _  oil into the stove. A white smoke rose. [4 Letters L _ _ _ ]",Fill-in-the-Blank,lamp,LAMP,Lamp
"They were all hard at w _ _ _ , taking functional parts from the other ships to transform one of them into an operational starship. [4 Letters W _ _ _ ]",Fill-in-the-Blank,work,WORK,Work
"""Seems sunny enough to me today,"" the boy said as he came to the t _ _  of the hill. ""And I found a lovely secret by the roadside. Something I thought you might be interested in."" [3 Letters T _ _ _ ]",Fill-in-the-Blank,top,TOP,Top
"Midway through the third Budweiser, I got the n _ _ _ e to ask him how he managed to handle the pressure ... not knowing who was going to make the first flight. [5 Letters N _ _ _ _ _ E]",Fill-in-the-Blank,nerve,NERVE,Nerve
"I put the gun on the desk with my hand sort of caressing it. Not exactly holding it, but touching it. ""I wanted to have the g _ _  naked on the desk when you came through the door. Asher talked me out of it."" [3 Letters G _ _ _ ]",Fill-in-the-Blank,gun,GUN,Gun
"""Thank you. Mrs. Mimoto, I'd like to go over with you what we need you to do, and say, where officers will be posted. Your safety is the first p _ _ _ _ _ _ y."" [8 Letters P _ _ _ _ _ Y]",Fill-in-the-Blank,priority,PRIORITY,Priority
"I raise my v _ _ _ e to outspeak the sea. ""Who's there?"" [5 Letters V _ _ _ _ _ E]",Fill-in-the-Blank,voice,VOICE,Voice
"On the fourth of October, when the Series returned to the Bronx, Don Larsen blanked Milwaukee four-zip, with relief help from Ryne Duren, who had no idea where the ball was going once it left his hand, and consequently scared the living s _ _ _  out of the batters who had to face him. [4 Letters S _ _ _ ]",Fill-in-the-Blank,shit,SHIT,Shit
Tansy brought her things in. She had a s _ _ _ _ g bag of food that she served out. She'd remembered my love for fruited honey cake. I watched as it vanished between the young ones and Tunstall. [6 Letters S _ _ _ _ _ G],Fill-in-the-Blank,string,STRING,String
"Here's my home n _ _ _ _ r, and my cell phone number, and my work number. You put these somewhere she won't find them. You must know she goes through your things when you're not there."" [6 Letters N _ _ _ _ _ R]",Fill-in-the-Blank,number,NUMBER,Number
"I thanked her again and went in search of Wireman. I found him in a far c _ _ _ _ r of the caff, sitting in front of a paper cup about the size of a World War II mortar shell. [6 Letters C _ _ _ _ _ R]",Fill-in-the-Blank,corner,CORNER,Corner
"I saw a quick flash of Chop-It-Off-Chucky. He was off to our extreme right. He was sprinting across a connecting rooftop and was already about thirty yards away. I saw him grab a quick, worried l _ _ _  back over his shoulder. [4 Letters L _ _ _ ]",Fill-in-the-Blank,look,LOOK,Look
"Lady Teodorie, with all her manners and elegance, could not match him for b _ _ _ _ y and grace. [6 Letters B _ _ _ _ _ Y]",Fill-in-the-Blank,beauty,BEAUTY,Beauty
"He ran forward and grabbed Nightblood's hilt and pulled the s _ _ _ d free, leaving the sheath behind in the body. [5 Letters S _ _ _ _ _ D]",Fill-in-the-Blank,sword,SWORD,Sword
"The k _ _  said, ""Then what if…what if she dies there?"" [3 Letters K _ _ _ ]",Fill-in-the-Blank,kid,KID,Kid
"Sarai pulled away, laughing now. ""Yes, I suppose so,"" said Sarai. ""After that little s _ _ _ e, you don't suppose he still wants to marry me, do you?"" [5 Letters S _ _ _ _ _ E]",Fill-in-the-Blank,scene,SCENE,Scene
Vera's hand went to her t _ _ _ _ t and Rocky went solid beside him. [6 Letters T _ _ _ _ _ T],Fill-in-the-Blank,throat,THROAT,Throat
"Close up, Macdonald tried to focus on John Sampson from Norfolk, Virginia. Then on the island police c _ _ _ f. [5 Letters C _ _ _ _ _ F]",Fill-in-the-Blank,chief,CHIEF,Chief
"Eventually, I wrote a few b _ _ _ s I liked as well as Watchers; but to date, as I compose this essay, I can't honestly say I've written one that I like better. I remain confident that day will come. [5 Letters B _ _ _ _ _ S]",Fill-in-the-Blank,books,BOOKS,Books
"The gilded banister that ringed the second floor was sparkling with fairy l _ _ _ _ s. Vases and decorative urns were filled with fall flowers and hothouse roses, culled from the Templeton gardens and greenhouse and elegantly arranged by her mother. [6 Letters L _ _ _ _ _ S]",Fill-in-the-Blank,lights,LIGHTS,Lights
