QUESTION_TEXT,QUESTION_TYPE,OPTION_1,OPTION_2,OPTION_3
"""Excellent. We're sure who he is, and now we got him,"" cried Andreas, slamming a fist into his palm. ""Officer of the Deck, come right to three-four-one, make your d _ _ _ h eighteen hundred feet, speed four knots. [5 Letters D _ _ _ _ _ H]",Fill-in-the-Blank,depth,DEPTH,Depth
Prince couldn't argue with the logic. He picked up the p _ _ _ e and pushed a single button. Chukov didn't answer until the fourth ring. [5 Letters P _ _ _ _ _ E],Fill-in-the-Blank,phone,PHONE,Phone
"""Are you gonna walk out to that g _ _  wearing that dress?"" he asked back. [3 Letters G _ _ _ ]",Fill-in-the-Blank,guy,GUY,Guy
"""Go tell your mother she wants you, kid,"" the first c _ _  said curtly. [3 Letters C _ _ _ ]",Fill-in-the-Blank,cop,COP,Cop
"-Ripley glanced at the c _ _ _ _ _ l console and quickly tapped two switches that would cycle open the outer doors to Isolation Rooms One and Three, which at the moment contained no prisoners. [7 Letters C _ _ _ _ _ L]",Fill-in-the-Blank,control,CONTROL,Control
"He could see the figures in their soaking-wet clothes wavering before him in the sparkling, clear blue w _ _ _ r. His eyes were pinned wide open. [5 Letters W _ _ _ _ _ R]",Fill-in-the-Blank,water,WATER,Water
A small p _ _ _ _ e of milk oozed across the floor from where she stood to a spot near the middle of the room that must have had a little bit of a dip to it. [6 Letters P _ _ _ _ _ E],Fill-in-the-Blank,puddle,PUDDLE,Puddle
"If Krane Chemical lost, it would appeal with a vengeance, and the cornerstone of its appeal would be the obvious bias of the Honorable Thomas Alsobrook Harrison IV, a former t _ _ _ l lawyer with a proven dislike for all big corporations in general and, now, Krane Chemical in particular. [5 Letters T _ _ _ _ _ L]",Fill-in-the-Blank,trial,TRIAL,Trial
"Furthermore, Brittina Dowd was an intellectual snob who peppered her speech with academic jargon more impenetrable than the lab-speak of microbiologists. If the young womans emaciation didnt convince the movie s _ _ _  of her intellectual credentials, her big words would. [4 Letters S _ _ _ ]",Fill-in-the-Blank,star,STAR,Star
"Mendan settled into a crouch, watching her with startlingly blue eyes. One of them stayed with her no matter what she said. A strip of red c _ _ _ h was tied around Mendan's temples and marked with the ancient symbol of Aes Sedai. [5 Letters C _ _ _ _ _ H]",Fill-in-the-Blank,cloth,CLOTH,Cloth
"""Stick with her,"" Eve repeated. ""Get their New York address. Let's arrange for them to be taken back so she can get a full check at a health c _ _ _ _ r, and I want a watch on them."" She glanced back. [6 Letters C _ _ _ _ _ R]",Fill-in-the-Blank,center,CENTER,Center
"""Listen to you, 'a cap busted in his ass'. You're cute,"" S _ _ _ _ _ _ n said. ""I can see why Luke likes you, outside of the fact you got a great ass that is. Luke strikes me as an ass man."" [8 Letters S _ _ _ _ _ N]",Fill-in-the-Blank,shirleen,SHIRLEEN,Shirleen
"Nummy didn't believe a word of it. Monsters were m _ _ _ _ _ _ s, they always did what monsters did, always disgusting, never anything nice, which was why Nummy wouldn't watch their movies. [8 Letters M _ _ _ _ _ S]",Fill-in-the-Blank,monsters,MONSTERS,Monsters
"At least Harruck hadn't been a total f _ _ _  about that. And for all intents and purposes, he could have those minesweepers check the area where Kundi had refused to drill . . . but he wouldn't . . . [4 Letters F _ _ _ ]",Fill-in-the-Blank,fool,FOOL,Fool
"It touched on women's liberation several decades before it became a h _ _ _ _ _ _ _ d word. Got a match?"" [9 Letters H _ _ _ _ _ D]",Fill-in-the-Blank,household,HOUSEHOLD,Household
"The gang w _ _  seemed to be proceeding nicely. They scoped Shad out, offered him procaine cut with baby laxative, were ignored. [3 Letters W _ _ _ ]",Fill-in-the-Blank,war,WAR,War
"Thomas's phone rang four t _ _ _ s before the connection opened. There was a moment of silence. Then Thomas spoke, his voice raw and ragged. ""Harry?"" [5 Letters T _ _ _ _ _ S]",Fill-in-the-Blank,times,TIMES,Times
"Stripped down to a sweaty T-shirt and old jeans, he hauled out h _ _  bales for the dairy stock. The black-and-white cows lumbered for the trough, wide, sturdy bodies bumping, tails swishing. [3 Letters H _ _ _ ]",Fill-in-the-Blank,hay,HAY,Hay
"She took a drink and then opened her m _ _ _ h wide and breathed out like something burned her tongue. Her expression was so preposterous, it almost made Douglas smile. [5 Letters M _ _ _ _ _ H]",Fill-in-the-Blank,mouth,MOUTH,Mouth
"After she left, Bes, Carter and I ordered more food from room service. We sat on the d _ _ _  and watched the afternoon go by. The breeze from the Mediterranean was cool and pleasant. [4 Letters D _ _ _ ]",Fill-in-the-Blank,deck,DECK,Deck
