QUESTION_TEXT,QUESTION_TYPE,OPTION_1,OPTION_2,OPTION_3
MACV hoped that all this would somehow win over the hearts and minds of large n _ _ _ _ _ s of rural Vietnamese. [7 Letters N _ _ _ _ _ S],Fill-in-the-Blank,numbers,NUMBERS,Numbers
"He had raised his voice, and the pretty brunette glanced over with a worried l _ _ _ . [4 Letters L _ _ _ ]",Fill-in-the-Blank,look,LOOK,Look
"Her final load took Megan back to her own bedroom. She glanced from her watch to the computer-link couch. Then, dumping her fresh clothes on her bed, she sank back against the upholstery of the couch, synching in, giving o _ _ _ _ s to her computer. [6 Letters O _ _ _ _ _ S]",Fill-in-the-Blank,orders,ORDERS,Orders
This was a mistake. I knew it when I felt the air in the room get heavy; I felt Tor's b _ _ _  tense and peered around Tor to see King Ludlum's face was hard as granite. [4 Letters B _ _ _ ],Fill-in-the-Blank,body,BODY,Body
"""Relax, Rennie. Count to ten. Remember your heart."" Rusty paused. ""On second t _ _ _ _ _ t, fuck your heart. After the mess you left behind, and the one you're making now, fuck your heart. There were marks all over Coggins's face and head. [7 Letters T _ _ _ _ _ T]",Fill-in-the-Blank,thought,THOUGHT,Thought
"I found a plastic t _ _ _  and piled it with eggs and rolls. I took two cups and a full can of orange juice. I even grabbed three bananas from the kitchen, where the nuns kept fresh fruit for special occasions or delicate situations. [4 Letters T _ _ _ ]",Fill-in-the-Blank,tray,TRAY,Tray
He was an illusion. Maybe even part of a d _ _ _ m. Maybe her coming to the bathroom was really just another part of her nightmare. [5 Letters D _ _ _ _ _ M],Fill-in-the-Blank,dream,DREAM,Dream
"Two Maladons were lifted off their feet, flung a hundred feet through the a _ _  and smashed into trees, where they fell down, crumpled and quite dead. [3 Letters A _ _ _ ]",Fill-in-the-Blank,air,AIR,Air
"If he really lost his temper, she might have t _ _ _ _ _ e, but she thought he was desperate, not angry-though with a wolf, the two states could be interchanged with remarkable speed. ""Rude people get sent on their way."" [7 Letters T _ _ _ _ _ E]",Fill-in-the-Blank,trouble,TROUBLE,Trouble
"Bones crunched beneath his feet when he reached the bottom, the remains of jungle animals who had wandered into the cave in s _ _ _ _ h of food and had apparently not paid enough attention to the path ahead. [6 Letters S _ _ _ _ _ H]",Fill-in-the-Blank,search,SEARCH,Search
"She looked puzzled. ""Why would they get this lady to tell an obvious lie? They had to know you would track her down, find out the t _ _ _ h. They would have had to kill her and her husband anyway to shut them up."" [5 Letters T _ _ _ _ _ H]",Fill-in-the-Blank,truth,TRUTH,Truth
"They lay on the beach, dodging the sun, hiding behind dark s _ _ _ _ s, watching the tourists come and go. [6 Letters S _ _ _ _ _ S]",Fill-in-the-Blank,shades,SHADES,Shades
"""I need a favor."" Oh, no, this was not happening.… He said, ""Can I stay with you? Just a c _ _ _ _ e of nights."" [6 Letters C _ _ _ _ _ E]",Fill-in-the-Blank,couple,COUPLE,Couple
"""Junior. She might be a great lay. She might be somebody who rings your chimes, but there are other women in the world, women who can't send us to the death c _ _ _ _ _ r. [7 Letters C _ _ _ _ _ R]",Fill-in-the-Blank,chamber,CHAMBER,Chamber
"""There's a silver l _ _ _ _ g. Brody, I had lost time before. And memory lapses. Not in more than a year-or, ha ha, not that I can remember- but I experienced both."" [6 Letters L _ _ _ _ _ G]",Fill-in-the-Blank,lining,LINING,Lining
"""Sorry,"" she murmured, automatically turning toward the small bar she had arranged on a drop l _ _ _  table in a corner. She reached for the vodka and poured. ""Donald?"" [4 Letters L _ _ _ ]",Fill-in-the-Blank,leaf,LEAF,Leaf
"I felt my brows knit. ""You just went back to s _ _ _ p?"" [5 Letters S _ _ _ _ _ P]",Fill-in-the-Blank,sleep,SLEEP,Sleep
He saw the shadow of her head nod then she got up and he watched her w _ _ _  up the stairs and turn right. [4 Letters W _ _ _ ],Fill-in-the-Blank,walk,WALK,Walk
"She remembered the f _ _ _  of it, the strength of it, and her gaze lifted and locked with his. They stood there a moment with the sky darkening around them. Then he hauled her up. [4 Letters F _ _ _ ]",Fill-in-the-Blank,feel,FEEL,Feel
"Sometimes when Violet isn't paying a _ _ _ _ _ _ _ n she stumbles onto these cracks, like the time when, instead of putting her left heel forward, she stepped back and folded her legs in order to sit in the street. [9 Letters A _ _ _ _ _ N]",Fill-in-the-Blank,attention,ATTENTION,Attention
