QUESTION_TEXT,QUESTION_TYPE,OPTION_1,OPTION_2,OPTION_3
"She had to use the side m _ _ _ _ _ s instead of the rearview. Though most of the tailgate window was intact, the safety glass was webbed with thousands of tiny cracks that left it translucent and useless. [7 Letters M _ _ _ _ _ S]",Fill-in-the-Blank,mirrors,MIRRORS,Mirrors
"Amara found herself at Bernard's side, unarmed and far too weary to take to the a _ _ . She felt his hand fumbling for hers, as the Immortals came for them, and she interlaced her fingers with his, squeezing tight. [3 Letters A _ _ _ ]",Fill-in-the-Blank,air,AIR,Air
The wolf's fur was speckled with d _ _ _ s of blood that had beaded on it like rain. The gravel in the alley shone in the half-light from the distant street lamps. [5 Letters D _ _ _ _ _ S],Fill-in-the-Blank,drops,DROPS,Drops
This second g _ _ _ p is called the control group. It is the control group which enables the scientist to gauge the effect of his experiment. To judge the significance of what has occurred. In history there are no control groups. [5 Letters G _ _ _ _ _ P],Fill-in-the-Blank,group,GROUP,Group
"Have you ever seen anything like that before? she asked, but not in a v _ _ _ e low enough to suit me. [5 Letters V _ _ _ _ _ E]",Fill-in-the-Blank,voice,VOICE,Voice
"Willy was dead, and who knew if dead people didn't grow bitter and nasty after they had been dead for a w _ _ _ e? Then again, maybe it hadn't been Willy at all. [5 Letters W _ _ _ _ _ E]",Fill-in-the-Blank,while,WHILE,While
"No regrets, though. I never lost s _ _ _ t of the good I was doing. But like I said, it's ironic. It took all of this to happen before I could really appreciate something as simple as a sunset. [5 Letters S _ _ _ _ _ T]",Fill-in-the-Blank,sight,SIGHT,Sight
"In the main square of Ambala it was hot as hell. The seat of the Maharajah of Haryana was practically in the Himalayan foothills, but it was still about 103 in the late-morning, and the h _ _ _  hit the pavement and bounced up into your face and stomach like medicine balls. [4 Letters H _ _ _ ]",Fill-in-the-Blank,heat,HEAT,Heat
"Aly suspected that everyone felt tension in the air, even if they didn't know the r _ _ _ _ n for it. [6 Letters R _ _ _ _ _ N]",Fill-in-the-Blank,reason,REASON,Reason
"A minute earlier, network anchors had come on to tell people what they already knew. Their evening T _  shows would be put back a time for a presidential address. [2 Letters T _ _ _ ]",Fill-in-the-Blank,tv,TV,Tv
"""Nothing conclusive about science."" Dolan made a f _ _ _ , then jabbed out with his index finger as if shooting a gun. ""Changes its mind all the time. Hell, you scientists can't make up your mind when you figure the world began. [4 Letters F _ _ _ ]",Fill-in-the-Blank,fist,FIST,Fist
"We went down what looked like a servant's narrow spiral staircase, down into the basement. She led me to the back of a storage room and pushed open a heavy, steel door there that opened onto a small, stark chamber, all of concrete, with no other e _ _ _ s. [5 Letters E _ _ _ _ _ S]",Fill-in-the-Blank,exits,EXITS,Exits
"an ear inside his head: it kept hearing that ka-spanggg sound; an eye inside his head: it kept seeing Victor's head rising on the end of that spring, eyelids and c _ _ _ _ s and forehead tattooed with rosettes of blood. [6 Letters C _ _ _ _ _ S]",Fill-in-the-Blank,cheeks,CHEEKS,Cheeks
"The slot in his helm limited Tyrion's vision to what was before him, but when he turned his head he saw three galleys beached on the tourney g _ _ _ _ _ s, and a fourth, larger than the others, standing well out into the river, firing barrels of burning pitch from a catapult. [7 Letters G _ _ _ _ _ S]",Fill-in-the-Blank,grounds,GROUNDS,Grounds
"She picked up her coffee. She'd had less than three hours of s _ _ _ p and needed the jolt. ""Three years ago in Paris, a female entertainer was beaten, raped, garroted with a silver wire. Monique Rue,"" [5 Letters S _ _ _ _ _ P]",Fill-in-the-Blank,sleep,SLEEP,Sleep
"If they're good enough for visiting old l _ _ _  Hembrew next door, then they're bloody well good enough for stepping on the toes of any woman fool enough to dance with us."" [4 Letters L _ _ _ ]",Fill-in-the-Blank,lady,LADY,Lady
"As I went down, I saw that the turtleneck with the knife was only a few s _ _ _ s away. I'd never escape a pair of them. [5 Letters S _ _ _ _ _ S]",Fill-in-the-Blank,steps,STEPS,Steps
"Step couldn't be worrying all the time about whether she was keeping them safe, he had to concentrate on w _ _ _ . [4 Letters W _ _ _ ]",Fill-in-the-Blank,work,WORK,Work
"Richard spoke low and carefully. "" 'And the light shineth in darkness; and the darkness comprehended it not.' "" He slid his g _ _ _ _ _ s back over his eyes, stood, and stepped away from the table. He held his hand out for me. [7 Letters G _ _ _ _ _ S]",Fill-in-the-Blank,glasses,GLASSES,Glasses
"""-only using the propeller will put even more s _ _ _ _ s on the bearing,"" Petri concluded with a thoughtful frown. ""It might blow completely."" [6 Letters S _ _ _ _ _ S]",Fill-in-the-Blank,stress,STRESS,Stress
