QUESTION_TEXT,QUESTION_TYPE,OPTION_1,OPTION_2,OPTION_3
"Roofs over your heads, medicine when you need it, education for the young ones. Work your f _ _ _ _ _ s to the bone and for what?"" He spat on the ground. ""Where I'm from it's dirt poor, it is. And I'm tired of it."" [7 Letters F _ _ _ _ _ S]",Fill-in-the-Blank,fingers,FINGERS,Fingers
But now the creep was at the tavern. He could not have propped Cottle on the sofa and fired the nail g _ _ . [3 Letters G _ _ _ ],Fill-in-the-Blank,gun,GUN,Gun
"Walking a thin line between clever manipulation and obvious fawning in the interest of self-preservation, my f _ _ _ _ r said, ""Your boy will be the greatest of his kind-clown, jester, harlequin, jackmuffin."" [6 Letters F _ _ _ _ _ R]",Fill-in-the-Blank,father,FATHER,Father
"Mav, because he's finally got his head out of his ass."" My v _ _ _ e dipped and I pointed to some exquisite red roses, but my eyes shifted to Deke. ""Deke."" I grinned at him before I pointed to the last. [5 Letters V _ _ _ _ _ E]",Fill-in-the-Blank,voice,VOICE,Voice
"If I let him go along, I'd be dragging him down with me. Despite what he'd seen t _ _ _ _ _ t, I'd be exposing him to a whole new, violent, bloody, and dangerous world. [7 Letters T _ _ _ _ _ T]",Fill-in-the-Blank,tonight,TONIGHT,Tonight
"""I've found Frank,"" I announced, to Liza and dead b _ _ . ""He's on Rotten Row."" [3 Letters B _ _ _ ]",Fill-in-the-Blank,boy,BOY,Boy
"Its incredible how much d _ _ _ _ _ _ _ _ e the makeup makes, I said, as they split up and began to approach me from both sides. You know, I hate the stuff, Sherry said frankly. And I hate this damn wig. [10 Letters D _ _ _ _ _ E]",Fill-in-the-Blank,difference,DIFFERENCE,Difference
"""You s _ _ _  here, I'll go. They'll hear me, follow me, you know the lay of the land. You wait awhile then go to that shop you were talkin' about and I'll lead them away."" [4 Letters S _ _ _ ]",Fill-in-the-Blank,stay,STAY,Stay
"and then she shrugged. ""never m _ _ _ ,"" she said. ""There's too much to do here anyway."" Then, forcing a brave little smile to her lips, she added: ""Drop me a postcard when you get a chance. [4 Letters M _ _ _ ]",Fill-in-the-Blank,mind,MIND,Mind
"I know you're having a tough week so I have an idea for a little c _ _ _ _ _ g trip this weekend. It's completely voluntary."" [7 Letters C _ _ _ _ _ G]",Fill-in-the-Blank,camping,CAMPING,Camping
Mack had no desire to be rammed by the crazy Chinese COs on a vendetta and who apparently had no r _ _ _ _ _ t for their own men's lives. [7 Letters R _ _ _ _ _ T],Fill-in-the-Blank,respect,RESPECT,Respect
"She felt something from him now, a connection to that little boy that made her smile at him as she tugged on her messy m _ _ _  of hair. ""I made up for it."" [4 Letters M _ _ _ ]",Fill-in-the-Blank,mane,MANE,Mane
"He might go on growing, changing, reconstituting himself in myriad new i _ _ _ _ s, endlessly. He was metamorphosing into a freak … or just possibly, ultimately, into something so utterly alien that it could no longer be called human. [6 Letters I _ _ _ _ _ S]",Fill-in-the-Blank,images,IMAGES,Images
"The visor was the second way a commander could watch the battle. Each fighter bore a camera just inside its cockpit to relay a direct v _ _ _ . Varion always wore a battle-visor. Dennison, however, was not his brother. [4 Letters V _ _ _ ]",Fill-in-the-Blank,view,VIEW,View
"""Wouldn't you like to go down and sit in the parlor, Duncan?"" Essie began. ""Carter, he'll fix you a drink. And…"" She rubbed her fingers on her temple. ""And you'll stay for d _ _ _ _ r. You'll stay for d _ _ _ _ r, of course."" [6 Letters D _ _ _ _ _ R]",Fill-in-the-Blank,dinner,DINNER,Dinner
"Rainsqualls came and went during the night. The sound of r _ _ _  on the roof was mournful, like funeral drums. [4 Letters R _ _ _ ]",Fill-in-the-Blank,rain,RAIN,Rain
"""Is that the sewers or you?"" Selman asked, sniffing the a _ _ , and the bartender and a few locals chuckled around him. But the strangers showed no reaction. [3 Letters A _ _ _ ]",Fill-in-the-Blank,air,AIR,Air
"Before he could answer, Stone said, ""I believe we're in the company of Cornelius Behan, CEO of Paradigm Technologies, the country's third largest d _ _ _ _ _ e contractor."" [7 Letters D _ _ _ _ _ E]",Fill-in-the-Blank,defense,DEFENSE,Defense
No answer on the knock so we looked in the windows. I'd been to Rosie's dozens of t _ _ _ s and it didn't look any different than normal. [5 Letters T _ _ _ _ _ S],Fill-in-the-Blank,times,TIMES,Times
"I wasn't reading anywhere near at a c _ _ _ _ _ e level then, but I understood the implications, anyway. It was an amazing wedding, let me tell you, though there wasn't a carved-ice swan. Do you like carved-ice swans, Mrs. D?"" [7 Letters C _ _ _ _ _ E]",Fill-in-the-Blank,college,COLLEGE,College
