QUESTION_TEXT,QUESTION_TYPE,OPTION_1,OPTION_2,OPTION_3
"I remained skeptical, but to be polite I told him I would think about it. We agreed that I would give him a final answer by the e _ _  of the month. [3 Letters E _ _ _ ]",Fill-in-the-Blank,end,END,End
"""You're right. And it would probably be a mistake for me to slap restraints on you right now, haul your ass down to Central, and into lockup for impeding an investigation, for o _ _ _ _ _ _ _ _ _ n of justice, for just being a complete pain in the ass. [11 Letters O _ _ _ _ _ N]",Fill-in-the-Blank,obstruction,OBSTRUCTION,Obstruction
"But that was the voice of r _ _ _ _ n. It could not overwhelm the insistent wordless voice of my own instincts, which made me feel an overwhelming desire to protect and provide for my young. Not the maternal instinct, but the paternal one. [6 Letters R _ _ _ _ _ N]",Fill-in-the-Blank,reason,REASON,Reason
"This man came up-he was high, too-and he said he'd pay her a hundred for a two-fer. I didn't even know what he meant. She said, 'Double that, handsome.' I remember those exact w _ _ _ s. [5 Letters W _ _ _ _ _ S]",Fill-in-the-Blank,words,WORDS,Words
"The dead bolt latched closed again. I considered a smile but it didn't make any s _ _ _ e. I made a point of looking around for a place to unload my bed linens and blanket and toiletries. I moved toward the bottom bunk, left side. [5 Letters S _ _ _ _ _ E]",Fill-in-the-Blank,sense,SENSE,Sense
He cupped her bottom in his big hands and took from her like a man who'd been wandering a desert for days without water and had just dropped to his k _ _ _ s at the pool in an oasis. [5 Letters K _ _ _ _ _ S],Fill-in-the-Blank,knees,KNEES,Knees
looked him up after I saw the m _ _ _  on his grave; if he'd been any- [4 Letters M _ _ _ ],Fill-in-the-Blank,mark,MARK,Mark
"Bridget hunched over the wheel, piloting us along at just five m _ _ _ s per hour, which seemed like a daredevil speed in those circumstances. [5 Letters M _ _ _ _ _ S]",Fill-in-the-Blank,miles,MILES,Miles
"""good w _ _ _ , all of you,"" said Bean. ""I know there's a lot more in your reports, and I've scanned your data as you collected it. [4 Letters W _ _ _ ]",Fill-in-the-Blank,work,WORK,Work
"Too much a _ _ _ _ _ _ y, she assured herself, for anyone to try to get inside. And no reason now to do so. [8 Letters A _ _ _ _ _ Y]",Fill-in-the-Blank,activity,ACTIVITY,Activity
"The stable phone rang, delighting her. Whoever was on the other end not only had perfect timing but they had her gratitude. It gave her great pleasure to see the absolute s _ _ _ k on Brian's face as she walked to the phone. [5 Letters S _ _ _ _ _ K]",Fill-in-the-Blank,shock,SHOCK,Shock
"""I have a magic touch with coffee. Everyone says so."" Enthusiastic now, she popped slices of bread into the t _ _ _ _ _ r, then opened the fridge. ""How come you don't live with your mother and father?"" [7 Letters T _ _ _ _ _ R]",Fill-in-the-Blank,toaster,TOASTER,Toaster
"He'd have opened a c _ _ , eaten a cold dinner and worked a bit by candlelight. But there was the woman to think about. [3 Letters C _ _ _ ]",Fill-in-the-Blank,can,CAN,Can
"I stuck my thumbs in the hole in the duct t _ _ _  and yanked, achieving very little. There's a reason duct t _ _ _  is so popular. It's a reliable substance. [4 Letters T _ _ _ ]",Fill-in-the-Blank,tape,TAPE,Tape
"""Gregg?"" Hannah asked as they pushed through the chaos, heading downhill toward the Quarter. Behind them, they could hear s _ _ _ _ _ s and wails and the sound of sirens approaching. [7 Letters S _ _ _ _ _ S]",Fill-in-the-Blank,screams,SCREAMS,Screams
"I spun the steering w _ _ _ l hard to my left. The Porsche skidded toward a stop, then hopped the curb with a jolting thud. Sampson and I jumped out and started to run after Cedric Montgomery. [5 Letters W _ _ _ _ _ L]",Fill-in-the-Blank,wheel,WHEEL,Wheel
"""Thank you,"" both the president and First l _ _ _  said together. [4 Letters L _ _ _ ]",Fill-in-the-Blank,lady,LADY,Lady
"""She's afraid for the kids' sake. That gets the fur up on her neck. Claws out,"" Sampson said, then took a long s _ _  of beer. [3 Letters S _ _ _ ]",Fill-in-the-Blank,sip,SIP,Sip
"He put an arm around my waist and kissed me. ""Wouldn't dream of leaving you alone."" He gave me that look at the end of the s _ _ _ _ _ _ e. [8 Letters S _ _ _ _ _ E]",Fill-in-the-Blank,sentence,SENTENCE,Sentence
"I looked at Ross, who was staring past me toward a far c _ _ _ _ r of the room. It took me a moment, everything here took me a moment. [6 Letters C _ _ _ _ _ R]",Fill-in-the-Blank,corner,CORNER,Corner
