QUESTION_TEXT,QUESTION_TYPE,OPTION_1,OPTION_2,OPTION_3
"""She's got a p _ _ _ t, Clary."" Tunstall gave his dagger a last flip and tucked it into its sheath with the same move he'd taken to catch it. ""When you have connections someplace where we're poking our noses, Cooper, speak up. [5 Letters P _ _ _ _ _ T]",Fill-in-the-Blank,point,POINT,Point
"Shaking, Travis said, ""I don't give a d _ _ _  if he pisses all over the house as long as he can still think!"" [4 Letters D _ _ _ ]",Fill-in-the-Blank,damn,DAMN,Damn
"There were b _ _ _ _ s, bloodied and torn and stacked like cordwood. And cages where people wept or screamed, or simply sat with dull and deadened eyes. Things moved within the tunnels, dark things that barely stirred the air. Some crawled up the walls like bugs. [6 Letters B _ _ _ _ _ S]",Fill-in-the-Blank,bodies,BODIES,Bodies
"Then he was pushing through the shattered roof, tucking his wings in tight to get through the hole. Outside, he lost altitude too fast and landed clumsily on a rickety r _ _ _  beam. He slid sideways, grabbing roof shingles that came off in his hands. [4 Letters R _ _ _ ]",Fill-in-the-Blank,roof,ROOF,Roof
"""Well, I've got other s _ _ _ f to do, really pressed for time, so you could help me out and just hand me the wallet you just lifted. It's in here."" She slapped her hand on his pocket. [5 Letters S _ _ _ _ _ F]",Fill-in-the-Blank,stuff,STUFF,Stuff
"This time it was like standing in the center of a sun which goes supernova in one sudden, heatless gust of light. Kevin felt as if his shadow had actually been hammered off his heels and driven into the w _ _ _ . [4 Letters W _ _ _ ]",Fill-in-the-Blank,wall,WALL,Wall
"Using a false n _ _ _ , claiming that he was an adoptee, Junior made inquiries with several child-placement organizations, as well as with state and federal agencies. [4 Letters N _ _ _ ]",Fill-in-the-Blank,name,NAME,Name
"they trickled down his cheeks. Tears of relief and happiness. He was overwhelmed by the mercy of God. There was no doubt what he must do. He hurried toward the Airedale, which was about twenty f _ _ _  away. [4 Letters F _ _ _ ]",Fill-in-the-Blank,feet,FEET,Feet
"They were swamped with leads, most of them false, and under enormous pressure to catch the worst serial k _ _ _ _ r any of them could remember. [6 Letters K _ _ _ _ _ R]",Fill-in-the-Blank,killer,KILLER,Killer
"Petra didn't know about the tv c _ _ _ _ a that looked through what seemed to be yet another brick near the ceiling, but was really a small plastic panel transparent to red and infrared light. [6 Letters C _ _ _ _ _ A]",Fill-in-the-Blank,camera,CAMERA,Camera
"""And you said you weren't a pillar of the community."" She laughed at him and trailed her f _ _ _ _ _ s through the water. ""All right, then, I guess I've got to get tough. It's for your own good."" [7 Letters F _ _ _ _ _ S]",Fill-in-the-Blank,fingers,FINGERS,Fingers
You could still see the impression of the plywood sheets which had held the wet c _ _ _ _ _ _ e in place. [8 Letters C _ _ _ _ _ E],Fill-in-the-Blank,concrete,CONCRETE,Concrete
"It filled the back h _ _ _  of the room, all the way to the ceiling, bigger than a couple of elephants. [4 Letters H _ _ _ ]",Fill-in-the-Blank,half,HALF,Half
"The doorbell rang. The sound made my h _ _ _ t pulse in my throat. It was an ordinary sound, but not at 3:45 in the morning. I left my partially packed suitcase on the unmade bed and walked into the living room. [5 Letters H _ _ _ _ _ T]",Fill-in-the-Blank,heart,HEART,Heart
"""Taim will always be surrounded by minions. If we continue attacking as we have, we'll be cut to r _ _ _ _ _ s before we can get to him. We need to reach him stealthily."" [7 Letters R _ _ _ _ _ S]",Fill-in-the-Blank,ribbons,RIBBONS,Ribbons
"I didn't know what time I finally fell asleep, but my w _ _ _ h read seven forty-one A.M. local time when the first explosions had me snapping open my eyes. [5 Letters W _ _ _ _ _ H]",Fill-in-the-Blank,watch,WATCH,Watch
"It was also horrifying. It isn't a word I want to use about my own w _ _ _ , but it's unavoidable. [4 Letters W _ _ _ ]",Fill-in-the-Blank,work,WORK,Work
"The lieutenant governor of the state died of undisclosed natural causes, after a long i _ _ _ _ _ s. We all know what that means. [7 Letters I _ _ _ _ _ S]",Fill-in-the-Blank,illness,ILLNESS,Illness
"""Is the captain in any danger?"" Crassus asked, his v _ _ _ e calm. [5 Letters V _ _ _ _ _ E]",Fill-in-the-Blank,voice,VOICE,Voice
"""I guess it's time for me to start earning my money again,"" Penny said, sitting on the e _ _ _  of Groves' [4 Letters E _ _ _ ]",Fill-in-the-Blank,edge,EDGE,Edge
