QUESTION_TEXT,QUESTION_TYPE,OPTION_1,OPTION_2,OPTION_3
"Clare blew out s _ _ _ e. ""Yes, I liked the look of youth and virility. It turned out very well."" I-I see. [5 Letters S _ _ _ _ _ E]",Fill-in-the-Blank,smoke,SMOKE,Smoke
"But we only have her past going back ten years. Before that, nothing. It's like she didn't exist. But then she has a résumé stretching back to college that passed the muster of the school's background c _ _ _ k."" [5 Letters C _ _ _ _ _ K]",Fill-in-the-Blank,check,CHECK,Check
"""And it died, "" said Manjam. ""They're working on new species that can live in the scarcity of important nutrients. Don't l _ _ _  so glum. Nature is on our side. In ten thousand years the Amazon should be right back to normal."" [4 Letters L _ _ _ ]",Fill-in-the-Blank,look,LOOK,Look
The sliding g _ _ _ s door closed and Cal saw Mooch first because the dog came bouncing into the kitchen then tried to jump up Cal's legs. [5 Letters G _ _ _ _ _ S],Fill-in-the-Blank,glass,GLASS,Glass
He dug the hand that was not keeping a firm g _ _ _  on Trevor into [4 Letters G _ _ _ ],Fill-in-the-Blank,grip,GRIP,Grip
"After listening to the entire s _ _ _ y, Jack took a deep breath and said, ""I wish you were a drinking man, Doody."" [5 Letters S _ _ _ _ _ Y]",Fill-in-the-Blank,story,STORY,Story
The kid made eye contact again. In his bruised stare was a glimpse of h _ _ _  and loneliness so deep Joe was shocked that anyone should have descended to it by the tender age of fourteen. Anywhere to be? What's that supposed to mean? [4 Letters H _ _ _ ],Fill-in-the-Blank,hurt,HURT,Hurt
"What a team, Jake thought. All he needed was Lucien whispering bad advice and irritating everyone else in the c _ _ _ _ _ _ _ m. [9 Letters C _ _ _ _ _ M]",Fill-in-the-Blank,courtroom,COURTROOM,Courtroom
"She got hold of a towel and grappled with it to pull it around her with one hand, then took the cordless p _ _ _ e out through the kitchen and into the living room. [5 Letters P _ _ _ _ _ E]",Fill-in-the-Blank,phone,PHONE,Phone
"By late a _ _ _ _ _ _ _ n, the flatlands around San Antonio had rippled and swelled into the Hill Country, the highway shearing through fifty-foot ravines, curving under the shadows of granite peaks dotted with live oaks. [9 Letters A _ _ _ _ _ N]",Fill-in-the-Blank,afternoon,AFTERNOON,Afternoon
the Rodney King incident hopefully taught us that already. We learned that African Americans and whites view the criminal j _ _ _ _ _ e system differently; [7 Letters J _ _ _ _ _ E],Fill-in-the-Blank,justice,JUSTICE,Justice
"Kris was really steamed that you didn't try to muscle your way in and end up falling on your ass. Instead you don't say anything unless you've got something to say. And when you do, it makes s _ _ _ e."" [5 Letters S _ _ _ _ _ E]",Fill-in-the-Blank,sense,SENSE,Sense
"That was why he didn't see the hole in the outside wall of cell 23, which held a political prisoner condemned to die the next m _ _ _ _ _ g for having murdered his wife-- normally not a political crime, except when the wife was also the daughter of somebody who could make phone calls and get people put in prison. [7 Letters M _ _ _ _ _ G]",Fill-in-the-Blank,morning,MORNING,Morning
ROLAND REACHED THE GAP and looked back. Jake was five feet behind him. Oy was at his heels. The bumbler was crouched down with his n _ _ _  stretched forward. [4 Letters N _ _ _ ],Fill-in-the-Blank,neck,NECK,Neck
"Following an old habit, she looked at the massive o _ _  door, where the MacGregor crest was carved into a brass knocker. Under the crowned lion's head was the Gaelic motto, which translated to ""Royal Is My Race."" [3 Letters O _ _ _ ]",Fill-in-the-Blank,oak,OAK,Oak
"The whole b _ _ _ k of apartments was similarly occupied by Russian immigrants, and it was easy for Anatoliy and David to form a local kollektiv and get things properly organized. [5 Letters B _ _ _ _ _ K]",Fill-in-the-Blank,block,BLOCK,Block
"""I was close to her grandmother and she told me she's not talked to her son for twenty-eight years, this bein' when she got custody of Josie when her other son beat the shit outta her, put her in the h _ _ _ _ _ _ l and she was not down with that. [8 Letters H _ _ _ _ _ L]",Fill-in-the-Blank,hospital,HOSPITAL,Hospital
"The Afghans could not hurt him worse than he already was in body and s _ _ _ . The Captain was already to the point that the pain had become like a drug, so familiar that the agony had become tolerable, almost comfortable. [4 Letters S _ _ _ ]",Fill-in-the-Blank,soul,SOUL,Soul
"while another, perfectly at ease, was saying in response, But they're true. ""False modesty,"" her father was always telling her, ""is potentially more fatal to your career than a b _ _ _ _ t in the brain. [6 Letters B _ _ _ _ _ T]",Fill-in-the-Blank,bullet,BULLET,Bullet
of this! You all saw how much f _ _ _  I took with [4 Letters F _ _ _ ],Fill-in-the-Blank,food,FOOD,Food
