QUESTION_TEXT,QUESTION_TYPE,OPTION_1,OPTION_2,OPTION_3
"every time I turn around there's a mob of kids. How many does your sister have, three? Four? I'm tired of pretending. I hate kids."" His v _ _ _ e went up. ""I despise kids, you understand?"" [5 Letters V _ _ _ _ _ E]",Fill-in-the-Blank,voice,VOICE,Voice
"The big guy who'd smashed in his face came for him. Hewes heard a s _ _ _ _ s of strange sounds, then suddenly felt water blasting his face and chest. He panicked for a second then realized the big guy was hosing him down, like a dog. [6 Letters S _ _ _ _ _ S]",Fill-in-the-Blank,series,SERIES,Series
"It was a nice enough earring. Not spectacular, not cheap. Inoffensive. He tossed it up and down a couple times, measuring its weight by the impact against his palm, then stood, walked to the edge of the p _ _ _ , and launched it out into the snow. [4 Letters P _ _ _ ]",Fill-in-the-Blank,path,PATH,Path
"When Hansen got to the part where Kovac might be involved, he turned his g _ _ _  to Ames, who was already shaking his head. [4 Letters G _ _ _ ]",Fill-in-the-Blank,gaze,GAZE,Gaze
"Her f _ _ _ _ _ _ _ _ _ s were painted neon purple, a shade reflected slightly more subtly in her eye shadow. [11 Letters F _ _ _ _ _ S]",Fill-in-the-Blank,fingernails,FINGERNAILS,Fingernails
"""I don't know where he was after about ten. Home tucked in with Lissy, I expect. They went to the m _ _ _ _ s, and I tagged along."" His voice had gone flat, his eyes cold and dull. ""They went home. [6 Letters M _ _ _ _ _ S]",Fill-in-the-Blank,movies,MOVIES,Movies
"Johnson had blundered into Harvest, or perhaps v _ _ _  versa. But Johnson clearly had the upper hand. He had Harvest around the throat, her gun pointed at her head. [4 Letters V _ _ _ ]",Fill-in-the-Blank,vice,VICE,Vice
"Abel Sante quickened his pace. He was only a b _ _ _ k from his home. The other man, the street person, kept up with him easily. He was larger, more athletic than Sante had noticed at first. [5 Letters B _ _ _ _ _ K]",Fill-in-the-Blank,block,BLOCK,Block
It was the k _ _ _  of day in which objects have no hard definition. The railway platform at Fox Cross was silent. [4 Letters K _ _ _ ],Fill-in-the-Blank,kind,KIND,Kind
"Frodo, Samwise, and Gollum, the three hobbit ring bearers, in their twisted, braided paths to the cracks of doom where, by casting in the ring, they will be able to put an end to the evil, destructive p _ _ _ r of Sauron. [5 Letters P _ _ _ _ _ R]",Fill-in-the-Blank,power,POWER,Power
"He understood that he was keeping a lead from the police, a contact they might make good u _ _  of. But the police were clever. They would find the man without Chase's aid. [3 Letters U _ _ _ ]",Fill-in-the-Blank,use,USE,Use
"""I am Commander Task Force Seventy-Seven. I gather you are the commander of Japanese forces on Saipan."" Robby drank the w _ _ _ r down. It annoyed him greatly to be sweating, but there was no helping that. [5 Letters W _ _ _ _ _ R]",Fill-in-the-Blank,water,WATER,Water
"The card and license had not been used before, and the man whose n _ _ _  was on them had not reported them missing, since he had been dead before they were issued. It was a wonderful way to move around semi-legitimately. [4 Letters N _ _ _ ]",Fill-in-the-Blank,name,NAME,Name
"""My mom,"" he said. ""She died."" He blinked, and T _ _ _ s rolled from his eyes. They steamed and sizzled as they reached his cheeks. ""She died and I wasn't there, and they're burying her on Saturday, and I'm here. I'm fucking here."" [5 Letters T _ _ _ _ _ S]",Fill-in-the-Blank,tears,TEARS,Tears
A minor headache from the brandy-so much for the theory that good s _ _ _ f doesn't give you a hangover-and his muscles were stiff. He did a few sit-ups to work out the knots. [5 Letters S _ _ _ _ _ F],Fill-in-the-Blank,stuff,STUFF,Stuff
"Norman Drake gave way to a silver-tongued devil selling the entire Bible on DVDs, and the best thing about it was you could pay in monthly installments and return the whole d _ _ _  if you weren't just as happy as a pig in shit. [4 Letters D _ _ _ ]",Fill-in-the-Blank,deal,DEAL,Deal
"In Ruin's moment of t _ _ _ _ _ h, when he'd always assumed the kandra would be his on a whim, the vast majority of them immediately switched sides and left him unable to seize his prize. [7 Letters T _ _ _ _ _ H]",Fill-in-the-Blank,triumph,TRIUMPH,Triumph
"Egeanin's divided skirts and high-collared coat, both of blue wool and embroidered in a yellow near to gold on the hem and cuffs, had something of a uniform about them, while Domon, in a well-cut brown coat and baggy trousers stuffed into turned-down boots just below his knees, looked every i _ _ _  the prosperous, if not exactly wealthy, Illianer merchant. [4 Letters I _ _ _ ]",Fill-in-the-Blank,inch,INCH,Inch
"""Have you heard from Ricky?"" was the great question that confronted us every time we went to t _ _ _ . [4 Letters T _ _ _ ]",Fill-in-the-Blank,town,TOWN,Town
"The pain on his face had nothing to do with the healing wounds. I'd taken just a little b _ _  more of his humanity, or so he felt. [3 Letters B _ _ _ ]",Fill-in-the-Blank,bit,BIT,Bit
