QUESTION_TEXT,QUESTION_TYPE,OPTION_1,OPTION_2,OPTION_3
"The decorative tile rug highlighted the span of the floor, added another note of charm to the softly painted walls with their custom, creamy wainscoting. Beckett had been right on t _ _ _ _ t about leaving the exposed brick on the side wall. [6 Letters T _ _ _ _ _ T]",Fill-in-the-Blank,target,TARGET,Target
"""But that was years ago. We lived through that trauma together, and then I lost t _ _ _ k of him. [5 Letters T _ _ _ _ _ K]",Fill-in-the-Blank,track,TRACK,Track
"""Captain Feeney will have briefed you on the electronics area,"" she began, ""so I'm not going there except to say that I need d _ _ _ , any data, and I need it fast. Retrieval is first priority. The Code Red is now secondary."" [4 Letters D _ _ _ ]",Fill-in-the-Blank,data,DATA,Data
"It is all in the report. Then we must announce our new r _ _ _ _ _ _ _ _ _ _ p with Hong Kong, and begin the blockade with Taiwan, all in the next six months. [12 Letters R _ _ _ _ _ P]",Fill-in-the-Blank,relationship,RELATIONSHIP,Relationship
"When I poked a stick through the opening, there was a pop and a spark and a cloud of smoke, and the portal seemed to emit a kind of hacking c _ _ _ h, followed by the scent of ozone and rot. [5 Letters C _ _ _ _ _ H]",Fill-in-the-Blank,cough,COUGH,Cough
"Even before the crews were strapped in, the engines were starting up. The g _ _ _ _ d crews yanked off the red-flagged safety pins. Rifle-armed sentries got out of the way of the aircraft, training their weapons outward to engage any possible threat. [6 Letters G _ _ _ _ _ D]",Fill-in-the-Blank,ground,GROUND,Ground
"Saloona lowered her face until her l _ _ _  brushed the ship's warm plasmatic membrane, and breathed her reply. [4 Letters L _ _ _ ]",Fill-in-the-Blank,lips,LIPS,Lips
"When she looked up and saw her father standing in the b _ _ _ _ _ m doorway, her first, instinctive gesture had been to cross her arms over her breasts. [7 Letters B _ _ _ _ _ M]",Fill-in-the-Blank,bedroom,BEDROOM,Bedroom
"Then, still at the kitchen t _ _ _ e exciting himself by elaborating these thoughts while Pegeen finished showering upstairs, he imagined Pegeen having a healthy baby the very month that he opened at the Guthrie Theater in the role of James Tyrone. [5 Letters T _ _ _ _ _ E]",Fill-in-the-Blank,table,TABLE,Table
"""He was dead hours ago,"" Briar said softly. ""His h _ _ _ t and lungs kept going for a while, that's all. That's why one side of his face was all funny. His head was bleeding inside somewhere."" He closed Hammit's staring eyes. [5 Letters H _ _ _ _ _ T]",Fill-in-the-Blank,heart,HEART,Heart
"She supposed she might even ask her father to offer him some monetary reward. pleased with the i _ _ _ , Sarah looked out the window again. And blinked. Surely this wasn't Lone Bluff. [4 Letters I _ _ _ ]",Fill-in-the-Blank,idea,IDEA,Idea
"Aramis Debauney, the french p _ _ _ _ _ _ _ t, looked to be in his mid-fifties and was very well dressed for the occasion, very formal. He was a compact man with slicked-back silver-gray hair and a pencil-thin mustache, and he wore wire-rimmed eyeglasses. [9 Letters P _ _ _ _ _ T]",Fill-in-the-Blank,president,PRESIDENT,President
"""Yes, sir. Civilian. Used to be in the Army s _ _ _ _ _ _ y agency, E-5. Got out and got a pay increase as a civilian. Been over here two years. Anyway, here's your encryption key."" He handed over the plastic device. ""You know how these things work, right?"" [8 Letters S _ _ _ _ _ Y]",Fill-in-the-Blank,security,SECURITY,Security
"""good m _ _ _ _ _ g,"" Eve said from the doorway. Her smile was quick and bright, as much from the pleasure of seeing him as from the fact that her trip to Armageddon didn't have the consequences she'd feared. She felt terrific. [7 Letters M _ _ _ _ _ G]",Fill-in-the-Blank,morning,MORNING,Morning
"A few minutes later he'd started to leave when she clutched his a _ _ . ""If things start getting really wild, call me. I can be down to help in a flash."" [3 Letters A _ _ _ ]",Fill-in-the-Blank,arm,ARM,Arm
"She grew solemn. ""I have a friend who makes sure that babies pass out of my body in their proper time, healthy and undamaged. He tends my body as well, so I suffer no ill e _ _ _ _ _ s. [7 Letters E _ _ _ _ _ S]",Fill-in-the-Blank,effects,EFFECTS,Effects
He would ask her. They could make some adjustments. But why the hell hadn't the woman had more color around her? And look at the clothes in the c _ _ _ _ t. [6 Letters C _ _ _ _ _ T],Fill-in-the-Blank,closet,CLOSET,Closet
"""Charmed,"" I said, and handed him the laminated identification card Murphy had issued me to get me through police lines to crime scenes. As I did, I felt another cold pocket of dark e _ _ _ _ y. [6 Letters E _ _ _ _ _ Y]",Fill-in-the-Blank,energy,ENERGY,Energy
"""Only most of it?"" Grace stuck the fork back in the spaghetti as she smiled at him. ""Don't you know that w _ _ _ _ _ s have huge and fragile egos? You're supposed to say you've read every word I've ever written and adored them all."" [7 Letters W _ _ _ _ _ S]",Fill-in-the-Blank,writers,WRITERS,Writers
"""As you say, Mistress Trakand,"" he said with a hint of a s _ _ _ e. [5 Letters S _ _ _ _ _ E]",Fill-in-the-Blank,smile,SMILE,Smile
