QUESTION_TEXT,QUESTION_TYPE,OPTION_1,OPTION_2,OPTION_3
"There was more l _ _ _ _ _ _ r even though no one, but Sonia, knew the proverbial ball and chain was worn by the wife this time. Then they heard a champagne cork pop. [8 Letters L _ _ _ _ _ R]",Fill-in-the-Blank,laughter,LAUGHTER,Laughter
"She tried to get up, but the soft bed of grass made her lazy and sleepy. The smell of baked b _ _ _ d and melting chocolate was intoxicating. It was the morning of Mardi Gras, and the world seemed full of possibilities. [5 Letters B _ _ _ _ _ D]",Fill-in-the-Blank,bread,BREAD,Bread
"Because if warning didn't work, she had no c _ _ _ _ e but to move to killing. [6 Letters C _ _ _ _ _ E]",Fill-in-the-Blank,choice,CHOICE,Choice
"You could die of thirst trying to drink what you found in Tel'aran'rhiod, much less what you made, but this tea tasted as if the leaves had come from a new cask and she had put in just the right a _ _ _ _ t of honey. [6 Letters A _ _ _ _ _ T]",Fill-in-the-Blank,amount,AMOUNT,Amount
Not because I was that enraged for myself - it was because who I happened to be walking with was a dear friend whose mother had been killed by the Nazis and who had himself spent p _ _ _  of his childhood in a concentration camp. [4 Letters P _ _ _ ],Fill-in-the-Blank,part,PART,Part
"""The idea, the idea behind everything. Daddy, it's the drinking glass with the black stuff in it, the stray d _ _  that healed a guy."" [3 Letters D _ _ _ ]",Fill-in-the-Blank,dog,DOG,Dog
"Her lids were sewn shut like those of a corpse. The surgical thread had no d _ _ _ t long ago dissolved, but upper and lower lids had grown together. [5 Letters D _ _ _ _ _ T]",Fill-in-the-Blank,doubt,DOUBT,Doubt
"I found parking for my battered old Volkswagen Bug, hunched my s _ _ _ _ _ _ _ s under my leather duster, and walked north along Clark, into the wind, Mouse keeping pace at my side. [9 Letters S _ _ _ _ _ S]",Fill-in-the-Blank,shoulders,SHOULDERS,Shoulders
"JANE HAD FIGURED IT OUT. She was on her way to Georgetown, to eat at her favorite French restaurant just off M Street on Wisconsin. She was going with her brother, Tuck, and two other f _ _ _ _ _ s. [7 Letters F _ _ _ _ _ S]",Fill-in-the-Blank,friends,FRIENDS,Friends
"I gotta live with that and it'll make it a whole f _ _ _ _ _ a lot easier to live with knowin' he paid a price. Someone hurt you, someone touched you,"" [7 Letters F _ _ _ _ _ A]",Fill-in-the-Blank,fuckuva,FUCKUVA,Fuckuva
"If he was right, this chapel would give him access to the information he was after. It wouldn't be in the same form, necessarily, and it wouldn't have as much i _ _ _ _ _ _ _ _ _ n as he would have liked, but it should have enough for his purposes. [11 Letters I _ _ _ _ _ N]",Fill-in-the-Blank,information,INFORMATION,Information
"Though the basic land navigation techniques still applied, keeping track of distances traveled in rugged mountainous t _ _ _ _ _ n is more complex and challenging than on level ground. You can never be sure of the length of your pace, for example. [7 Letters T _ _ _ _ _ N]",Fill-in-the-Blank,terrain,TERRAIN,Terrain
"Still in his office, Thorn read the FBI r _ _ _ _ t again. He had heard that Jay was out of his coma, and had, in fact, been on the way out the door to go and see him, when his computer priority-one notice had chimed. [6 Letters R _ _ _ _ _ T]",Fill-in-the-Blank,report,REPORT,Report
"""I don't get it,"" she said. ""I don't … I didn't feel anything happen. I don't feel any different now. I thought being aware of this k _ _ _  of thing made it go away."" [4 Letters K _ _ _ ]",Fill-in-the-Blank,kind,KIND,Kind
"She took the e _ _ _ _ _ _ r straight up from the garage, taking on the body jam for the sake of speed. She wanted to move now, move fast. [8 Letters E _ _ _ _ _ R]",Fill-in-the-Blank,elevator,ELEVATOR,Elevator
"""You offered to buy me a d _ _ _ k, coffee, a car or a dog. I can buy my own drinks, and I like my own coffee. I got a dog, more or less. A car, too. [5 Letters D _ _ _ _ _ K]",Fill-in-the-Blank,drink,DRINK,Drink
"Elayne stared at Birgitte and Aviendha in turn. ""If one of you says a single w _ _ _ ,"" she said warningly. [4 Letters W _ _ _ ]",Fill-in-the-Blank,word,WORD,Word
"There was no way I was going to convince him. Apparently, the cora of this w _ _ _ d wasn't all that great. [5 Letters W _ _ _ _ _ D]",Fill-in-the-Blank,world,WORLD,World
"They could be charged with murder, and once the case was presented in court, not a soul on earth would believe that Brigid's d _ _ _ h had been an accident. Choose your poison. Hector had to decide. [5 Letters D _ _ _ _ _ H]",Fill-in-the-Blank,death,DEATH,Death
"""Yes, Jack?"" The President was in another good mood, flush from signing a new law which, he hoped, would solve a major p _ _ _ _ _ m for his country, and by the by make his reelection chances look rosy indeed. [7 Letters P _ _ _ _ _ M]",Fill-in-the-Blank,problem,PROBLEM,Problem
