QUESTION_TEXT,QUESTION_TYPE,OPTION_1,OPTION_2,OPTION_3
"""In Cairhien your mother decided she couldn't stay away from the Great Stump any longer, though why I cannot say, since they aren't likely to reach any s _ _ _  of decision for another year or two, so we set out to return to Stedding Shangtai in the hope we could find you later."" [4 Letters S _ _ _ ]",Fill-in-the-Blank,sort,SORT,Sort
"Flak is the only one who might believe you, and he certainly appears capable of making a lot of n _ _ _ e. If Boyette tells a good story, then Flak will take care of the press."" [5 Letters N _ _ _ _ _ E]",Fill-in-the-Blank,noise,NOISE,Noise
"Then he felt his body bouncing with the turbulence inside a breaking wave, and now he was sucked under for real. He couldn't find the bottom, he couldn't remember which way was up, and he had no a _ _  in his lungs; [3 Letters A _ _ _ ]",Fill-in-the-Blank,air,AIR,Air
"From 9:30 until 1:30 each weekday, various professors from nearby law schools covered the intricacies of constitutional law, corporations, criminal law, property, evidence, contracts, and many other s _ _ _ _ _ _ s. [8 Letters S _ _ _ _ _ S]",Fill-in-the-Blank,subjects,SUBJECTS,Subjects
"He said that some kind of l _ _ _  lie is necessary. Break it or tamper too deeply and you damage the personality, maybe drive the person completely nuts. [4 Letters L _ _ _ ]",Fill-in-the-Blank,life,LIFE,Life
So it was five-thirty on a hot s _ _ _ _ r morning when he saw the [6 Letters S _ _ _ _ _ R],Fill-in-the-Blank,summer,SUMMER,Summer
"During the building of that complex, he'd taken p _ _ _ s to ensure that the module containing his office and those of his immediate support staff-five others-would go into airtight lockdown ninety seconds after all of the labs were hermetically sealed in a crisis. [5 Letters P _ _ _ _ _ S]",Fill-in-the-Blank,pains,PAINS,Pains
"Only his own m _ _ _ c or anxiety would fill his eyes with that image. Always before it had dizzied me to stare into Frost\'s eyes when they filled with that other place. Today, it seemed cool, calming. [5 Letters M _ _ _ _ _ C]",Fill-in-the-Blank,magic,MAGIC,Magic
Trent nodded. He was a businessman and had never done anything more violent than a little boxing in college. But he would do whatever it took to protect his w _ _ _  and unborn child. [4 Letters W _ _ _ ],Fill-in-the-Blank,wife,WIFE,Wife
An uncomfortable burning s _ _ _ _ _ _ _ n started building strength in my chest. [9 Letters S _ _ _ _ _ N],Fill-in-the-Blank,sensation,SENSATION,Sensation
"Moments later, three dark figures came through the doorway wearing breathers and waving pin guns around like small b _ _ _  playing with newly purchased toys. Timothy focused the cameras, on them and was elated when he discovered Margle's face. [4 Letters B _ _ _ ]",Fill-in-the-Blank,boys,BOYS,Boys
"The heat storm had been threatening all evening, building up in the east and traveling toward Manhattan. She'd looked forward to it. Wearing a long shirt and nothing else, she stood at the w _ _ _ _ w to watch it come. [6 Letters W _ _ _ _ _ W]",Fill-in-the-Blank,window,WINDOW,Window
"His apartment is on the fourth floor and she takes the stairs three at a time. When she gets there, she's not even winded. He's waiting for her, the a _ _ _ _ _ _ _ t door standing open. Hair wild from the pillow. Lichenous stubble. [9 Letters A _ _ _ _ _ T]",Fill-in-the-Blank,apartment,APARTMENT,Apartment
"A sharp v _ _ _ e called out from behind him, ""Hey!"" Brinkley turned to see a woman with a sharp jaw and tiny black eyes shaking a finger at him. [5 Letters V _ _ _ _ _ E]",Fill-in-the-Blank,voice,VOICE,Voice
"Holding herself up, trying to draw a deep b _ _ _ _ h, able to get nothing but shallow draughts of air, she said, 'Naked?' [6 Letters B _ _ _ _ _ H]",Fill-in-the-Blank,breath,BREATH,Breath
"""I… I don't know if it can be taught,"" Kaladin said, glancing at Syl, who bore a curious e _ _ _ _ _ _ _ _ n as she sat on a nearby rock. ""I'm not certain what it is."" [10 Letters E _ _ _ _ _ N]",Fill-in-the-Blank,expression,EXPRESSION,Expression
"""What I live for,"" he replied. ""But you have to promise me, if there is nothing to this case, and I can tell you right now that there isn't, you will drop it and we go on vacation. I want your w _ _ _ ."" [4 Letters W _ _ _ ]",Fill-in-the-Blank,word,WORD,Word
"The scene shifted again. It was dark outside, and in the back of the h _ _ _ e Michelle heard someone banging around. Joey was still on the sofa, her legs pulled up under her chin. Her face was vacant. [5 Letters H _ _ _ _ _ E]",Fill-in-the-Blank,house,HOUSE,House
"Why, she could line an entire w _ _ _  with these dragons! With all of them firing together…. [4 Letters W _ _ _ ]",Fill-in-the-Blank,wall,WALL,Wall
"I heard slow, heavy, confident footsteps. Clomp. Clomp. Then a pair of black jackboots appeared at the top of the trench. My gaze tracked up the SS officer's uniform, which included a black leather t _ _ _ _ h coat not too unlike my own. [6 Letters T _ _ _ _ _ H]",Fill-in-the-Blank,trench,TRENCH,Trench
