QUESTION_TEXT,QUESTION_TYPE,OPTION_1,OPTION_2,OPTION_3
"And if there's trouble, they'll take c _ _ _  of me. They'll have to take c _ _ _  of me.' And so we do."" [4 Letters C _ _ _ ]",Fill-in-the-Blank,care,CARE,Care
"Bennett saved the deal, and they ordered. He graced them with the details of the phone call-a bank was not moving fast enough, he had to light a f _ _ _ , blah, blah. This went on until the salads arrived. [4 Letters F _ _ _ ]",Fill-in-the-Blank,fire,FIRE,Fire
"""I always thought you were one of the good b _ _ _ ,"" she said, her voice becoming even more flirtatious. [4 Letters B _ _ _ ]",Fill-in-the-Blank,boys,BOYS,Boys
"He'd thought that he'd been tempting f _ _ _ , but after that bus had left the road and squashed a guy younger than he was who'd been sitting in a porch swing, he'd realized that death could come from anywhere at any time. [4 Letters F _ _ _ ]",Fill-in-the-Blank,fate,FATE,Fate
"There was a brief silence. ""What s _ _ _  of medical victims?"" [4 Letters S _ _ _ ]",Fill-in-the-Blank,sort,SORT,Sort
"Fisher said that maybe he had, but o _ _ _ _ s were coming and they, too, would be delayed, so they would make the best of it until the front passed. [6 Letters O _ _ _ _ _ S]",Fill-in-the-Blank,others,OTHERS,Others
"They could still do d _ _ _ _ e on the inside of Grushavoy's administration, but less than on the outside. On the inside they had to use small-caliber weapons, lest they be killed by their own shots. [6 Letters D _ _ _ _ _ E]",Fill-in-the-Blank,damage,DAMAGE,Damage
"Hoping my eyes would soon adjust to the deeper gloom under the trees, cautious because of the enormous potential for an ambush, I followed the narrow d _ _ _  lane with Rya close at my side. [4 Letters D _ _ _ ]",Fill-in-the-Blank,dirt,DIRT,Dirt
"Not only had he married Rosemary, but he had worked his way up through the a _ _  world. He had come from nowhere, but that was no disadvantage if you were a chameleon. Take on the local color. Think the local thoughts. [3 Letters A _ _ _ ]",Fill-in-the-Blank,art,ART,Art
"""Tell the runners I want the g _ _ _  Trisana from Discipline called over here-"" [4 Letters G _ _ _ ]",Fill-in-the-Blank,girl,GIRL,Girl
"The room was SOSUS (sonar surveillance system) Atlantic Control. It was in a fairly nondescript building, uninspired government layer c _ _ _ , with windowless concrete walls, a large air-conditioning system on a flat roof, and an acronym-coded blue sign on a well-tended but now yellowed lawn. [4 Letters C _ _ _ ]",Fill-in-the-Blank,cake,CAKE,Cake
"""Tell you what, we can play strip gin rummy. We can both cheat and that way- Hell."" He was halfway up the stairs with her, and nicely aroused, when the doorbell sounded. ""hold that t _ _ _ _ _ t, okay?"" He set her down, and went to answer. [7 Letters T _ _ _ _ _ T]",Fill-in-the-Blank,thought,THOUGHT,Thought
"""A prominent Brit dies abroad after a sexual e _ _ _ _ _ _ _ r,"" McCaskey said. ""The Fleet Street tabloids are all over that. Wilson's death not only cripples and probably terminates the new banking venture, it affects the stock price of his company. [9 Letters E _ _ _ _ _ R]",Fill-in-the-Blank,encounter,ENCOUNTER,Encounter
"Descending to the basement, she lifted the paper t _ _ _ _ s and checked the color in his face and made sure he was still breathing well. Then she replaced the towels and lightly spritzed them with more chloroform. [6 Letters T _ _ _ _ _ S]",Fill-in-the-Blank,towels,TOWELS,Towels
"However, in addition to this hero, the epic should contain at least half a d _ _ _ n secondary protagonists who are nearly as important as your hero. [5 Letters D _ _ _ _ _ N]",Fill-in-the-Blank,dozen,DOZEN,Dozen
"Since J23 was housed in a SCIF, or Sensitive Compartmented Information Facility, room, Puller and Bolling had to put their cell p _ _ _ _ s and other electronic devices inside a locker on the wall outside the entrance. [6 Letters P _ _ _ _ _ S]",Fill-in-the-Blank,phones,PHONES,Phones
"""Don't worry yet,"" Roland said calmly. ""Fellows like Gasher rarely get careless with their high-explosive toys."" They reached the tollbooths at the e _ _  of the bridge. Roland stopped just beyond, at the top of the curving ramp. [3 Letters E _ _ _ ]",Fill-in-the-Blank,end,END,End
"""Just what is that supposed to mean?"" he had asked s _ _ _ _ _ y. She didn't bother to answer; she had learned that when Gerald asked such questions, they were almost always rhetorical. [7 Letters S _ _ _ _ _ Y]",Fill-in-the-Blank,stiffly,STIFFLY,Stiffly
"I didn't like his hot b _ _ _ _ h storming down my neck, but I didn't complain. As long as he was behind me, nobody was going to sneak up on me unawares. [6 Letters B _ _ _ _ _ H]",Fill-in-the-Blank,breath,BREATH,Breath
"""Yeah, Uncle Reece,"" Zander agreed instantly, wrapping his a _ _ _  around Ham's middle. [4 Letters A _ _ _ ]",Fill-in-the-Blank,arms,ARMS,Arms
