QUESTION_TEXT,QUESTION_TYPE,OPTION_1,OPTION_2,OPTION_3
"Bill had stared with a k _ _ _  of dazed incomprehension at the lawn sprinkler, the aluminum screen door with the scrolled M in the center of it, and that avatar of suburban life, a grass-stained power-mower, standing in the driveway like a gasoline god waiting to be worshipped. [4 Letters K _ _ _ ]",Fill-in-the-Blank,kind,KIND,Kind
Malisse thanked him and exited s _ _ _ e left via the elevator. It had been a clumsy transition but would serve its purpose. [5 Letters S _ _ _ _ _ E],Fill-in-the-Blank,stage,STAGE,Stage
"UPON GLIMPSING THE MAN IN her peripheral vision, Jane might have dropped the h _ _ _ _ r and gone for the Heckler in her shoulder rig. But intuition inspired her instead to throw the hammer as she pivoted toward her assailant. [6 Letters H _ _ _ _ _ R]",Fill-in-the-Blank,hammer,HAMMER,Hammer
"Cold inside, colder and steadier than she'd have believed possible, Eve nodded. ""That's what I figured. You're just what you seem to be, Stella,"" she said, using the n _ _ _  she remembered from glimmers of her childhood. ""Exactly what you seem."" [4 Letters N _ _ _ ]",Fill-in-the-Blank,name,NAME,Name
"On the shelf behind the alcove bed, Toby's clock radio came on all by itself, and r _ _  music hammered them at full volume for a second or two. Then that other music. Tuneless, strange, but hypnotic. [3 Letters R _ _ _ ]",Fill-in-the-Blank,rap,RAP,Rap
"And the old g _ _ _  stirred, and giants awoke in the earth, and all of Westeros shook and trembled. Great cracks appeared in the earth, and hills and mountains collapsed and were swallowed up. [4 Letters G _ _ _ ]",Fill-in-the-Blank,gods,GODS,Gods
"In the faint light from the bar's neon s _ _ _ s, I watched her cross the beach at a fast walk that turned into a jog. [5 Letters S _ _ _ _ _ S]",Fill-in-the-Blank,signs,SIGNS,Signs
"She and Rosalie stood side by side, watching as Nettie left needful T _ _ _ _ s in a state which could only be described as heavily laden. [6 Letters T _ _ _ _ _ S]",Fill-in-the-Blank,things,THINGS,Things
"It seemed to me that in this day of pragmatists and materialists, a conventional spectre would be almost laughable; in the suburb that I envisioned, the people do not believe in that s _ _ _  of thing; it is almost improper. [4 Letters S _ _ _ ]",Fill-in-the-Blank,sort,SORT,Sort
"I know people tell s _ _ _ _ _ s at these gatherings. I don't want to do that. People tell s _ _ _ _ _ s, exchange stories. I don't know any stories. You know things about him that I never knew. This means nothing to me. [7 Letters S _ _ _ _ _ S]",Fill-in-the-Blank,stories,STORIES,Stories
But she loved him in spite of his eating h _ _ _ _ s because he' never once doubted her sanity or expressed a lack of belief in her wild story. [6 Letters H _ _ _ _ _ S],Fill-in-the-Blank,habits,HABITS,Habits
"He'd drink the first c _ _  standing up, then take the second over to the wrought-iron table that belonged in the corner, just there. For family meals. [3 Letters C _ _ _ ]",Fill-in-the-Blank,cup,CUP,Cup
"Her brow furrowed as she studied the Black sister, so bedraggled, and still so sure of herself. Ispan sat up a little s _ _ _ _ _ _ _ _ r, and darted glances full of amused contempt at Aviendha-and Elayne. [10 Letters S _ _ _ _ _ R]",Fill-in-the-Blank,straighter,STRAIGHTER,Straighter
"Then he served him to his father, who praised the taste and had a second s _ _ _ e. Afterward the gods transformed the cook into a monstrous white rat who could only eat his own young. [5 Letters S _ _ _ _ _ E]",Fill-in-the-Blank,slice,SLICE,Slice
"backed into a c _ _ _ _ r of his bedroom, he had put the barrel of a .32 automatic in his mouth and had pulled the trigger. [6 Letters C _ _ _ _ _ R]",Fill-in-the-Blank,corner,CORNER,Corner
"Tripod was perched on the edge of a bar stool at the end of the bar, his pelvic arrangement making it impossible to sit on the chair in a normal m _ _ _ _ r. [6 Letters M _ _ _ _ _ R]",Fill-in-the-Blank,manner,MANNER,Manner
"There was a rush of protests, a flurry of movements. Brigham ignored both and kept his eyes on Standish. It pleased him a great d _ _ _  to see the sweat begin to pearl on the colonel's forehead. [4 Letters D _ _ _ ]",Fill-in-the-Blank,deal,DEAL,Deal
"In the dim light he could discern a twisted shape, human turned animal. He realized that this was also the source of the peculiar smell, as waves of it streamed through the w _ _ _ _ w, gagging him. [6 Letters W _ _ _ _ _ W]",Fill-in-the-Blank,window,WINDOW,Window
"The Corpsetaker had changed into c _ _ _ _ _ s made of heavy biker leather, complete with a chain gaunt-let and spiked fighting bracers on her forearms. She wore a curved sword on her belt, a heavy tulwar that looked ugly and murderous. [7 Letters C _ _ _ _ _ S]",Fill-in-the-Blank,clothes,CLOTHES,Clothes
"Tolly Mune looked at the banks of vidscreens along both walls of the long, narrow communications room that they had refitted as Tuf's c _ _ _ _ _ l center. Slumped in her chair and crumpled under the gravity, she suddenly looked and felt her age. [7 Letters C _ _ _ _ _ L]",Fill-in-the-Blank,control,CONTROL,Control
