QUESTION_TEXT,QUESTION_TYPE,OPTION_1,OPTION_2,OPTION_3
"He was strong and untiring, and his long powerful l _ _ _  carried him forward in a steady swift lope that ate up the miles as if they were nothing. Already he had come a long way from their camp. [4 Letters L _ _ _ ]",Fill-in-the-Blank,legs,LEGS,Legs
"Colt bit his lip then, he didn't give a fuck if Rodman saw it. Not only was Lowe impersonating him, he was also telling folks he was a dirty c _ _ . That happened to him, fucking Rodman would bite his lip too. At least. [3 Letters C _ _ _ ]",Fill-in-the-Blank,cop,COP,Cop
"Knight hugged the wall and reached the doorway. He looked down the h _ _ _ _ _ y beyond and saw two doors, both open, lights off. [7 Letters H _ _ _ _ _ Y]",Fill-in-the-Blank,hallway,HALLWAY,Hallway
"Following the applause a woman in a bright blue dress and another piano p _ _ _ _ r took the stage. She sang a few bars of ""Skylark,"" then broke into a scat that cheered everybody up. [6 Letters P _ _ _ _ _ R]",Fill-in-the-Blank,player,PLAYER,Player
"""Sounds like it,"" Clark replied, thinking it might be time to stop thinking of him as Junior. ""Looks like he's in the f _ _ _ _ y business after all."" [6 Letters F _ _ _ _ _ Y]",Fill-in-the-Blank,family,FAMILY,Family
"The table I was lying on was the d _ _ _ _ g table, with carved chairs pulled back from it to make room for the doctor and everyone else. [6 Letters D _ _ _ _ _ G]",Fill-in-the-Blank,dining,DINING,Dining
"Ming interpreted his look and his smile deepened. ""She tells me you are smart. That you will not believe she has gone on the train to Miami."" He paused and added, ""A d _ _ _ _ t island?"" [6 Letters D _ _ _ _ _ T]",Fill-in-the-Blank,desert,DESERT,Desert
"The words fell on what I could only describe as a glowering silence. If Lord Skavis was anything like the rest of the Whites I'd met, Vittorio needed to bury him fast, or spend the rest of his life looking over his s _ _ _ _ _ _ r. [8 Letters S _ _ _ _ _ R]",Fill-in-the-Blank,shoulder,SHOULDER,Shoulder
"He also chose to ignore the fact that the Goulds and the Harrimans had built something that was useful, not destructive, to their societies. One other lesson he had learned from the previous c _ _ _ _ _ y was that cutthroat competition was wasteful. [7 Letters C _ _ _ _ _ Y]",Fill-in-the-Blank,century,CENTURY,Century
"After a lifetime with her sister, a first-class rock and roll fanatic, she was well indoctrinated into the world of loud music. The smoked salmon and spinach canapés weren't c _ _ _ _ _ _ _ e chip cookies, but they were tasty. [9 Letters C _ _ _ _ _ E]",Fill-in-the-Blank,chocolate,CHOCOLATE,Chocolate
"Aboard the Chimera, Harlan DeVane stood looking west over the deck r _ _ _  as the evening sun swooned into the sea, its sputtering tropical fire reflected in orange dabs on the water's surface. [4 Letters R _ _ _ ]",Fill-in-the-Blank,rail,RAIL,Rail
"She hadn't had to sell it, S _ _ _ _ e thought. He'd been sold the moment he'd walked in the front door. [6 Letters S _ _ _ _ _ E]",Fill-in-the-Blank,spence,SPENCE,Spence
"High winds from the heat of the fire, convection whirls, apparently blew at g _ _ _  force for several minutes. [4 Letters G _ _ _ ]",Fill-in-the-Blank,gale,GALE,Gale
"""You at a police s _ _ _ _ _ n?"" he asked. See, Bob knew me. [7 Letters S _ _ _ _ _ N]",Fill-in-the-Blank,station,STATION,Station
Inside the box Web saw halters and bridles and blankets and every other p _ _ _ e of equipment a horse might need. Strait ran his hand along the soft rubber that lined the outside of the boxes. [5 Letters P _ _ _ _ _ E],Fill-in-the-Blank,piece,PIECE,Piece
"""If there hadn't been, if Mama and Dad hadn't met each other so young, had this place to lock themselves to, she might have gone on to a _ _  school. She might have become a real artist. Experienced things, seen things. [3 Letters A _ _ _ ]",Fill-in-the-Blank,art,ART,Art
"It did not, nor did the ranch, and Joey was holding a clipboard and frowning at a display of windshield wipers when the investigator made his m _ _ _ . The long aisle was empty. It was almost noon, a Monday, and the store was practically empty. [4 Letters M _ _ _ ]",Fill-in-the-Blank,move,MOVE,Move
"""Baby, I lied,"" Ham stated with firm emphasis that was made firmer by his a _ _ _  going tight around me. [4 Letters A _ _ _ ]",Fill-in-the-Blank,arms,ARMS,Arms
"Without warning the sea began to boil as if a great flame had been applied beneath it. Fins appeared everywhere, converging on a small a _ _ _  immediately aft of the Erica Lynn: a dozen... two dozen... fifty sharks or more. [4 Letters A _ _ _ ]",Fill-in-the-Blank,area,AREA,Area
"""Live with it."" And she sighed long and deep when the hot w _ _ _ r began to pulse out from all directions. ""Oh yeah, this is good."" [5 Letters W _ _ _ _ _ R]",Fill-in-the-Blank,water,WATER,Water
