QUESTION_TEXT,QUESTION_TYPE,OPTION_1,OPTION_2,OPTION_3
"Canler remained behind, with the other Two Rivers lads, ready to lead them from the Black Tower in an escape attempt if something went wrong tonight. It made s _ _ _ e to leave him, despite his protests. He had a family. [5 Letters S _ _ _ _ _ E]",Fill-in-the-Blank,sense,SENSE,Sense
"I offer her this poor old vessel, which is large enough to hold my small soup without spilling or even splashing out, but which she would fill with liquid l _ _ _ t that would pour and pour out in blessing upon these islands and yet never would run out. [5 Letters L _ _ _ _ _ T]",Fill-in-the-Blank,light,LIGHT,Light
I could see the glow of a coal f _ _ _  within and a plump man reading in an easy chair through one of the ground floor windows. It was Alfred Muswell. [4 Letters F _ _ _ ],Fill-in-the-Blank,fire,FIRE,Fire
River did as he'd seen his f _ _ _ _ r do a thousand times-holding the flame to the remnants of the old tobacco until it smoldered and sucking in little puffs of air. Instantly his lungs burned. [6 Letters F _ _ _ _ _ R],Fill-in-the-Blank,father,FATHER,Father
"Half a tank of gas still. This Ford surely had a capacious f _ _ _  tank in which to burn Muslim oil. They were such ungrateful bastards, the Americans. Islamic countries sold them oil, and what did America give in return? [4 Letters F _ _ _ ]",Fill-in-the-Blank,fuel,FUEL,Fuel
"The airstrip looked to be the length of a nice suburban driveway, dangerous even in good w _ _ _ _ _ r. It didn't matter. They had no choice. If they crashed, at least there were people nearby. [7 Letters W _ _ _ _ _ R]",Fill-in-the-Blank,weather,WEATHER,Weather
"At a busy sportsman's store that sold everything from earthworms by the pint to six-packs of beer, Micky learned that three facilities in the area provided campsites with power-and-water hookups to m _ _ _ r homes and travel trailers. [5 Letters M _ _ _ _ _ R]",Fill-in-the-Blank,motor,MOTOR,Motor
"""By tomorrow,"" she announced in a throaty v _ _ _ e, and loudly, ""I'll have honored you till your knees won't hold you up."" Raucous laughter flared at the tables around them. [5 Letters V _ _ _ _ _ E]",Fill-in-the-Blank,voice,VOICE,Voice
"I was about to take the p _ _ _ e from my ear when I heard a man ask, ""This Tessa O'Hara?"" [5 Letters P _ _ _ _ _ E]",Fill-in-the-Blank,phone,PHONE,Phone
"White people didn't fret about putting their old ones away. It took a lot for black people to let them go, and even if somebody was old and alone, o _ _ _ _ s did the dropping by, the floor washing, the cooking. [6 Letters O _ _ _ _ _ S]",Fill-in-the-Blank,others,OTHERS,Others
"Even as her breath caught, caught again, he saw her s _ _ _ e. Undone, he captured those curved lips. Surrounded by her, drowning in her, he let himself take the pleasure, take the love. Take the hope. [5 Letters S _ _ _ _ _ E]",Fill-in-the-Blank,smile,SMILE,Smile
"""But you told me y _ _ _ _ _ _ _ y that you had talked about it with Kenneth Chandler."" [9 Letters Y _ _ _ _ _ Y]",Fill-in-the-Blank,yesterday,YESTERDAY,Yesterday
"Jadine felt the f _ _ _  again and another thing that wasn't fear. Something more like shame. Because he was holding my wrists so tight and pressing himself into my behind? God, what a nasty motherfucker. Really nasty. Stink nasty. [4 Letters F _ _ _ ]",Fill-in-the-Blank,fear,FEAR,Fear
The halfway h _ _ _ e in Baltimore is willing to take me if I can find a part-time job of some type. You said you had some interests there. [5 Letters H _ _ _ _ _ E],Fill-in-the-Blank,house,HOUSE,House
"Gradually, the clatter from the slots began to lessen, the first indication that the late s _ _ _ t was almost over. The couple at the end of the table, looking heavy-eyed, began discussing the stopover in Puerto Rico the next day. [5 Letters S _ _ _ _ _ T]",Fill-in-the-Blank,shift,SHIFT,Shift
"A waiter arrived with a shiny silver i _ _  bucket on a tripod. He put it down beside their table, smiled and left. Apparently, Wally had taken the liberty of ordering for both of them before she arrived. [3 Letters I _ _ _ ]",Fill-in-the-Blank,ice,ICE,Ice
"The Second Generationers didn't need weeks to ponder what they were going to do to him. However, TenSoon had forced them to let him speak his m _ _ _ , and the Seconds wanted to make certain he was properly punished. [4 Letters M _ _ _ ]",Fill-in-the-Blank,mind,MIND,Mind
"He was a poet who sometimes taught Free University classes or traveled in the western states of Utah, Nevada, and Arizona, speaking to high s _ _ _ _ l English classes, stunning middle-class boys and girls (he hoped) with the news that poetry was alive-narcoleptic, to be sure, but still possessed of a certain hideous vitality. [6 Letters S _ _ _ _ _ L]",Fill-in-the-Blank,school,SCHOOL,School
"""I am not like other c _ _ _ s, Lady of El Cavador. Other crews may do this, but not us. We carefully put unwanted items on the surface of asteroids so as not to leave a trail of ship-wrecking debris."" [5 Letters C _ _ _ _ _ S]",Fill-in-the-Blank,crows,CROWS,Crows
"THE FOLLOWING MORNING, Anton Birnbaum, appearing on a special edition of the PBS show ""Wall Street Week,"" explained why the destruction of Manhattan's financial d _ _ _ _ _ _ t did not exactly signal the end of the civilized world. [8 Letters D _ _ _ _ _ T]",Fill-in-the-Blank,district,DISTRICT,District
