QUESTION_TEXT,QUESTION_TYPE,OPTION_1,OPTION_2,OPTION_3
"""I'm terribly sorry."" Keeping her v _ _ _ e low, Layna struggled to fix a casual smile on her face. ""I didn't realize you'd be here. Aunt Myra asked if I'd bring her to see your grandparents. [5 Letters V _ _ _ _ _ E]",Fill-in-the-Blank,voice,VOICE,Voice
"Well, maybe they would and maybe they wouldn't. So far as he could see, he didn't have much c _ _ _ _ e in the matter. And that was for later. [6 Letters C _ _ _ _ _ E]",Fill-in-the-Blank,choice,CHOICE,Choice
"He reappeared a few feet away, clutching at his crushed windpipe. He tried to suck in a _ _ , but nothing reached his laboring lungs. [3 Letters A _ _ _ ]",Fill-in-the-Blank,air,AIR,Air
"""I wish my f _ _ _ _ r had been a clown,"" she said wistfully. [6 Letters F _ _ _ _ _ R]",Fill-in-the-Blank,father,FATHER,Father
"But you must remember that you increase the power of suffering, not by describing the injury or loss in greater detail, but rather by showing more of its causes and effect. blood and g _ _ _  eventually make the audience gag; [4 Letters G _ _ _ ]",Fill-in-the-Blank,gore,GORE,Gore
As I hung up the p _ _ _ e I had an almost violent surge of emotion as I thought about all the innocent people Henri had killed. [5 Letters P _ _ _ _ _ E],Fill-in-the-Blank,phone,PHONE,Phone
"He drops to his k _ _ _ s beside Beaver, scared and somehow awed by those tears. Because the Beav isn't just misting up, like the hero of a movie who may be allowed to shed a manly drop or two when his dog or his girlfriend dies; [5 Letters K _ _ _ _ _ S]",Fill-in-the-Blank,knees,KNEES,Knees
"""Yes, I read Dr. Morris's conclusions and agree. This doesn't, however, mean you're looking for a member of the medical community."" She held up a f _ _ _ _ r before Eve could protest. [6 Letters F _ _ _ _ _ R]",Fill-in-the-Blank,finger,FINGER,Finger
"With Aniki offering him meat a p _ _ _ e at a time, he settled down to a meal. We began to eat ours. [5 Letters P _ _ _ _ _ E]",Fill-in-the-Blank,piece,PIECE,Piece
"The shock of the moment hit Lightsong like a physical force. He froze, eyes wide, watching in horror as the red b _ _ _ d spilled out the front of Blushweaver's throat, staining her beautiful nightgown. [5 Letters B _ _ _ _ _ D]",Fill-in-the-Blank,blood,BLOOD,Blood
"She picked up the butcher knife and the half-eaten coffee c _ _ _  and went to the cellar, turning off the kitchen lights behind her. [4 Letters C _ _ _ ]",Fill-in-the-Blank,cake,CAKE,Cake
"She looks me over, doesn't like what she sees, and refuses to smile. ""Your name?"" Her name is Trudy, according to the cheap plastic badge pinned just above her massive left breast, and Trudy is precariously close to becoming the first name on my brand-new s _ _ _  list. [4 Letters S _ _ _ ]",Fill-in-the-Blank,shit,SHIT,Shit
"""You've had more problems than just the Bouviers."" I made it a s _ _ _ _ _ _ _ t. [9 Letters S _ _ _ _ _ T]",Fill-in-the-Blank,statement,STATEMENT,Statement
"Alais said quietly, ""We should be friends, because we're going to be sisters and we're almost the same age."" Her gaze ran thoughtfully over Nora from head to t _ _ , which made Nora uncomfortable; she squirmed. [3 Letters T _ _ _ ]",Fill-in-the-Blank,toe,TOE,Toe
"She dropped the bat and began throwing folded tarps across Becker's tied-up body. He tried to roll around to get out from under, but their combined w _ _ _ _ t got to be too much. [6 Letters W _ _ _ _ _ T]",Fill-in-the-Blank,weight,WEIGHT,Weight
"""We instruct in tai chi, karate, tai kwon do, aikido,"" Lu began. ""other f _ _ _ s and methods as well. We offer instruction to novices and continuing instruction and practice to the experienced."" [5 Letters F _ _ _ _ _ S]",Fill-in-the-Blank,forms,FORMS,Forms
"""She better not be,"" Bill said, and then a couple of guys came in and he went over to the counter and gave them a c _ _  ball. [3 Letters C _ _ _ ]",Fill-in-the-Blank,cue,CUE,Cue
"This world, this time, was full of w _ _ _ _ r. Hoyt wished he had time to learn it all, absorb it. There were no torches to light the room but instead something Cian called electricity. [6 Letters W _ _ _ _ _ R]",Fill-in-the-Blank,wonder,WONDER,Wonder
"Why don't you ever talk about yourself? I want to know more about you - where you were born, what k _ _ _  of parents you had, how you came to be an Ice Man. [4 Letters K _ _ _ ]",Fill-in-the-Blank,kind,KIND,Kind
"A police car was parked in front of her home twenty-four hours a day, ostensibly to make the family feel better. Slone's only t _ _ _ _ _ _ _ _ n station hired another rookie reporter to get to the bottom of things. [10 Letters T _ _ _ _ _ N]",Fill-in-the-Blank,television,TELEVISION,Television
