QUESTION_TEXT,QUESTION_TYPE,OPTION_1,OPTION_2,OPTION_3
"Besides, Fisher had just given Hoffman a flash d _ _ _ e full of useless information, so they were even. [5 Letters D _ _ _ _ _ E]",Fill-in-the-Blank,drive,DRIVE,Drive
"It puts him in a foul mood, and when the two of them sit down on the b _ _  and begin to kiss, he feels absent, alarmingly disengaged. Margot pulls back and asks if anything is wrong. [3 Letters B _ _ _ ]",Fill-in-the-Blank,bed,BED,Bed
"She slashed down hard, and Needle's castle-forged steel bit into the grasping f _ _ _ _ _ s between the knuckles. ""Winterfell!"" she screamed. Blood spurted, fingers flew, and the helmed face vanished as suddenly as it had appeared. ""Behind!"" Hot Pie yelled. Arya whirled. [7 Letters F _ _ _ _ _ S]",Fill-in-the-Blank,fingers,FINGERS,Fingers
"n _ _ _ h to south across the Mojave, vanishing in mist, a spine of rock jutted as high as twenty or thirty feet in some places, as low as three feet in others. [5 Letters N _ _ _ _ _ H]",Fill-in-the-Blank,north,NORTH,North
The only entries were dry little jottings that recorded the t _ _ _ s and places of his jobs with Sylvia-a page and a half in six months. [5 Letters T _ _ _ _ _ S],Fill-in-the-Blank,times,TIMES,Times
The p _ _ _ s conference will take place over the strong-almost strident-objections of an FBI/WSP task force headed by FBI agent John P. Redding and Wisconsin State Police Detective Jeffrey Black. [5 Letters P _ _ _ _ _ S],Fill-in-the-Blank,press,PRESS,Press
"I tried to stand, and only Jason's arm around my waist kept me from falling on the m _ _ _ _ e steps leading down from the tub. [6 Letters M _ _ _ _ _ E]",Fill-in-the-Blank,marble,MARBLE,Marble
"Looking in the t _ _ _ h bin, he saw taupe wisps of shredded silk and lace, the lilac-flowered imprints barely nuances in the tatters. He reached down and allowed the obliterated material of the lingerie Leah wore the night before to sift through his fingers. [5 Letters T _ _ _ _ _ H]",Fill-in-the-Blank,trash,TRASH,Trash
"On Friday, four days after the catastrophic fugue that followed the aortal graft on Viola Fletcher, Ginger Weiss was still a patient at Memorial Hospital, where she had been admitted after George Hannaby led her out of the snowy alleyway in which she had regained c _ _ _ _ _ _ _ _ _ _ _ s. [13 Letters C _ _ _ _ _ S]",Fill-in-the-Blank,consciousness,CONSCIOUSNESS,Consciousness
"""Oh? Bad news? You'd better tell me, yes."" After a long moment of s _ _ _ _ _ e in which the boy could hear the tinny, rasping sound of Morgan Sloat's voice stealing through the telephone wires: ""Oh, Jerry. My God. Poor Jerry. [7 Letters S _ _ _ _ _ E]",Fill-in-the-Blank,silence,SILENCE,Silence
"She was sure that if she tried to change the s _ _ _ _ _ t to things she cared about - the 'Skins' chances of getting a third Super Bowl victory in the 80s, for instance - he would gaze at her with surprise and contempt, and take her home. [7 Letters S _ _ _ _ _ T]",Fill-in-the-Blank,subject,SUBJECT,Subject
"He would feel the black man's breath on his very shoulder and that was when he would struggle up from sleep, escaping sleep, and the scream would be stuck in his throat like a hot bone or actually escaping his lips, loud enough to wake the d _ _ _ . [4 Letters D _ _ _ ]",Fill-in-the-Blank,dead,DEAD,Dead
"Slowly she inched forward as Niko's hand remained where it was, steady in the air. At last Glaki put her fingers in his. ""good e _ _ _ _ _ g, young one,"" Niko said quietly. ""What is your name?"" [7 Letters E _ _ _ _ _ G]",Fill-in-the-Blank,evening,EVENING,Evening
"""If you were a man you would rob me of one of the greatest p _ _ _ _ _ _ _ s of my life."" With another sigh, Serena quieted. ""I wish I were more like you-more like Gwen."" [9 Letters P _ _ _ _ _ S]",Fill-in-the-Blank,pleasures,PLEASURES,Pleasures
"""He's okay. Dunc's a good g _ _ . I screwed him. Stole from him. I don't blame him for firing me."" [3 Letters G _ _ _ ]",Fill-in-the-Blank,guy,GUY,Guy
"Even though, at the time, she was in full-blown drama mode, for once her drama being understandable, the second Hop saw her years ago, he'd thought she was definitely one fine p _ _ _ e of ass. [5 Letters P _ _ _ _ _ E]",Fill-in-the-Blank,piece,PIECE,Piece
"Two Secret Service people hit him like blitzing linemen, shoving him down on the f _ _ _ r with guttural, wordless yells, their guns out. Colin, the joker, piled directly on top of him, almost knocking his breath away. ""Stay down, Senator!"" Puppetman snarled at the interference. [5 Letters F _ _ _ _ _ R]",Fill-in-the-Blank,floor,FLOOR,Floor
"""Because it's not a big d _ _ _ ,"" I lied, not having a problem lying to Merry. I'd essentially been doing it, hiding my feelings for him, for years. [4 Letters D _ _ _ ]",Fill-in-the-Blank,deal,DEAL,Deal
"Lianna began to stride toward him, but Ambrose gripped her w _ _ _ t and tugged her back. [5 Letters W _ _ _ _ _ T]",Fill-in-the-Blank,wrist,WRIST,Wrist
"In the house overhead, something crashed over with thunderous impact, perhaps a breakfront or a tall c _ _ _ t of drawers, and dust sifted down upon us from the basement ceiling. [5 Letters C _ _ _ _ _ T]",Fill-in-the-Blank,chest,CHEST,Chest
