QUESTION_TEXT,QUESTION_TYPE,OPTION_1,OPTION_2,OPTION_3
Now the w _ _ _ d knew how she'd voted. Now a crazy man was stalking her. She was on leave from her job as a bookkeeper. Her nerves were shot; she couldn't sleep; she was sick of hiding in her own home; [5 Letters W _ _ _ _ _ D],Fill-in-the-Blank,world,WORLD,World
"Letters of a language Chance had never seen before glowed gold and wavered as if being viewed through great heat-yet he felt no warmth. Flames filled the open d _ _ _ _ _ y, leaping, twisting and writhing, yet in silence. [7 Letters D _ _ _ _ _ Y]",Fill-in-the-Blank,doorway,DOORWAY,Doorway
"With a shaky l _ _ _ h, Nadine stuffed the broken disc in her bag. It would go into the first recyler she came across. ""Okay, no sloppy stuff. But I owe you, Dallas."" [5 Letters L _ _ _ _ _ H]",Fill-in-the-Blank,laugh,LAUGH,Laugh
"Oh God, Deb had watched Logan and me greet, me make him smile and laugh, hand him some dirty t _ _ _ , him kiss me and guide me her way holding me close. [4 Letters T _ _ _ ]",Fill-in-the-Blank,talk,TALK,Talk
"No need for Tina Cobb as he had a _ _ _ _ s to Gannon's place and could've conducted a dozen searches while they were still an item."" [6 Letters A _ _ _ _ _ S]",Fill-in-the-Blank,access,ACCESS,Access
"""Jack, I think my fever's coming back again."" Richard smiled weakly. ""Maybe we should just s _ _ _  here for a while. We could rack out on the sofas for the night-"" [4 Letters S _ _ _ ]",Fill-in-the-Blank,stay,STAY,Stay
"""Granted, but they do have the r _ _ _ _ _ _ _ s of the American government."" [9 Letters R _ _ _ _ _ S]",Fill-in-the-Blank,resources,RESOURCES,Resources
"'Who?' Owen asked. They had just crossed the s _ _ _ e line into Massachusetts. In front of the car, the rain fell in silver, wind-slanted lines. 'The dog? Jonesy? Who?' [5 Letters S _ _ _ _ _ E]",Fill-in-the-Blank,state,STATE,State
"He could have sworn he'd gone shopping. Rummaging through the cupboards, he came up with a few slices of very moldy b _ _ _ d, a bag of coffee, six boxes of cornflakes and a single can of soup. [5 Letters B _ _ _ _ _ D]",Fill-in-the-Blank,bread,BREAD,Bread
"Fury he thought he'd already passed through sprang back, full-blown and fang-sharp. ""I don't give a good goddamn about the money. We can make our own m _ _ _ y. True Life wants to welsh on the deal, that's my brother's area-and the lawyer's. [5 Letters M _ _ _ _ _ Y]",Fill-in-the-Blank,money,MONEY,Money
So he did and he kept doing it until he heard the thud of a beer b _ _ _ _ e hitting the table. [6 Letters B _ _ _ _ _ E],Fill-in-the-Blank,bottle,BOTTLE,Bottle
"Maybe the community motto did not apply to newcomers until they had been in residence a year. I had not read the fine print on the sign that welcomed visitors at the t _ _ _  limits. Maybe during your first year, you were fair game. [4 Letters T _ _ _ ]",Fill-in-the-Blank,town,TOWN,Town
"He felt the fingers at his neck go limp, saw the s _ _ _ e fade, her eyes widen. Inside, Ariel felt as though someone had just cut off the flow of blood from her heart. [5 Letters S _ _ _ _ _ E]",Fill-in-the-Blank,smile,SMILE,Smile
"Why was it that too often he didn't recognize himself? He dumped toothpaste and a bottle of a _ _ _ _ _ n into a travel kit. ""I don't use my name when I'm working."" [7 Letters A _ _ _ _ _ N]",Fill-in-the-Blank,aspirin,ASPIRIN,Aspirin
"Chaplin made a movie called The Great Dictator. You've probably never even seen it. It was a common enough name for him during the w _ _  years, at any rate. You would be much too young to remember. But it means nothing."" [3 Letters W _ _ _ ]",Fill-in-the-Blank,war,WAR,War
"Let them know the last embrace of the mother, at least."" Men rode forward gingerly with knives; even for battle-hardened Shienarans it was no easy t _ _ _ , cutting down the flayed corpses of men they knew. [4 Letters T _ _ _ ]",Fill-in-the-Blank,task,TASK,Task
"And anyway, I'd been to Dom and Sissy's a gazillion t _ _ _ s, all their neighbors knew me and wouldn't blink an eye that I was there. Furthermore, I had a key (well, not really, but I knew where they hid the spare). [5 Letters T _ _ _ _ _ S]",Fill-in-the-Blank,times,TIMES,Times
"I can see now how, to a greater or lesser degree, every story I've ever written is about this story. And you know, I don't have a p _ _ _ _ _ m with that. [7 Letters P _ _ _ _ _ M]",Fill-in-the-Blank,problem,PROBLEM,Problem
The programmer pictured his memory as filled with h _ _ _ _ _ _ s of doors and began searching for anything he'd ever learned about brain function. [8 Letters H _ _ _ _ _ S],Fill-in-the-Blank,hundreds,HUNDREDS,Hundreds
"It's a long stretch for the Black Jets, but you can tank them going and coming-and put fighters up to protect the tankers. It's complicated, but we practice that s _ _ _  of thing. [4 Letters S _ _ _ ]",Fill-in-the-Blank,sort,SORT,Sort
