QUESTION_TEXT,QUESTION_TYPE,OPTION_1,OPTION_2,OPTION_3
"By then, however, his ever-simmering anger, which was the essence of his personality, had grown into a fiery rage, and he determined that if he could not have the control of the daughter that he had for so long pursued, then he would deny other p _ _ _ _ _ s the pleasure of their children's company. [7 Letters P _ _ _ _ _ S]",Fill-in-the-Blank,parents,PARENTS,Parents
"""Shut up."" His eyes as volatile as a s _ _ _ m at sea, he grabbed her face in his hands. ""She came by to see if I wanted to go out later. I told her no. [5 Letters S _ _ _ _ _ M]",Fill-in-the-Blank,storm,STORM,Storm
He turned to look at the rear of the house. The back door led into a small u _ _ _ _ _ y room. Had that actually been how the killer had entered? [7 Letters U _ _ _ _ _ Y],Fill-in-the-Blank,utility,UTILITY,Utility
He referred to the white marble wall with gold stars that memorialized the names of f _ _ _ d officers who'd died in the service of the CIA. [5 Letters F _ _ _ _ _ D],Fill-in-the-Blank,field,FIELD,Field
"""I see Maddy meant it literally when she told you the family would be here. The whole f _ _ _ _ y, from the looks of it,"" Freddie observed. ""That's Maddy's oldest boy trying to murder one of Trace's kids. I think."" [6 Letters F _ _ _ _ _ Y]",Fill-in-the-Blank,family,FAMILY,Family
"""Don't."" At her l _ _ _  of surprise, he shook his head. ""Just don't. Let's eat."" [4 Letters L _ _ _ ]",Fill-in-the-Blank,look,LOOK,Look
He'd have a little more privacy on the phone in his room. And Anna's business c _ _ _  was in his pocket. [4 Letters C _ _ _ ],Fill-in-the-Blank,card,CARD,Card
"It wasn't a simple matter of wanting to be touched or feel p _ _ _ _ _ _ e, it was a matter of needing to belong. Jordan studied her in silence, still holding her hand in his. [8 Letters P _ _ _ _ _ E]",Fill-in-the-Blank,pleasure,PLEASURE,Pleasure
"She saw the shadow, heard the thud of it when the blast kicked it back against the w _ _ _ . [4 Letters W _ _ _ ]",Fill-in-the-Blank,wall,WALL,Wall
"The other men in the crew were watching all this, their eyes shifting gravely from Nick to Vince to Baker and then back the other way like men watching some complicated new v _ _ _ _ _ n of tennis. [7 Letters V _ _ _ _ _ N]",Fill-in-the-Blank,version,VERSION,Version
"Tony was determined to. He'd always been completely self-absorbed. It was p _ _ _  of his charm. I didn't know all the details when we began to see each other. It-our affair and resulting marriage- was a minor scandal at the time."" [4 Letters P _ _ _ ]",Fill-in-the-Blank,part,PART,Part
"McMullen knew his boss well enough to read the e _ _ _ _ _ _ _ _ n he now wore: In choosing Jack Ryan as a target, the URC had focused the media spotlight on the former President. [10 Letters E _ _ _ _ _ N]",Fill-in-the-Blank,expression,EXPRESSION,Expression
But there was no time for regret. Below her was the beach - American troops shooting up at defenders on higher g _ _ _ _ d. Olga was now low enough to be in the thick of the fight. [6 Letters G _ _ _ _ _ D],Fill-in-the-Blank,ground,GROUND,Ground
"It's the same hotel they use for all their authors, and I had already stayed there several t _ _ _ s in the past. [5 Letters T _ _ _ _ _ S]",Fill-in-the-Blank,times,TIMES,Times
"Someone is watching over me on this night, because it turns out that the woman lives in my hometown. This is the best n _ _ _  I've heard in my entire life. She tells me to follow her home. [4 Letters N _ _ _ ]",Fill-in-the-Blank,news,NEWS,News
It didn't strike her as likely that a couple from the Midwest would be checking into a hotel at about the hour they would normally be entering REM s _ _ _ p patterns. [5 Letters S _ _ _ _ _ P],Fill-in-the-Blank,sleep,SLEEP,Sleep
"She pressed her free hand to her l _ _ _  as they drove. ""What are you going to do?"" [4 Letters L _ _ _ ]",Fill-in-the-Blank,lips,LIPS,Lips
"""Hop, it's nothing,"" said Flea. Who was Hop? Was Flea trying to placate the older b _ _  or [3 Letters B _ _ _ ]",Fill-in-the-Blank,boy,BOY,Boy
"People could steal things right off your computer, he knew, even while they were sitting in another country. When he wanted to use a computer he traveled to the local l _ _ _ _ _ y. [7 Letters L _ _ _ _ _ Y]",Fill-in-the-Blank,library,LIBRARY,Library
"If you went across this spacious white building that looked misleadingly like a comfortable old h _ _ _ e, you came to an identical foyer, this one outside the West Room, where the sign on the easel read ALBERTA BURNHAM NEDEAU. [5 Letters H _ _ _ _ _ E]",Fill-in-the-Blank,house,HOUSE,House
