QUESTION_TEXT,QUESTION_TYPE,OPTION_1,OPTION_2,OPTION_3
"Through hanging motes of pollen, a shingle-and-beam chalet-style lodge house came into v _ _ _ . It had river-stone chimneys and a massive deck out in front to soak in the view. [4 Letters V _ _ _ ]",Fill-in-the-Blank,view,VIEW,View
"One quiet, helpless gasp escaped her when his lips whispered over the tops of her breasts. Slowly, erotically, his t _ _ _ _ e slid under the lace to tease her hardened nipples. [6 Letters T _ _ _ _ _ E]",Fill-in-the-Blank,tongue,TONGUE,Tongue
Layne clenched his j _ _  and felt the muscle move in his cheek. [3 Letters J _ _ _ ],Fill-in-the-Blank,jaw,JAW,Jaw
"What she had assumed to be wallpaper as she entered and fell on the b _ _  was in fact calendars. Row after row of calendars: S. &. J. Automobile Parts, featuring a 1939 Hudson; the Cuyahoga River Construction Company ("" [3 Letters B _ _ _ ]",Fill-in-the-Blank,bed,BED,Bed
"Everyone laughed, chattered, volunteered to be next (""Orion knows how to throw a party""), as Gemini left the chair and the timelid and found Orion a few m _ _ _ _ s away at the controls. [6 Letters M _ _ _ _ _ S]",Fill-in-the-Blank,meters,METERS,Meters
"When she walked into Homicide she took a quick l _ _ _  at who was sitting at a desk, who was walking from place to place. Someone had his head stuck in a small, scarred refrigerator, but when he straightened, he was a stranger. [4 Letters L _ _ _ ]",Fill-in-the-Blank,look,LOOK,Look
"Moreau took a deep b _ _ _ _ h. ""If every operation went according to plan, none of us would be here. Third Echelon wouldn't exist. So 'what's up with that' is the unexpected. And we like that. It keeps us in business."" [6 Letters B _ _ _ _ _ H]",Fill-in-the-Blank,breath,BREATH,Breath
"She started to grab one herself but moved off when someone called her away. Instead, she found a reasonably quiet c _ _ _ _ r and began her run on Jeni Curve. [6 Letters C _ _ _ _ _ R]",Fill-in-the-Blank,corner,CORNER,Corner
"""There's a f _ _ _  of snow on the ground and it doesn't show signs of stopping,"" I replied. [4 Letters F _ _ _ ]",Fill-in-the-Blank,foot,FOOT,Foot
"He lay there several minutes, fighting for breath, fighting for strength. He could feel the steady r _ _ _  and fall of the breasts that were crushed under him, the clean angles of her body, the limp droop of the hands he still held imprisoned. [4 Letters R _ _ _ ]",Fill-in-the-Blank,rise,RISE,Rise
"""Melanie had a gun?"" Steady as a rock, Fairchild took Kirby's s _ _ _ _ _ _ _ s and turned her to face him. ""Why?"" [9 Letters S _ _ _ _ _ S]",Fill-in-the-Blank,shoulders,SHOULDERS,Shoulders
"Yes, maybe that would be best. The rain would very likely come before the cops got here (Collie didn't even hear any sirens yet), and that would play h _ _ _  with any hypothetical forensics. [4 Letters H _ _ _ ]",Fill-in-the-Blank,hell,HELL,Hell
Your fear and resolve wash through me as the gate vanishes and you must wind alone along the path to my tower. Your wonder ignites in my breast as you see the white s _ _ _ e walls rise before you at last. [5 Letters S _ _ _ _ _ E],Fill-in-the-Blank,stone,STONE,Stone
"For his sisters, he told Miranda as she waited impatiently and refused to be charmed by the tumbling glitter in d _ _ _ _ _ y windows. [7 Letters D _ _ _ _ _ Y]",Fill-in-the-Blank,display,DISPLAY,Display
"""Um, hello?"" Jonathan said. ""What about maybe destroying the w _ _ _ d?"" [5 Letters W _ _ _ _ _ D]",Fill-in-the-Blank,world,WORLD,World
"Farley lifted a hand in g _ _ _ _ _ _ g as the truck eased to a stop, and Coop climbed out. [8 Letters G _ _ _ _ _ G]",Fill-in-the-Blank,greeting,GREETING,Greeting
"m _ _ _ _ _ _ n climbing was not anyone's idea of fun, except maybe for those nutjobs who pined after Everest and K2. [8 Letters M _ _ _ _ _ N]",Fill-in-the-Blank,mountain,MOUNTAIN,Mountain
"""Listen and don't open your m _ _ _ h again unless there's something you don't understand. Get that damned black cart turned around. Put your men around it and hie on back the way we came. Join up with Lengyll and his men. [5 Letters M _ _ _ _ _ H]",Fill-in-the-Blank,mouth,MOUTH,Mouth
"He bends over me, his hands on his knees, his face down in my face, his skin pale except for two balls of color high up on his cheeks and I see the way his eyes are going back and forth, back and forth, and I know that he and right aren't even writing l _ _ _ _ _ s to each other anymore. [7 Letters L _ _ _ _ _ S]",Fill-in-the-Blank,letters,LETTERS,Letters
"I frowned and glanced down at the girl. Even worried, she was terribly beautiful, though her proximity to me lessened the impact of her outfit. Or l _ _ _  thereof. I focused on her face and said, ""Why do they hate him?"" [4 Letters L _ _ _ ]",Fill-in-the-Blank,lack,LACK,Lack
