QUESTION_TEXT,QUESTION_TYPE,OPTION_1,OPTION_2,OPTION_3
"But in the final screenwriter's version, only a single soldier is needed to win the game. As soon as anyone passes through an enemy g _ _ _ , the game is over. [4 Letters G _ _ _ ]",Fill-in-the-Blank,gate,GATE,Gate
"Cindy, a longtime f _ _ _ _ d, put her hand over his and squeezed gently. ""We'll take good care of her."" [6 Letters F _ _ _ _ _ D]",Fill-in-the-Blank,friend,FRIEND,Friend
Everything that wasn't quite dead was dancing above its grave. White misty phantoms. Sparkling angry lights. Agitated. There was more than one way to wake the d _ _ _ . [4 Letters D _ _ _ ],Fill-in-the-Blank,dead,DEAD,Dead
"""We won't have to. If he's got the e _ _ _ _ _ _ e, we'll see it soon enough. One thing I can't figure out, one of many, is why they sat on the evidence for so long."" [8 Letters E _ _ _ _ _ E]",Fill-in-the-Blank,evidence,EVIDENCE,Evidence
"Morning television proclaimed the fact for all-with the predictable live shots of neighborhood bakeries selling off their wares to happy, smiling crowds-and then concluding with word that the new revolutionary government was meeting today to discuss other m _ _ _ _ _ s of national importance. [7 Letters M _ _ _ _ _ S]",Fill-in-the-Blank,matters,MATTERS,Matters
God knew the word had bobbed up in his own m _ _ _  more than once since getting on the penny scale in front of the shoe store. [4 Letters M _ _ _ ],Fill-in-the-Blank,mind,MIND,Mind
Stella ran toward the cries. The Pakistani still held her hostage by the wrist. Stella dug her thumb into the pressure point between the Pakistani woman's t _ _ _ b and index finger until she found bone. The woman released her grasp. [5 Letters T _ _ _ _ _ B],Fill-in-the-Blank,thumb,THUMB,Thumb
"In a m _ _ _ y belt or a bag around his neck, even in his pocket. 'Put all your eggs in one basket, Lainie, the handle's going to break. Then all you've got is scrambled eggs.' You want coffee with this?"" [5 Letters M _ _ _ _ _ Y]",Fill-in-the-Blank,money,MONEY,Money
"Teachers (as you know, as they have told you) go home happy to their husbands because of me. So what is it I have done? Will someone with the a _ _ _ _ r to that question please stand up! [6 Letters A _ _ _ _ _ R]",Fill-in-the-Blank,answer,ANSWER,Answer
"At six hundred knots, in the middle of battle, the task was almost impossible, and the Americans, with their greater n _ _ _ _ _ s, had to hold fire until they were sure of their targets. [7 Letters N _ _ _ _ _ S]",Fill-in-the-Blank,numbers,NUMBERS,Numbers
"Then his h _ _ _ t twisted when he saw the state of the house. Struggle, evidence of it everywhere, oatmeal on the wall, a broken bowl on the floor under it, a shattered glass, a stool overturned. [5 Letters H _ _ _ _ _ T]",Fill-in-the-Blank,heart,HEART,Heart
"Nico and Hazel stared at him in stunned silence. Frank was afraid they might doubt him, or start to laugh. How many m _ _ _ _ _ _ s had he killed on that bridge - two hundred? Three hundred? [8 Letters M _ _ _ _ _ S]",Fill-in-the-Blank,monsters,MONSTERS,Monsters
"Id always found him distasteful, but fair, and I didnt want to be as ugly as my first inclination led me to be. Joel, I said again, trying to pick my w _ _ _ s carefully. [5 Letters W _ _ _ _ _ S]",Fill-in-the-Blank,words,WORDS,Words
"""I never had time to develop a lot of style, and I only say clever lines when they're fed to me. I wanted to see you."" Defiantly she sat on the edge of the s _ _ _ . ""So I came."" [4 Letters S _ _ _ ]",Fill-in-the-Blank,sofa,SOFA,Sofa
"He jerked her a _ _ , throwing her off balance. Before she could blink, he'd backhanded her. The checkbook flew out of her hand, and her shoulder rammed against the wall as she fell in the same direction. [3 Letters A _ _ _ ]",Fill-in-the-Blank,arm,ARM,Arm
"She also loved him so much, she refused to leave him, terrified he'd slip away when she wasn't around. She went to the grocery s _ _ _ e once a week. And Pastor Keller came to her on Sunday afternoons to pray with her. [5 Letters S _ _ _ _ _ E]",Fill-in-the-Blank,store,STORE,Store
"I liked the idea of talking with someone who could not see me. I watched his m _ _ _ h as he spoke. It was extremely active, almost an animated cartoon, a visual guide to the soundmaking process. [5 Letters M _ _ _ _ _ H]",Fill-in-the-Blank,mouth,MOUTH,Mouth
"There was a silence at the bottom of the well, broken only by the woman's stifled sobs. Then the yellow g _ _ _  around the demon deepened to gold and became tinged with red around the edges. ""Good-bye,"" [4 Letters G _ _ _ ]",Fill-in-the-Blank,glow,GLOW,Glow
"M _ _ _ _ _ s later, she was knocking on Prince Armand's office door. [7 Letters M _ _ _ _ _ S]",Fill-in-the-Blank,moments,MOMENTS,Moments
"Trash did not watch the missile, nor did he l _ _ _  back over at Cheese. Instead he switched his weapons to select a Sidewinder short-range heat-seeking missile. Trash had a ""tally"" on the Chinese Super 10, meaning that he could see him through his helmet-mounted sight. [4 Letters L _ _ _ ]",Fill-in-the-Blank,look,LOOK,Look
