QUESTION_TEXT,QUESTION_TYPE,OPTION_1,OPTION_2,OPTION_3
"""Except you're too stiff-necked to ask for one,"" he finished. ""You'd rather limp home in those mile-high heels than ask a f _ _ _ r."" [5 Letters F _ _ _ _ _ R]",Fill-in-the-Blank,favor,FAVOR,Favor
I didn't do stupid s _ _ _ f. Careful. Played it safe. Always. [5 Letters S _ _ _ _ _ F],Fill-in-the-Blank,stuff,STUFF,Stuff
"He risked a look at the little g _ _ _ , settled into his mother's arms as if she belonged there, blond hair curling delicately around her chubby-cherub face. [4 Letters G _ _ _ ]",Fill-in-the-Blank,girl,GIRL,Girl
Again she looked adorably confused when he switched to an earlier subject and he noted for future r _ _ _ _ _ _ _ e that she was foggy after a migraine. [9 Letters R _ _ _ _ _ E],Fill-in-the-Blank,reference,REFERENCE,Reference
"He walked out, closing the door gently behind him. Gendron heard his booming v _ _ _ e even through the thick walls, bandying with his secretary. His secretary was a sixty-year-old flat-chested biddy, and Stillson probably had her giggling like a schoolgirl. [5 Letters V _ _ _ _ _ E]",Fill-in-the-Blank,voice,VOICE,Voice
"I put the charge above head level, in shadow, where it was not likely to be seen even by s _ _ _ _ h parties looking for the missing demon. [6 Letters S _ _ _ _ _ H]",Fill-in-the-Blank,search,SEARCH,Search
"""What's going on? What happened?"" I asked as I came in through the kitchen door. My stomach was dropping, plunging. Nana and Sampson sat at the small d _ _ _ _ g table. They were talking, conspiring over something. [6 Letters D _ _ _ _ _ G]",Fill-in-the-Blank,dining,DINING,Dining
"""Stop talking,"" I snapped, cutting into their gruesome, macho t _ _ _  down memory lane. [4 Letters T _ _ _ ]",Fill-in-the-Blank,trip,TRIP,Trip
"He was a nice-looking man in a stylish suit, and this struck Theo as a little odd because none of the five male jurors wore a c _ _ _  or a tie. [4 Letters C _ _ _ ]",Fill-in-the-Blank,coat,COAT,Coat
"Wilson laughed. ""Yeah? I guess a little arrogance is good for the s _ _ _ ."" [4 Letters S _ _ _ ]",Fill-in-the-Blank,soul,SOUL,Soul
"At Dylan's request, Jilly got an Arizona map out of the g _ _ _ e box and studied it with a penlight while he drove northwest. [5 Letters G _ _ _ _ _ E]",Fill-in-the-Blank,glove,GLOVE,Glove
"He wore a T-shirt and b _ _ _ r shorts; his thick, muscular legs had split the fabric at the thigh. [5 Letters B _ _ _ _ _ R]",Fill-in-the-Blank,boxer,BOXER,Boxer
"How long was she going to make him wait? Michael paced the f _ _ _ r, contemplated the bottle of wine on the counter. It made him scratch his head. He'd actually gone out and bought wine. [5 Letters F _ _ _ _ _ R]",Fill-in-the-Blank,floor,FLOOR,Floor
"Not one to press his luck, Luke wrapped a piece of bread around some lunch m _ _ _  and gulped down the makeshift sandwich before going back to Roxanne. [4 Letters M _ _ _ ]",Fill-in-the-Blank,meat,MEAT,Meat
"He watched them walk away, among the headstones and markers, over plots of soft, sunken dirt and clumps of wild grass. h _ _  to h _ _ , they were already talking in excited whispers. [3 Letters H _ _ _ ]",Fill-in-the-Blank,hip,HIP,Hip
"""I have the account here somewhere...."" Thoth patted the pockets of his lab coat. He pulled out a rumpled piece of paper and read it. ""No, g _ _ _ _ _ y list."" [7 Letters G _ _ _ _ _ Y]",Fill-in-the-Blank,grocery,GROCERY,Grocery
"The disaster didn't start at twelve thirty-five when I heard the g _ _ _ _ e door go up, announcing my kids were there, and Mickey had not yet shown. [6 Letters G _ _ _ _ _ E]",Fill-in-the-Blank,garage,GARAGE,Garage
"He saw it now, laid out before him, chains of cause and e _ _ _ _ t. No, no, no. [6 Letters E _ _ _ _ _ T]",Fill-in-the-Blank,effect,EFFECT,Effect
"When the first peal faded to a soft rumble in a distant c _ _ _ _ r of the sky, he glanced toward the end of the hallway, where pale flickers of lightning played across the window as a second hard explosion shook the night. [6 Letters C _ _ _ _ _ R]",Fill-in-the-Blank,corner,CORNER,Corner
"She felt the same s _ _ _  of anticipation of discovery when she opened the envelope marked ""Jessica"" as she did when brushing the soil off an artifact. [4 Letters S _ _ _ ]",Fill-in-the-Blank,sort,SORT,Sort
