QUESTION_TEXT,QUESTION_TYPE,OPTION_1,OPTION_2,OPTION_3
"""And you won't get killed?"" She said this in a joking manner, but there was no h _ _ _ r in her look. ""I almost bought it, Puller. One more step, one more second, no soft pillows at the end of the runway, I'm not here."" [5 Letters H _ _ _ _ _ R]",Fill-in-the-Blank,humor,HUMOR,Humor
"But me, my jeans, tank, boots and socks, commando and braless, walked right out the door and, like we had many, many t _ _ _ s before, we took on the night. [5 Letters T _ _ _ _ _ S]",Fill-in-the-Blank,times,TIMES,Times
"Beyond that, however, the Senator's investigating committee had learned that PAC/ORD had a s _ _ _ _ t arm, the kind of cover setup known as a proprietary. This was Radial Matrix, a legally incorporated firm with headquarters in Fairfax County, Virginia. [6 Letters S _ _ _ _ _ T]",Fill-in-the-Blank,secret,SECRET,Secret
"""It would have been incredibly stupid for you to hold him. Look, old b _ _ , I know-"" [3 Letters B _ _ _ ]",Fill-in-the-Blank,boy,BOY,Boy
"The smile was eerie and mystifying and, to Rosenberg, as anyone could see, as odious as the hand of f _ _ _ _ _ _ _ _ p and the warm ""Shalom"" that had been tendered him by Demjanjuk the year before. [10 Letters F _ _ _ _ _ P]",Fill-in-the-Blank,friendship,FRIENDSHIP,Friendship
"""And she loves you. But you need to adore her from a distance. Send her letters and cards from Chicago. Flowers for her birthday. Call once a month and talk about movies and b _ _ _ s, but stay away from the family stuff."" [5 Letters B _ _ _ _ _ S]",Fill-in-the-Blank,books,BOOKS,Books
"""Come on, Christine,"" said an exasperated Lancaster. ""It's not like you don't know who I am. Some of your k _ _ _  go to the same school as Sandy. And you know Decker as well from working with Ken."" [4 Letters K _ _ _ ]",Fill-in-the-Blank,kids,KIDS,Kids
"""poor c _ _ _ _ e of words,"" notes Joey Chicago from behind the bar. [6 Letters C _ _ _ _ _ E]",Fill-in-the-Blank,choice,CHOICE,Choice
"""Well, it is a classic. I read it to my grandkids and I still get scared when the Big Bad Wolf comes into the story. And the pictures are really stunning."" She handed Decker the book and his library c _ _ _  back. [4 Letters C _ _ _ ]",Fill-in-the-Blank,card,CARD,Card
"I had done the right thing. Keeping that kind of i _ _ _ _ _ _ _ _ _ n out of Kim's hands had been the right decision. I had been protecting her from danger she didn't, couldn't, fully appreciate. [11 Letters I _ _ _ _ _ N]",Fill-in-the-Blank,information,INFORMATION,Information
"From there it had been a short h _ _  to FOB Kala Gush, where he parted company with the team, save Captain Wilson and his shattered leg, who accompanied him first to Ramstein Air Base, then on to Brooke Army Medical Center at Fort Sam Houston. [3 Letters H _ _ _ ]",Fill-in-the-Blank,hop,HOP,Hop
"""That's what I said. You're not the only one. There are h _ _ _ _ _ _ s of thousands of people. Isn't it reassuring to know that? You're like the woman on the radio who got phone calls from a missile base. [8 Letters H _ _ _ _ _ S]",Fill-in-the-Blank,hundreds,HUNDREDS,Hundreds
"On the few o _ _ _ _ _ _ _ s she had tried to explain it, he had become so enraged or impatient that she had silenced herself. She, who was known for her passion and temper, had been a cringing child around one man. [9 Letters O _ _ _ _ _ S]",Fill-in-the-Blank,occasions,OCCASIONS,Occasions
"""Little Nee-"" Eddie began, and then stopped. The blank w _ _ _  at the end of the closet was gone. Where it had been was a small clearing with boulders on one side and a steep, scrub-crusted hillside on another. [4 Letters W _ _ _ ]",Fill-in-the-Blank,wall,WALL,Wall
"But what shook Mister Fairsmith's faith, what brought him at the age of eighty to the very edge of an abyss even more terrifying than the one he had glimpsed twenty years earlier in Africa, was that rather than being the most profoundly religious e _ _ _ _ _ _ _ _ e of a Christian life, shepherding the Ruppert Mundys from one P. [10 Letters E _ _ _ _ _ E]",Fill-in-the-Blank,experience,EXPERIENCE,Experience
"Ms. Upton suddenly felt herself to be a sapling in a forest of giants, but she, too, had a job to do, and she was the only real e _ _ _ _ t on the scene. [6 Letters E _ _ _ _ _ T]",Fill-in-the-Blank,expert,EXPERT,Expert
"She moaned. And moved. Her free arm flung up over her head, her l _ _ _  parting on a shuddering breath that seemed to whisper in his blood. His own pulse thickened as he made love to her with his mind. [4 Letters L _ _ _ ]",Fill-in-the-Blank,lips,LIPS,Lips
The crimson taillights of a U.S. military helicopter shone and sparkled in the haze of s _ _ _ e. [5 Letters S _ _ _ _ _ E],Fill-in-the-Blank,smoke,SMOKE,Smoke
"Qati handed him the steak knife that he'd removed from the coffee s _ _ _  after dinner the previous night. Ghosn took it and cut deeply into the side of Russell's neck, just below the right ear. [4 Letters S _ _ _ ]",Fill-in-the-Blank,shop,SHOP,Shop
"The rough massage had only just begun to bring a little r _ _ _ _ f to Junior's legs when Sparky returned with six stoppered rubber bags full of ice. ""This was all the bags they had down at the drugstore."" [6 Letters R _ _ _ _ _ F]",Fill-in-the-Blank,relief,RELIEF,Relief
