QUESTION_TEXT,QUESTION_TYPE,OPTION_1,OPTION_2,OPTION_3
"Narrow windows looking to the four p _ _ _ _ s of the compass. Stone walls, stone floor. He had only a pile of reeds to lie on, because there should be no comforts to reward a boy who had brought shame on himself by his foolishness and stupidity. [6 Letters P _ _ _ _ _ S]",Fill-in-the-Blank,points,POINTS,Points
"Only what about the dead g _ _ _  back at the hotel? For she will have accomplished it by now, I'm sure. Thrown herself off the balcony in her underpants. Walked into the sea and drowned herself, wearing the world's tiniest bikini. [4 Letters G _ _ _ ]",Fill-in-the-Blank,girl,GIRL,Girl
"This statement immensely heartened Fric, and he sat up straight in his c _ _ _ r. Into his mind crowded all the things about which he wanted to tell Mr. [5 Letters C _ _ _ _ _ R]",Fill-in-the-Blank,chair,CHAIR,Chair
"The voice was liquid, wavering. Dan felt a c _ _ _ l go rushing down his back. His legs were colder still, prickled out in starpoints of gooseflesh. He could see those white bumps because he was wearing shorts. [5 Letters C _ _ _ _ _ L]",Fill-in-the-Blank,chill,CHILL,Chill
"w _ _ _ s seemed to fail him, so I borrowed one from H. P. Lovecraft, for whose stories we'd had such enthusiasm when we were thirteen: Eldritch. [5 Letters W _ _ _ _ _ S]",Fill-in-the-Blank,words,WORDS,Words
"Still, he understood, and he decided to play it straight. ""We have reason to believe your wife was very lucky tonight. This man has attacked twice before, and the other w _ _ _ n weren't so lucky."" [5 Letters W _ _ _ _ _ N]",Fill-in-the-Blank,women,WOMEN,Women
Liza was sipping her w _ _ _  and gazing at her son as if he just masterfully played an entire piece by Chopin on the piano and did it using nothing but the power of his mind. [4 Letters W _ _ _ ],Fill-in-the-Blank,wine,WINE,Wine
"Sixty or seventy yards below the ridge, he realized he should have brought the machine gun with him. Perhaps there were a c _ _ _ _ e of spare magazines of ammunition on the dead gunner's body. That would even the odds a bit. [6 Letters C _ _ _ _ _ E]",Fill-in-the-Blank,couple,COUPLE,Couple
"Latigo's men poured through the slot in the wall of brush like w _ _ _ r pouring into a funnel, gradually widening the gap as they came. [5 Letters W _ _ _ _ _ R]",Fill-in-the-Blank,water,WATER,Water
"The seeing room, on the next level, looked much like the hearing room, except that dedicates here looked into bowls of water, or crystals, or mirrors, and the w _ _ _ _ _ s were covered with precious glass. [7 Letters W _ _ _ _ _ S]",Fill-in-the-Blank,windows,WINDOWS,Windows
"""I'm sure I'll look fabulous,"" Kyle said, taking a c _ _  of coffee from Todd. Todd and Barry, both in khakis and polos, were unarmed but not far from their weapons. There was also a Nick and a Matthew somewhere close by. [3 Letters C _ _ _ ]",Fill-in-the-Blank,cup,CUP,Cup
"""Look, the other guys can barely put two words of English together and I'm not sure they're even literate in their own language. Like I said, John is a college b _ _ . He usually spends his lunch hour reading."" [3 Letters B _ _ _ ]",Fill-in-the-Blank,boy,BOY,Boy
He took the gun b _ _ _  off Vernon Klick's corpse and put it aside on the floor. [4 Letters B _ _ _ ],Fill-in-the-Blank,belt,BELT,Belt
For a ten-year-old to find he actually can steer himself through t _ _ _  of thousands of volumes to the very one he wants is not without its satisfactions. Nor did it count for nothing to carry a library card in one's pocket; [4 Letters T _ _ _ ],Fill-in-the-Blank,tens,TENS,Tens
"Robb resisted stubbornly. ""Ser Rodrik's red bitch whelped again last week,"" he said. ""It was a small litter, only two live pups. She'll have m _ _ _  enough."" [4 Letters M _ _ _ ]",Fill-in-the-Blank,milk,MILK,Milk
"In spite of having been washed thoroughly by the rain, he felt dirty. The desperate nature of the moment had required that he touch the Hand, including the most deformed parts of her, without a chance to pull on a p _ _ _  of gloves. [4 Letters P _ _ _ ]",Fill-in-the-Blank,pair,PAIR,Pair
"Spike never got his a _ _  together and fell back into the street life. Theo had been in court when Spike, at the age of seventeen, was sentenced as an adult to twenty years in prison for a multitude of crimes. [3 Letters A _ _ _ ]",Fill-in-the-Blank,act,ACT,Act
"Even as that occurred to her, she woke up a bit more. She could see, though it was as if she looked through a very blurry, distorting pane of g _ _ _ s. She felt . . . a power buzzing within her. [5 Letters G _ _ _ _ _ S]",Fill-in-the-Blank,glass,GLASS,Glass
"""But don't you dig up a lot of-"" She hesitated, not sure just how she wanted to phrase it. ""Things,"" Maggie decided weakly, ""in your l _ _ _  of work?"" [4 Letters L _ _ _ ]",Fill-in-the-Blank,line,LINE,Line
"Rigg has that e _ _ _ _ t on people, said Loaf. Wears em right out. [6 Letters E _ _ _ _ _ T]",Fill-in-the-Blank,effect,EFFECT,Effect
