QUESTION_TEXT,QUESTION_TYPE,OPTION_1,OPTION_2,OPTION_3
"Forrest shifted somehow in the porch swing and the chains creaked. They waited a moment, until all was quiet out there. Harry Rex opened a f _ _ _  and said, ""Here's the appraisal. [4 Letters F _ _ _ ]",Fill-in-the-Blank,file,FILE,File
"""Darling Eve, you know how that kind of talk thrills and excites me. How can I keep my mind off s _ _  now?"" [3 Letters S _ _ _ ]",Fill-in-the-Blank,sex,SEX,Sex
"She was sleeping beside him, her breathing echoing the slow, steady e _ _  and flow of the sea outside. She didn't curl up against him, but maintained her own space and gave him his. He told himself he appreciated that. [3 Letters E _ _ _ ]",Fill-in-the-Blank,ebb,EBB,Ebb
I will have to have your credit c _ _ _ s in order to get [5 Letters C _ _ _ _ _ S],Fill-in-the-Blank,cards,CARDS,Cards
"Reining up before the inn, his eyes went past the prisoners his soldiers held near the village well to the long gibbet marring the v _ _ _ _ _ e green. [7 Letters V _ _ _ _ _ E]",Fill-in-the-Blank,village,VILLAGE,Village
It amazed him that he actually felt chagrined. It was a sensation he hadn't felt in... too long to remember. Obviously living so closely with humans was a bad i _ _ _ _ _ _ _ e. [9 Letters I _ _ _ _ _ E],Fill-in-the-Blank,influence,INFLUENCE,Influence
"He made a sharp s _ _ _ d, half-laugh, half-snort. ""Still don't trust me? Well, Keleios, someone put a binding spell on you, and I had to break it to free you from your vision. [5 Letters S _ _ _ _ _ D]",Fill-in-the-Blank,sound,SOUND,Sound
She stuck it in the lock while Archer stood there with Pittleman slung over his s _ _ _ _ _ _ r like a carcass kill. Jackie swung the door wide and waved Archer in. [8 Letters S _ _ _ _ _ R],Fill-in-the-Blank,shoulder,SHOULDER,Shoulder
"Ace hissed air out between his t _ _ _ h and looked around nervously. His Challenger was standing nearby, and he had never in his life wanted so much to just get in and go. But he didn't dare. [5 Letters T _ _ _ _ _ H]",Fill-in-the-Blank,teeth,TEETH,Teeth
"Probably moving in. Who'd leave a looker like that behind? With that rationale established, Fred carefully laid the package on the d _ _ _  chair, where it would be sure to be found. He closed the door on his way out. [4 Letters D _ _ _ ]",Fill-in-the-Blank,desk,DESK,Desk
"""Stella, why don't you just ask me if I had sex with him instead of beating around the bush? Nothing I hate more than seeing a bush beat h _ _ _  to death."" [4 Letters H _ _ _ ]",Fill-in-the-Blank,half,HALF,Half
"Problem was, there just wasn't any room for improvement-not much anyway-and pushing too hard might have the effect of dulling the sharp edge already achieved. Ding felt as though he were the head coach of a particularly good f _ _ _ _ _ _ l team. [8 Letters F _ _ _ _ _ L]",Fill-in-the-Blank,football,FOOTBALL,Football
"The boy's slow approach had an air of ritual about it. He crested the small h _ _ _  and stood there for a moment quietly, the only noise coming from the other two children playing below. [4 Letters H _ _ _ ]",Fill-in-the-Blank,hill,HILL,Hill
"She had gotten past that one little point, and she had what she wanted as wel . She decided to look at the entire matter from a new a _ _ _ e. [5 Letters A _ _ _ _ _ E]",Fill-in-the-Blank,angle,ANGLE,Angle
"She looked at him then, steadily. ""I've never seen you use enhancements. Why did you purchase lip d _ _  and eye smudger from the Natural Perfection line at All Things Beautiful?"" [3 Letters D _ _ _ ]",Fill-in-the-Blank,dye,DYE,Dye
"About two minutes later, another eighteen-wheeler came into v _ _ _ . It was bearing so many lights that it appeared to be decorated for Christmas. To Ben's relief, it began to brake far back and came to a full stop on the berm behind the Merkur. [4 Letters V _ _ _ ]",Fill-in-the-Blank,view,VIEW,View
"She took a towel from the pile.""I catch up on the morning news while I do a couple m _ _ _ s, but there are a couple of iPods if you want music."" [5 Letters M _ _ _ _ _ S]",Fill-in-the-Blank,miles,MILES,Miles
"I decided to set aside the incident for the time being. If it happened again, then I would have no choice but to tell my m _ _ _ _ r. [6 Letters M _ _ _ _ _ R]",Fill-in-the-Blank,mother,MOTHER,Mother
"""You think any of this is supposed to make s _ _ _ e?"" Rogers paused. ""Was Jericho really in Building Q tonight?"" [5 Letters S _ _ _ _ _ E]",Fill-in-the-Blank,sense,SENSE,Sense
"And now this morning, he saw that the sun was precisely that shade of yellow, hanging up there like an enormous lemondrop. It brought back the s _ _ _ _ s and sounds and smells of Boaz's with surprising force. [6 Letters S _ _ _ _ _ S]",Fill-in-the-Blank,sights,SIGHTS,Sights
