QUESTION_TEXT,QUESTION_TYPE,OPTION_1,OPTION_2,OPTION_3
"The silliest, most shallow queries mostly came from Chief of Staff John Sununu-What's this idiot doing here? Horner asked himself-but later, w _ _ _ e watching CNN, he saw that the same ""dumb"" [5 Letters W _ _ _ _ _ E]",Fill-in-the-Blank,while,WHILE,While
"His older brother, Howie, and his sister-in-law were there, having flown in from California the night before, and there was one of his three ex-wives, the middle one, Nancy's mother, Phoebe, a tall, very thin white-haired woman whose right a _ _  hung limply at her side. [3 Letters A _ _ _ ]",Fill-in-the-Blank,arm,ARM,Arm
"Jon was not surprised. ""If it comes to swords, see where Hother's banner flies and put Mors on the other end of the l _ _ _ ."" [4 Letters L _ _ _ ]",Fill-in-the-Blank,line,LINE,Line
"Hot air gushing out of the d _ _ _ _ _ _ _ d vents brought no warmth to Agnes's chilled bones. Pushing a tangle of wet hair away from her face, she realized that her hands were shaking. [9 Letters D _ _ _ _ _ D]",Fill-in-the-Blank,dashboard,DASHBOARD,Dashboard
"But now Emma, whose worst c _ _ _ e probably had a lot to do with providing a decent living for her children, was lying there like so much meat, and her kids had no mommy. [5 Letters C _ _ _ _ _ E]",Fill-in-the-Blank,crime,CRIME,Crime
"Still, the dream nagged at him as he prepared for the day. It followed him into the executive w _ _ _ _ t room, tugged at the back of his mind as he pushed himself through reps and sets and pyramids. [6 Letters W _ _ _ _ _ T]",Fill-in-the-Blank,weight,WEIGHT,Weight
They ran down the s _ _ _ _ s toward him. Wrapped in a thick black [6 Letters S _ _ _ _ _ S],Fill-in-the-Blank,stairs,STAIRS,Stairs
"""Right. Well we really hit it off and he asks if I want to get a c _ _  of coffee. I figure he's looking to get laid, which isn't exactly objectionable in my mind, so I'll just entertain the possibility and see how it goes."" [3 Letters C _ _ _ ]",Fill-in-the-Blank,cup,CUP,Cup
"He had confidence in his quickness, his ability to cut and veer. Being small he presented an imperfect surface to anyone prepared to grab. He heard the s _ _ _ d become another sound and then a voice in the dark. [5 Letters S _ _ _ _ _ D]",Fill-in-the-Blank,sound,SOUND,Sound
"Ryan racked his b _ _ _ n to think of what that fact might be, but both reason and imagination failed him. [5 Letters B _ _ _ _ _ N]",Fill-in-the-Blank,brain,BRAIN,Brain
"'Okay,' he said, and after that he held relatively still while I extracted the stinger. 'Bees are nature's kamikaze pilots, Bow-Wow. Look in that g _ _ _ s box, you'll see the two who stung me lying dead at the bottom. [5 Letters G _ _ _ _ _ S]",Fill-in-the-Blank,glass,GLASS,Glass
"Two Asian men in their twenties were arranging flatware and wine glasses. A third man, Asian but a decade older than his coworkers, was rapidly folding white c _ _ _ h napkins into fanciful, peaked shapes. [5 Letters C _ _ _ _ _ H]",Fill-in-the-Blank,cloth,CLOTH,Cloth
"Lucy, screaming. Snapping back into the world. Curled on her side in the thick grass. Arms around her. A large tanned hand clutching her own and Miss Lindsay crouched close, f _ _ _ _ _ s pressed against Lucy's forehead. [7 Letters F _ _ _ _ _ S]",Fill-in-the-Blank,fingers,FINGERS,Fingers
"The gathered c _ _ _ d looked at Charlie in complete astonishment. Except for the news crew. They looked like kids on Christmas morning. The beefy guy immediately took his camera off a tripod, put it up onto his shoulder, and turned it on. [5 Letters C _ _ _ _ _ D]",Fill-in-the-Blank,crowd,CROWD,Crowd
"I hoped he was kidding, but I couldn't tell. He seemed so f _ _ _ l and warm, and yet...it was like sitting next to a nuclear reactor. I had a feeling he was full of more danger than I wanted to know. [5 Letters F _ _ _ _ _ L]",Fill-in-the-Blank,frail,FRAIL,Frail
"Before the last was back on the g _ _ _ _ d from its brief flight, Kelly had ejected the spent magazine and was inserting another, and seven of the cans moved a little more. [6 Letters G _ _ _ _ _ D]",Fill-in-the-Blank,ground,GROUND,Ground
"""That's her color this week,"" Grace commented. Automatically she went to the r _ _ _ _ _ _ _ _ _ _ r and took out the pitcher of lemonade she'd made. ""She tends to settle on one until she wears the crayon down to a nub, then she picks another."" [12 Letters R _ _ _ _ _ R]",Fill-in-the-Blank,refrigerator,REFRIGERATOR,Refrigerator
"But she kept walking as if she hadn't heard him. He took a few s _ _ _ s after her, then thought better of following her, then thought again and followed her anyway, only she had already made her way through the crowd and she wasn't anywhere in the house, top to bottom. [5 Letters S _ _ _ _ _ S]",Fill-in-the-Blank,steps,STEPS,Steps
"I eased myself down into a sitting position and leaned my head back against the car. Lily! You okay? a v _ _ _ e called from the crowd, and I saw my neighbor. [5 Letters V _ _ _ _ _ E]",Fill-in-the-Blank,voice,VOICE,Voice
"Dennis heard the rattling and sat up, grimacing at the stiffness in his back and the p _ _ _  and needles in his legs. [4 Letters P _ _ _ ]",Fill-in-the-Blank,pins,PINS,Pins
