QUESTION_TEXT,QUESTION_TYPE,OPTION_1,OPTION_2,OPTION_3
"I went down the slope, moving from t _ _ _  to t _ _ _ , using the trees for whatever cover they provided and to check my rate of descent. I wanted to be conscientious. I felt an unspecified sense of duty. [4 Letters T _ _ _ ]",Fill-in-the-Blank,tree,TREE,Tree
"The newspapers referred to him as the religious leader of New Jersey Jewry and, in reporting on his numerous public a _ _ _ _ _ _ _ _ _ s, invariably mentioned his ""gift for oratory"" along with the ten languages. [11 Letters A _ _ _ _ _ S]",Fill-in-the-Blank,appearances,APPEARANCES,Appearances
"She started to shake her head in d _ _ _ _ l, but he tightened his fingers. ""You knew I was in love with a woman who didn't even exist. [6 Letters D _ _ _ _ _ L]",Fill-in-the-Blank,denial,DENIAL,Denial
"""Trinity National Forest. The first woman, she was nineteen. The second was twenty. c _ _ _ _ _ e students. Outgoing, athletic, single. Both had part-time jobs. The first worked as a bartender, the second in a bookstore. [7 Letters C _ _ _ _ _ E]",Fill-in-the-Blank,college,COLLEGE,College
"""I know that, too. I'm a good c _ _ . Am I a good c _ _ , John?"" [3 Letters C _ _ _ ]",Fill-in-the-Blank,cop,COP,Cop
"Or wait: Soccer is the one with hooligans. Drunken american f _ _ _ _ _ _ l fans are just … drunks, I guess. [8 Letters F _ _ _ _ _ L]",Fill-in-the-Blank,football,FOOTBALL,Football
"The next time I woke up I was lying flat, staring at bare cedar rafters and an old ceiling fan. When I tried to move, cot springs clinked and clunked like a broken m _ _ _ c box. The fan wobbled precariously. [5 Letters M _ _ _ _ _ C]",Fill-in-the-Blank,music,MUSIC,Music
"Carefully he wrapped Ginny's f _ _ _ _ _ s around it, but they unbent the moment he let go. He picked up the root and pressed it to her lips. ""Here,"" he said, as though beckoning to an animal to eat from his hand. [7 Letters F _ _ _ _ _ S]",Fill-in-the-Blank,fingers,FINGERS,Fingers
"After that, I would be back to the status q _ _  of wary cooperation with the authorities-but that process would take precious time. A couple of days at the very least. [3 Letters Q _ _ _ ]",Fill-in-the-Blank,quo,QUO,Quo
"""Naomi's influencing you. Kelsey, you can't let these kinds of impulses seduce you into rushing from one way of l _ _ _  to another. You can't possibly understand the world you're toying with after so short a time."" [4 Letters L _ _ _ ]",Fill-in-the-Blank,life,LIFE,Life
"She gave him a look. ""Nah. That's just a m _ _ _ _ r of time. I doubt much of anything could do that at this point."" [6 Letters M _ _ _ _ _ R]",Fill-in-the-Blank,matter,MATTER,Matter
"So I wrote ""The plague s _ _ _ ,"" the tale of how Tuf came to be the master of the Ark, followed by the S'uthlam triptych, which gave the book a spine. Baen published Tuf Voyaging in February, 1986, as a novel. [4 Letters S _ _ _ ]",Fill-in-the-Blank,star,STAR,Star
"""Your r _ _ _  in life. So womanly. Men need civilizing, and you're just the one to do it."" [4 Letters R _ _ _ ]",Fill-in-the-Blank,role,ROLE,Role
"With Andy at his back, Mark turned his a _ _ _ _ _ _ _ n to the search engine, jetting straight for it. The HUD relayed the information about the eight security programmers streaking toward him, overtaking him quickly because this was their home ground. [9 Letters A _ _ _ _ _ N]",Fill-in-the-Blank,attention,ATTENTION,Attention
"One of the players is making a run of the table. After a pause to take in the new a _ _ _ _ _ _ s, he bends to shoot again. [8 Letters A _ _ _ _ _ S]",Fill-in-the-Blank,arrivals,ARRIVALS,Arrivals
"Ryan Dreher, Micah Demoux, Annie Gorringe, and Tom Conrad. (You guys were a w _ _ _ _ _ g group, even if you didn't know it!) Thank you all so much for your work and suggestions. [7 Letters W _ _ _ _ _ G]",Fill-in-the-Blank,writing,WRITING,Writing
"So this is Allure, St.-Germain considered as he wandered through a spacious foyer, then the luxurious l _ _ _ _ g room downstairs. He smiled as he observed the richly furnished surroundings inside the club on West Ninety-ninth Street… Elaborately carved double doors. [6 Letters L _ _ _ _ _ G]",Fill-in-the-Blank,living,LIVING,Living
"Cayhall into the gas chamber. Back to the anchorperson, a local kid with a peach fuzz mustache, who wrapped up the story by blitzing through Sam's horrible c _ _ _ e while over his shoulder in the background was a crude illustration of a Klansman in a mask and pointed hood. [5 Letters C _ _ _ _ _ E]",Fill-in-the-Blank,crime,CRIME,Crime
"He had meant it to be light, but there was a jag of old bitterness buried in the words. ""But I was persistent. The one thing in the w _ _ _ d I wanted was to be a Bloody Pirate…that summer, at least. [5 Letters W _ _ _ _ _ D]",Fill-in-the-Blank,world,WORLD,World
"At 9:15 that same m _ _ _ _ _ g, Kelly went over to the hospital bunker and waved the completed forms at Lily Kain. ""When they ask for their tents back, you can tell them we found a crate of bandage materials that we'd overlooked. [7 Letters M _ _ _ _ _ G]",Fill-in-the-Blank,morning,MORNING,Morning
