QUESTION_TEXT,QUESTION_TYPE,OPTION_1,OPTION_2,OPTION_3
"and when he drove, he was as single-minded as when he made l _ _ _ . On a long, uncrowded straight stretch of freeway, with all his attention riveted on the car beneath him and on the blurred pavement that succumbed to him, he rarely had patience for conversation. [4 Letters L _ _ _ ]",Fill-in-the-Blank,love,LOVE,Love
"He didn't hear the explosion of sound and music from the speakers. She didn't see the sudden kaleidoscope of color and movement on the screen. Hampered by the small seats, they shifted in an e _ _ _ _ t to get that much closer. [6 Letters E _ _ _ _ _ T]",Fill-in-the-Blank,effort,EFFORT,Effort
"The d _ _  seemed to consider the question, then apparently took Simon at his word and jumped in. [3 Letters D _ _ _ ]",Fill-in-the-Blank,dog,DOG,Dog
"' Do you really like to hear about people going around putting fine p _ _ _ _ s on it? Oh, and the other one-'She hung fire'-what is that anyway? I hung fire, you hung fire, we hung fire. [6 Letters P _ _ _ _ _ S]",Fill-in-the-Blank,points,POINTS,Points
"Now, despite the grisly circumstance, it was excitement that moved over Peabody's face. ""Yes, sir. Sir, first officer on-scene has a potential w _ _ _ _ _ s."" [7 Letters W _ _ _ _ _ S]",Fill-in-the-Blank,witness,WITNESS,Witness
"""Okay. First stop is Team OMEN. ETA is two-zero minutes. Ryan, you'd better grab h _ _ _  of something. We're going to start nap-of-the-earth. I have to talk to our backup."" [4 Letters H _ _ _ ]",Fill-in-the-Blank,hold,HOLD,Hold
"The reds gave him a Satanic, twitching k _ _ _  of smile. His mouth did odd, unlovely things at its corners. [4 Letters K _ _ _ ]",Fill-in-the-Blank,kind,KIND,Kind
"Eve followed the direction, and the noise. The activities room held tables, chairs, shelves full of what she supposed were activities. Sunlight blasted through the windows to wash a space done in aggressively bright primary c _ _ _ _ s. [6 Letters C _ _ _ _ _ S]",Fill-in-the-Blank,colors,COLORS,Colors
"""Where-?"" one of the two began wonderingly, then paused to clear her t _ _ _ _ t. ""How did you get those keys?"" It was Siuan Sanche's voice. [6 Letters T _ _ _ _ _ T]",Fill-in-the-Blank,throat,THROAT,Throat
Leaky was going for the throwing k _ _ _ e she used to protect herself against men too strong to allow them to come within reach of her. [5 Letters K _ _ _ _ _ E],Fill-in-the-Blank,knife,KNIFE,Knife
"Lean against the hood, whistle a tune. Might as well have a s _ _ _ e, pass the time. He'll be coming along in a minute. [5 Letters S _ _ _ _ _ E]",Fill-in-the-Blank,smoke,SMOKE,Smoke
"As another fax rolled through the machine, the p _ _ _ e rang again. Certainly it was Danilo, finally, with a wild story and all of this was for nothing. Perhaps just a dry run, a rehearsal to test her mettle under pressure. [5 Letters P _ _ _ _ _ E]",Fill-in-the-Blank,phone,PHONE,Phone
"You w _ _ _  down the halls, you know who's walkin' behind you. You have a chat with a Youth Group kid, you pay attention to what's goin' on on their face, not what's comin' outta their mouths and you also pay attention to who might be listenin' in. [4 Letters W _ _ _ ]",Fill-in-the-Blank,walk,WALK,Walk
"The vampires and the few humans among them stood staring at me. There was a little g _ _ _  in front, and for a second I thought, what the fuck are her parents thinking, then I realized she was a vamp. [4 Letters G _ _ _ ]",Fill-in-the-Blank,girl,GIRL,Girl
"""That's 'cause you had a long dry s _ _ _ l before Kent, and also 'cause Kent was a successfully disguised psycho, so when you met him neither of us saw he was a successfully disguised psycho and we just thought he was into you. [5 Letters S _ _ _ _ _ L]",Fill-in-the-Blank,spell,SPELL,Spell
"""Relatively brand new,"" Hof said. ""Another few days of touching up and that's it. People are already hard at w _ _ _ . So far everything's operating as per planned."" [4 Letters W _ _ _ ]",Fill-in-the-Blank,work,WORK,Work
"In the alley, she stepped into a dark corner between buildings. ""All right, Trick,"" she murmured. ""If you want to spend l _ _ _  as a necklace . . ."" [4 Letters L _ _ _ ]",Fill-in-the-Blank,life,LIFE,Life
"""Mark!"" she shouted, suddenly terrified. ""Mark! Oh my God!"" She ran from the room to get help, and was back within seconds with Denny, her partner, who took a quick l _ _ _ . [4 Letters L _ _ _ ]",Fill-in-the-Blank,look,LOOK,Look
"""Because if she's McDover's c _ _ _ t reporter, then she's in danger. We're listening to a lot of phones right now, and I can't give you the exact language, it was in some goofy semi-code, but it appears as though the boss has given the order."" [5 Letters C _ _ _ _ _ T]",Fill-in-the-Blank,court,COURT,Court
He held two steaming mugs in his hands as he emerged onto the foredeck. Wilbur heard the boilers to the rear of the main deck already producing a good head of s _ _ _ m and hissing through the 'scape pipes up on the hurricane deck. [5 Letters S _ _ _ _ _ M],Fill-in-the-Blank,steam,STEAM,Steam
