QUESTION_TEXT,QUESTION_TYPE,OPTION_1,OPTION_2,OPTION_3
Spotted cows still grazed on the sloping ground beyond the barn and milking parlor. A rolling field of hay waved in the light spring b _ _ _ _ e. Rhode Island Reds pecked and squawked behind the chicken wire. [6 Letters B _ _ _ _ _ E],Fill-in-the-Blank,breeze,BREEZE,Breeze
"""It has nothing to do with being psychic."" She thought she understood just where he was leading her. She wasn't ready to give him quite that much rope. ""I don't go in for visions second s _ _ _ t or whatever you call it."" [5 Letters S _ _ _ _ _ T]",Fill-in-the-Blank,sight,SIGHT,Sight
"Her hands fluttered once before she could control the movement. ""I'm making c _ _ _ _ e,"" she began. ""It should be ready in a minute."" She would have turned to arrange the cups and saucers, but he took her arm. [6 Letters C _ _ _ _ _ E]",Fill-in-the-Blank,coffee,COFFEE,Coffee
"""You're entitled. When you report in, check on the status of the autopsy. I want to be sure there's nothing weird in the t _ _  report. And make sure to change out of that silly dress."" [3 Letters T _ _ _ ]",Fill-in-the-Blank,tox,TOX,Tox
"With a terrific friend like Roy, with an important p _ _ _ _ _ _ n like team manager, and with a girl as pretty and nice as Heather-what more could he possibly ask? [8 Letters P _ _ _ _ _ N]",Fill-in-the-Blank,position,POSITION,Position
"""No,"" I said. ""The last thing we need is a small a _ _ _  of newbies floundering around and stumbling into us. That's asking for trouble in the short term, the long term, and every other term there might be. [4 Letters A _ _ _ ]",Fill-in-the-Blank,army,ARMY,Army
"We were on our way to Frank Walsh's office on twelve in the FBI building in d _ _ _ _ _ _ n manhattan. Susan and I worked under Walsh's supervision, though usually in separate divisions. Frank Walsh controlled several departments in the New York office. [8 Letters D _ _ _ _ _ N]",Fill-in-the-Blank,downtown,DOWNTOWN,Downtown
"""He made a pass neither one of us took seriously, and then… I think he made a phone call. I went back to w _ _ _ ."" [4 Letters W _ _ _ ]",Fill-in-the-Blank,work,WORK,Work
"""Or a g _ _ _ _ _ e truck,"" Mom suggested. ""Those great lumbering things on these hilly streets-why, if the brakes let go, what's to stop them? They'd go right through a house."" [7 Letters G _ _ _ _ _ E]",Fill-in-the-Blank,garbage,GARBAGE,Garbage
"The assailant came at him from behind. first b _ _ _  to the back of the head. Facial lacerations indicate the victim hit glass, face first. The second blow, jaw strike, took him down. [4 Letters B _ _ _ ]",Fill-in-the-Blank,blow,BLOW,Blow
"""Signorina,"" he said. He tipped his visored hat, knowing that I was the virgin's companion. ""Is she all right? The young g _ _ _ , Kathleena?"" [4 Letters G _ _ _ ]",Fill-in-the-Blank,girl,GIRL,Girl
"Jane moved toward a l _ _ _ _ _ r armchair, but the yellow-eyed cat leaped off the sofa and sprang onto that seat before she could occupy it. [7 Letters L _ _ _ _ _ R]",Fill-in-the-Blank,leather,LEATHER,Leather
"Edward drove us under an entrance that had a cow's skull nailed to it and said, ""dead h _ _ _ e Ranch."" It was so similar to a hundred western movies I'd seen on television that it seemed vaguely familiar. [5 Letters H _ _ _ _ _ E]",Fill-in-the-Blank,horse,HORSE,Horse
"Aunt Mildred saved him from the worst of it. Pulling strings, asserting her authority as chairman of the English Department, cutting through spool after spool of red t _ _ _ , threatening to quit in protest if the director of admissions didn't bend to her will, arguing her case over two hour-long meetings with the newly installed, anti-war president Francis F. [4 Letters T _ _ _ ]",Fill-in-the-Blank,tape,TAPE,Tape
"""It is,"" Lucien said, gently closing the b _ _ _  and swinging his feet to the floor. [4 Letters B _ _ _ ]",Fill-in-the-Blank,book,BOOK,Book
"It wasn't winter, but early f _ _ _ . There was no quilt, only a tangle of sheets that half covered her naked body as she curled into Parks. [4 Letters F _ _ _ ]",Fill-in-the-Blank,fall,FALL,Fall
"… to change. Sweet cold air filled his lungs, and his muscles and bones ran with fire as the transformation took h _ _ _ . [4 Letters H _ _ _ ]",Fill-in-the-Blank,hold,HOLD,Hold
"""By the end of next year,"" said Libby, moving rapidly on, ""we'll all be scattered all over the place again."" She had taken a s _ _ _  backwards into the hall. ""Would you like to get a last look at Rachel?"" [4 Letters S _ _ _ ]",Fill-in-the-Blank,step,STEP,Step
"""Golden boy with a social c _ _ _ _ _ _ _ _ e."" Dana attacked the Brie. ""Star athlete, high school and college. Track a specialty. Honor student but not a nerd. Semi-engaged a couple of times, but always managed to wiggle out before it stuck. [10 Letters C _ _ _ _ _ E]",Fill-in-the-Blank,conscience,CONSCIENCE,Conscience
"She put out her c _ _ _ _ _ _ _ e in the ash tray. The grainy look around her dark eyes gave her an air of knowingness-until she spoke. ""This is certainly a case of morals,"" [9 Letters C _ _ _ _ _ E]",Fill-in-the-Blank,cigarette,CIGARETTE,Cigarette
