QUESTION_TEXT,QUESTION_TYPE,OPTION_1,OPTION_2,OPTION_3
There was enough a _ _ _ r left from her encounter with Owen to have her strapping a short sword at her side as well as the dagger on her thigh. [5 Letters A _ _ _ _ _ R],Fill-in-the-Blank,anger,ANGER,Anger
"""And how have you spent today?"" Roarke asked her as the w _ _ _ _ _ _ s brought four glasses and a bottle of red to the table. [8 Letters W _ _ _ _ _ S]",Fill-in-the-Blank,waitress,WAITRESS,Waitress
"Mr. Blue then held up a silver metal device for all to see; it looked like a T _  remote control. ""This is a police scanner,"" he said. [2 Letters T _ _ _ ]",Fill-in-the-Blank,tv,TV,Tv
"After two hours, Patrick asked for a soft d _ _ _ k. Mast declared a fifteen-minute break. The time had gone so fast because the audience was enthralled. [5 Letters D _ _ _ _ _ K]",Fill-in-the-Blank,drink,DRINK,Drink
Call Jaffe. He was at a point with Bigoness where he could save nothing. There was a point beyond which it made no s _ _ _ e to go. That was called prudence- [5 Letters S _ _ _ _ _ E],Fill-in-the-Blank,sense,SENSE,Sense
"The Elariel ballroom was very different from the majestic Venture grand hall. The d _ _  room was only a single story high, and while it had a lot of stained-glass windows, they were all in the ceiling. [3 Letters D _ _ _ ]",Fill-in-the-Blank,dim,DIM,Dim
"The woman wore a d _ _ _ s that looked more like a shapeless sack than clothing, and smelled none too clean. [5 Letters D _ _ _ _ _ S]",Fill-in-the-Blank,dress,DRESS,Dress
"His end of the conversation derailed abruptly, distracted by a p _ _ _  of swinging hips in a pencil skirt, spotted across the precinct floor. He mumbled, ""Hang on a second."" [4 Letters P _ _ _ ]",Fill-in-the-Blank,pair,PAIR,Pair
Esmeralda feared both these stubborn souls would never see the magnificent stars in each other's eyes and understand what k _ _ _  of precious gift they had been given. [4 Letters K _ _ _ ],Fill-in-the-Blank,kind,KIND,Kind
"The mouse was half as long as his pinky f _ _ _ _ r, with black eyes and soft grey fur. Sam knew he ought to kill it. Mice might prefer bread and cheese, but they ate paper too. [6 Letters F _ _ _ _ _ R]",Fill-in-the-Blank,finger,FINGER,Finger
Then she said it herself but so what. So what if she said the same thing in the same w _ _ _ s. [5 Letters W _ _ _ _ _ S],Fill-in-the-Blank,words,WORDS,Words
"Lewis patted his forearm, sunburned and thick. ""This ride is a big h _ _ _ , honest."" [4 Letters H _ _ _ ]",Fill-in-the-Blank,help,HELP,Help
"""The watch found on Pembroke was hers, a Casio. Her mother confirmed it was the one her daughter wore. But Canney's f _ _ _ _ r told me that his son didn't wear a watch. I checked with one of my deputies. [6 Letters F _ _ _ _ _ R]",Fill-in-the-Blank,father,FATHER,Father
"His name was Jed. He had an unbelievably attractive v _ _ _ e and, back in the day when I was the old Lanie, I would have jumped on meeting him for coffee and, if his face or personality equaled the beauty of his voice, I would have hoped he'd jumped on me (and not end up being a jerk). [5 Letters V _ _ _ _ _ E]",Fill-in-the-Blank,voice,VOICE,Voice
"A whole w _ _ _ d had existed here. One the family had probably known little about. But what hadn't existed, as far as he could see, was anything worth the breaking and entering, or breaking the bones of an old woman. [5 Letters W _ _ _ _ _ D]",Fill-in-the-Blank,world,WORLD,World
"Jason kissed Justice lightly on the c _ _ _ k as he left. Justice only glared at him. Jason explained to Lared when they got outside. ""Justice hates it when I make people obey me out of fear. [5 Letters C _ _ _ _ _ K]",Fill-in-the-Blank,cheek,CHEEK,Cheek
"Michaels grabbed the small t _ _ _ _ _ _ _ _ n set on the stand next to the door and threw it at Bershaw, who reached up and batted it aside like it was a pillow. The TV set hit the floor and ruptured into three pieces. [10 Letters T _ _ _ _ _ N]",Fill-in-the-Blank,television,TELEVISION,Television
"Bubba uncrossed his arms and declared, ""I don't need this s _ _ _ ."" [4 Letters S _ _ _ ]",Fill-in-the-Blank,shit,SHIT,Shit
"""Tell him to load it and carry it until Paige and I can get there to pick up the g _ _ _ s."" [5 Letters G _ _ _ _ _ S]",Fill-in-the-Blank,girls,GIRLS,Girls
"""I want to go home, go to bed. I want to wake up yesterday before all of this happened. It's like a dream, a really bad d _ _ _ m."" [5 Letters D _ _ _ _ _ M]",Fill-in-the-Blank,dream,DREAM,Dream
