QUESTION_TEXT,QUESTION_TYPE,OPTION_1,OPTION_2,OPTION_3
"Edward didn't come out. I had half expected him to. He was hunting someone, but who? After what I'd seen tonight, I wasn't sure hunting them was such a bad i _ _ _ . [4 Letters I _ _ _ ]",Fill-in-the-Blank,idea,IDEA,Idea
"The bread in this country, he'd learned over the past six weeks, was just fabulous. Why did people knock English food? ""Hell, Patsy, look at your dad. That old b _ _ _ _ _ d is still in great shape."" [7 Letters B _ _ _ _ _ D]",Fill-in-the-Blank,bastard,BASTARD,Bastard
"He parks on the other side of the field o _ _ _ _ e, and then he and Mig walk around to see what Ripton's doing here on Saturday morning, and at this ungodly hour. [6 Letters O _ _ _ _ _ E]",Fill-in-the-Blank,office,OFFICE,Office
"And of course, misery loves c _ _ _ _ _ y, especially on a sunny afternoon when everybody wants to be anywhere but in the middle of a potential shoot-'em-up where people would probably die. [7 Letters C _ _ _ _ _ Y]",Fill-in-the-Blank,company,COMPANY,Company
"I sat there, trying to be very still, trying not to show in any movement, or lack of it, or facial expression that Weiskopf might know things that weren't in the news and that I might not want my fellow police o _ _ _ _ _ _ s to know. [8 Letters O _ _ _ _ _ S]",Fill-in-the-Blank,officers,OFFICERS,Officers
"He returned to the h _ _ _ e. In the kitchen, he put the ax on the table and pulled open a few drawers until he located a set of knives. He chose two-a butcher's knife and a smaller, pointier blade. [5 Letters H _ _ _ _ _ E]",Fill-in-the-Blank,house,HOUSE,House
They lit up a large low room carpeted in the same dark blue as the stairs. The room was lined with s _ _ _ _ _ s of small boxes. Along the left wall were four microfilm readers that looked like futuristic hair-driers. [7 Letters S _ _ _ _ _ S],Fill-in-the-Blank,shelves,SHELVES,Shelves
"Torrance seemed mesmerized by his wife. I crawled past him and past her, actually brushing her leg as I went by. They both ignored me in the eeriest way.Lynn had slid down the w _ _ _ . [4 Letters W _ _ _ ]",Fill-in-the-Blank,wall,WALL,Wall
"""Then I'll take care of it, Gloria."" He touched his f _ _ _ _ _ s to her lips, turned and left. [7 Letters F _ _ _ _ _ S]",Fill-in-the-Blank,fingers,FINGERS,Fingers
"""Unscrew it. We've got a few matters just a smidge more important than your d _ _ _  night and on-air debut. The vic was tranqed twice ."" [4 Letters D _ _ _ ]",Fill-in-the-Blank,date,DATE,Date
I finished with the last earring after I got the second bootie on and hurried down the s _ _ _ _ s toward the door. [6 Letters S _ _ _ _ _ S],Fill-in-the-Blank,stairs,STAIRS,Stairs
"Inside the stateroom, he let out a low whistle. Imagine it, he thought, taking a moment to dream. Just imagine traveling in such s _ _ _ e. [5 Letters S _ _ _ _ _ E]",Fill-in-the-Blank,style,STYLE,Style
"The last thing Jordan had said before kissing him goodbye and heading north was If you set a new v _ _ _ _ _ n of the program against the one Johnny and the others got at the checkpoint, they might eat each other up. [7 Letters V _ _ _ _ _ N]",Fill-in-the-Blank,version,VERSION,Version
"don't ask me how I felt this, trust me, I just knew). Detective Marker took notes and asked me if I knew how to get a h _ _ _  of my Dad- which I didn't. [4 Letters H _ _ _ ]",Fill-in-the-Blank,hold,HOLD,Hold
"They were in a car, on a lonely highway at sunset. Paige was driving, and he was belted in the front passenger s _ _ _ . [4 Letters S _ _ _ ]",Fill-in-the-Blank,seat,SEAT,Seat
"""What the hell does that mean?"" Henshaw asked as he made a m _ _ _ . [4 Letters M _ _ _ ]",Fill-in-the-Blank,move,MOVE,Move
"Perfectly decent job for a first job."" Her fellow foreign graduate students tell her that she's too good for Athena College, it would be too déclassé, but her fellow American graduate students, who would kill for a job teaching in the Stop & Shop b _ _ _ _ r room, think that her uppityness is characteristically Delphine. [6 Letters B _ _ _ _ _ R]",Fill-in-the-Blank,boiler,BOILER,Boiler
"The Riviera Motel was east of town, on the highway to Memphis. It was a 1950s-style dump with tiny r _ _ _ s, some known to be available by the hour, and a small café and a small lounge. [5 Letters R _ _ _ _ _ S]",Fill-in-the-Blank,rooms,ROOMS,Rooms
"Reverend Campbell asked if we would do everything in our p _ _ _ r to support this new family in the community? ""We will!"" everyone answered with great enthusiasm and warmth. [5 Letters P _ _ _ _ _ R]",Fill-in-the-Blank,power,POWER,Power
"But other times she'd pull out the black skillet and whip up eggs, bacon, and something called grits, apparently a Southern thing, which her b _ _ _ _ _ _ s had instantly loved but she couldn't stand. [8 Letters B _ _ _ _ _ S]",Fill-in-the-Blank,brothers,BROTHERS,Brothers
