QUESTION_TEXT,QUESTION_TYPE,OPTION_1,OPTION_2,OPTION_3
"""It must be at least six thousand square f _ _ _ ."" Lee continued to stare at the three-story, wooden-shingle-siding house that had dual stone chimneys and a cedar shake roof. Two broad veranda-style porches ran across the second and third floors, which gave it a plantation feel. [4 Letters F _ _ _ ]",Fill-in-the-Blank,feet,FEET,Feet
"""Yeah. Found out I'm not getting any younger. Other than that, I'd say cause of d _ _ _ h is tension pneumothorax, although the first strikes were probably here, here, and here."" [5 Letters D _ _ _ _ _ H]",Fill-in-the-Blank,death,DEATH,Death
"""I don't want to even think about what would've happened if I'd blown that."" He finished his task and started to rise, but his g _ _ _  caught on something. [4 Letters G _ _ _ ]",Fill-in-the-Blank,gaze,GAZE,Gaze
"His careless response was exactly the right one. Looking up again, she smiled. ""If I had followed my instincts that day on the b _ _ _ h when I kissed you, I'd have known differently a long time ago."" [5 Letters B _ _ _ _ _ H]",Fill-in-the-Blank,beach,BEACH,Beach
"She hadn't written a word before she walked away. The order would come to the t _ _ _ e as they'd asked for it and the check would come with a total at the bottom, that was it and it would be the right total. [5 Letters T _ _ _ _ _ E]",Fill-in-the-Blank,table,TABLE,Table
"He'd been the first d _ _  to play with, to be comforted by, in Ethan's life. From Dumbo he'd learned the meaning of unconditional love, had certainly trusted the dog long before he'd trusted Ray and Stella Quinn or the boys who would become his brothers. [3 Letters D _ _ _ ]",Fill-in-the-Blank,dog,DOG,Dog
"""I-"" God, she would love one, love to feel a horse beneath her again, let it have its head. Let herself lose hers. ""I'd enjoy that, but I don't have the time."" She offered Michael a polite, distant smile. ""I'll take a rain c _ _ _ k."" [5 Letters C _ _ _ _ _ K]",Fill-in-the-Blank,check,CHECK,Check
"Dr. Shapiro nodded while she looked at her w _ _ _ h. ""That's more difficult for me to reconcile. I could offer a theory, which is that maybe Mary's therapy was finally actualizing. The memory of those children was slowly slowly bubbling up. [5 Letters W _ _ _ _ _ H]",Fill-in-the-Blank,watch,WATCH,Watch
"""Foolish."" She dashed a t _ _ _  away. ""To cry over a stranger's dog. When we get home…"" [4 Letters T _ _ _ ]",Fill-in-the-Blank,tear,TEAR,Tear
"So now he asked, ""Freaking out? You use this expression in many different w _ _ _ ."" [4 Letters W _ _ _ ]",Fill-in-the-Blank,ways,WAYS,Ways
"I dropped to my knees, trying not to hit too heavy; no need to bruise. I did keep trying to talk to him. ""I am U.S. Marshal Anita Blake; I am serving an active warrant of e _ _ _ _ _ _ _ n."" [9 Letters E _ _ _ _ _ N]",Fill-in-the-Blank,execution,EXECUTION,Execution
"""Quiet. You weren't kidding about the bite on your shoulder."" She tipped her chin down, turned her head. Grimaced at the marks and bruising. ""b _ _ _ h had a jaw like a rottweiler."" [5 Letters B _ _ _ _ _ H]",Fill-in-the-Blank,bitch,BITCH,Bitch
"""I found out about it based on observations and hunches and a little research. He could have done the same. This is a relatively small t _ _ _ . He could have found out Simon Watson worked at the base any number of ways. [4 Letters T _ _ _ ]",Fill-in-the-Blank,town,TOWN,Town
"Quinn regarded the gun with a raised b _ _ _ . He'd been on the wrong end of one plenty of times before. ""Know how to use one of those, angel?"" ""You just pull this little trigger here."" She smiled. [4 Letters B _ _ _ ]",Fill-in-the-Blank,brow,BROW,Brow
"Disjointed images flashed through his mind, none remaining long enough to allow contemplation: the newspaper, a book-lined den, a filing c _ _ _ _ _ t, a hand-written letter, a telephone. [7 Letters C _ _ _ _ _ T]",Fill-in-the-Blank,cabinet,CABINET,Cabinet
"""Awake, after all this time,"" said the Index. It was a w _ _ _ _ _ r. Nafai wasn't altogether sure whether he was hearing it with his ears, or whether his mind was transforming the ambient noises-the desert breeze, their own breathing-into a voice. [7 Letters W _ _ _ _ _ R]",Fill-in-the-Blank,whisper,WHISPER,Whisper
"Instead, she'll see green and won't clue in that men do not want high-maintenance drama queens so much they steer well clear and until she shifts that s _ _ _  outta her life, it's gonna be a lonely one. [4 Letters S _ _ _ ]",Fill-in-the-Blank,shit,SHIT,Shit
"Hector had already moved on to Double or Nothing, his last picture at Kaleidoscope, and Gordon Fly was whispering in his column that w _ _ _ _ _ g bells were about to ring for a certain long-haired siren and her mustachioed, funny-man beau. [7 Letters W _ _ _ _ _ G]",Fill-in-the-Blank,wedding,WEDDING,Wedding
"He leaned in to the microphone. ""I am known on your w _ _ _ d as Dr. Tachyon."" [5 Letters W _ _ _ _ _ D]",Fill-in-the-Blank,world,WORLD,World
"Money lor a lot of books, phonograph records, a good rifle and shotgun and ammunition to hunt with, a little good w _ _ _ _ _ y and money for those damned sleeping pills. [7 Letters W _ _ _ _ _ Y]",Fill-in-the-Blank,whiskey,WHISKEY,Whiskey
