QUESTION_TEXT,QUESTION_TYPE,OPTION_1,OPTION_2,OPTION_3
"They seemed restless, as if a storm were on the way, but Roland had sniffed the a _ _  and there was no rain in it. [3 Letters A _ _ _ ]",Fill-in-the-Blank,air,AIR,Air
"She'd also restrained him at his ankles, legs spread wide, and his arms, also spread wide, not much s _ _ _ k. [5 Letters S _ _ _ _ _ K]",Fill-in-the-Blank,slack,SLACK,Slack
"At six minutes past noon, just as he buttoned his suit coat over the pistol, a sharp k _ _ _ k came at the door. [5 Letters K _ _ _ _ _ K]",Fill-in-the-Blank,knock,KNOCK,Knock
It was like experiencing it all through a w _ _ _  of water. The army of shrinks had finally given up. [4 Letters W _ _ _ ],Fill-in-the-Blank,wall,WALL,Wall
"I don't want to brag, but I had strong l _ _ _  and could dig my elbows into a chimney like no one else. [4 Letters L _ _ _ ]",Fill-in-the-Blank,legs,LEGS,Legs
"I'd be aiming lefts at his liver. That's on the right, pretty much on the beltline. It's a legal punch in a boxing ring, never m _ _ _  a parking lot, and if you find the spot it's a one-punch finisher. [4 Letters M _ _ _ ]",Fill-in-the-Blank,mind,MIND,Mind
"In fact, suitcases were open on a bench at the foot of the b _ _  and on a straight-backed chair; neither the luggage nor the furniture suggested a strategy for this battle. [3 Letters B _ _ _ ]",Fill-in-the-Blank,bed,BED,Bed
"An oversized human skull was mounted on a pedestal jutting from the wall. The skull was cracked in places, stained with age, a lurid coppery bronze, a drained gray. The eyeholes were rimmed with jewels and the jagged teeth painted s _ _ _ _ r. [6 Letters S _ _ _ _ _ R]",Fill-in-the-Blank,silver,SILVER,Silver
"""I killed the troll. The fur is a trophy. I don't understand your problem with wearing it."" Frost looked ghost pale against the black leather chair, and strangely decadent in his f _ _  coat. [3 Letters F _ _ _ ]",Fill-in-the-Blank,fur,FUR,Fur
"The water was cold on my naked s _ _ _ , but as I saw the ship pull away from the wharf and turn northeast, toward me, I splashed out into the water, and then, lying on the log as if I already needed it, paddled awkwardly out past the gathering breakers into the gentle swells of a calm sea. [4 Letters S _ _ _ ]",Fill-in-the-Blank,skin,SKIN,Skin
"A different angle, from another camera, cut in, showed the car heading toward the cameramen in f _ _ _ t of the car. They made it look as if he was trying to run them down. [5 Letters F _ _ _ _ _ T]",Fill-in-the-Blank,front,FRONT,Front
"There was a kind of willful stupidity about him. Eddie thought it was self-created and maybe propped up by his analyst, who would tell him about how he had to take c _ _ _  of himself, how he had to be the captain of his own ship, the author of his own destiny, respect his own desires, all that blah-blah. [4 Letters C _ _ _ ]",Fill-in-the-Blank,care,CARE,Care
He glanced at me sideways and gave a little n _ _ . Then he took one of the braids his daughter had made and kissed it. [3 Letters N _ _ _ ],Fill-in-the-Blank,nod,NOD,Nod
"This was as close as Fiske got to the water these days. l _ _ _ _ _ e time was over. He had no space left for it in his shortened frame of life. He enjoyed what he did, though, at least most of the time. [7 Letters L _ _ _ _ _ E]",Fill-in-the-Blank,leisure,LEISURE,Leisure
events (or fit them together) as the discarded parts of a number of roosting bats hit the floor of the c _ _ _ . [4 Letters C _ _ _ ],Fill-in-the-Blank,cave,CAVE,Cave
"Tony shifted his weight. ""Couple weeks ago. Maybe three. He came by the h _ _ _ e. I don't know how he found out where we're living. It was close to midnight. Scared Tracey. Woke up the kid. [5 Letters H _ _ _ _ _ E]",Fill-in-the-Blank,house,HOUSE,House
"Neither Ralph nor Lois had ever heard that v _ _ _ e raised in a scream, but both recognized it at once, nevertheless; it was Helen Deepneau's voice. 'Help us, please! We're in the cellar! We have children! [5 Letters V _ _ _ _ _ E]",Fill-in-the-Blank,voice,VOICE,Voice
His usefulness to Lescheva was diminishing which means Lescheva would be calling on the debt. Bill is an assclown and a nuisance and not worth the e _ _ _ _ t for most unless the opportunity presented itself. [6 Letters E _ _ _ _ _ T],Fill-in-the-Blank,effort,EFFORT,Effort
"Some g _ _ _ s panels were missing entirely, but each window had a comfortable sill on which he could sit, and the house's location at the corner of two streets gave him a long view along each of the four main points of the compass, since this part of the city streets was laid out along precisely surveyed north-south, east-west lines. [5 Letters G _ _ _ _ _ S]",Fill-in-the-Blank,glass,GLASS,Glass
"""I don't want to upset her. Don't give me that look,"" she snapped. ""You saw how she acted when she thought about the break-in. Can you imagine what would happen if I told her some maniac held a g _ _  on me?"" [3 Letters G _ _ _ ]",Fill-in-the-Blank,gun,GUN,Gun
