QUESTION_TEXT,QUESTION_TYPE,OPTION_1,OPTION_2,OPTION_3
"Then, someone moved, and she noticed the golden sash tied around his w _ _ _ t. At that moment, he turned absently, and Khriss got her first look at his face. [5 Letters W _ _ _ _ _ T]",Fill-in-the-Blank,waist,WAIST,Waist
"He took a deep b _ _ _ _ h and felt peace wash over him. Tonight, for the millionth time, he contemplated just leaving. But they would find him. Like iron filing to a magnet, the vampirized always found the creator. [6 Letters B _ _ _ _ _ H]",Fill-in-the-Blank,breath,BREATH,Breath
"""Listen, the trial is under way, and the judge really needs to know if you plan to show up tomorrow. We need you to testify and tell the j _ _ _  about Percy. [4 Letters J _ _ _ ]",Fill-in-the-Blank,jury,JURY,Jury
"And her f _ _ _ _ r replied with a catch in his voice, ""Then we will leave it in His hands."" [6 Letters F _ _ _ _ _ R]",Fill-in-the-Blank,father,FATHER,Father
The Curtis biplane that Eugene Ely first landed on the Pennsylvania in 1911 was equipped with many of the same items used by modern carrier a _ _ _ _ _ _ t. [8 Letters A _ _ _ _ _ T],Fill-in-the-Blank,aircraft,AIRCRAFT,Aircraft
"His legs felt as though they'd been filled with w _ _ _ r, and a cold sweat lay on his brow and the back of his neck. But in his heart was a fierce pride. [5 Letters W _ _ _ _ _ R]",Fill-in-the-Blank,water,WATER,Water
"Yeah, right, thought Step. And you want a j _ _  here and you have the delusion, you poor thing, that sucking up to me will help you get it. [3 Letters J _ _ _ ]",Fill-in-the-Blank,job,JOB,Job
There would have been gunshot residue on Debbies hand. Her gun had been fired. Some of Erics dried b _ _ _ d would have been on the floor. [5 Letters B _ _ _ _ _ D],Fill-in-the-Blank,blood,BLOOD,Blood
"Leo tapped down the stairs of the townhouse she shared with another girl from Royal Mojo Blues and out the door, into the street. His guards gathered close, summoned on the cellular t _ _ _ _ _ _ _ e used by George, his primo blood-servant. [9 Letters T _ _ _ _ _ E]",Fill-in-the-Blank,telephone,TELEPHONE,Telephone
Yet she needed to get through the t _ _ _ _ _ c lights that the blonde cleared or be left behind at an intersection. [7 Letters T _ _ _ _ _ C],Fill-in-the-Blank,traffic,TRAFFIC,Traffic
"""All right. Let's check his b _ _ _  accounts, see if you can get more background. An English teacher?"" [4 Letters B _ _ _ ]",Fill-in-the-Blank,bank,BANK,Bank
"""You were a fool,"" said Theresa. ""If you say it first, nobody else gets any points for saying it. Cover up nothing. Get a p _ _ _ s release out while you're in the air. You're Locke. You're Demosthenes. You can spin anything."" [5 Letters P _ _ _ _ _ S]",Fill-in-the-Blank,press,PRESS,Press
"Inconvenient, but at least there was nothing to connect him to that office. He had rented it under a phony n _ _ _ , and each time before he departed the office he wiped all surfaces that might have collected his fingerprints. [4 Letters N _ _ _ ]",Fill-in-the-Blank,name,NAME,Name
"Right frame, Tanner and Merry, a _ _ _  around each other's shoulders, far less formally posed but still taken by the wedding photographer in the same location as the middle picture. [4 Letters A _ _ _ ]",Fill-in-the-Blank,arms,ARMS,Arms
"There are two entry doors, the one on the left side with fold-down stairs, jump doors just aft of the wing on both sides, and the large loading r _ _ _  aft. [4 Letters R _ _ _ ]",Fill-in-the-Blank,ramp,RAMP,Ramp
"""Nothing to see here, folks!"" announced Sorren to the reporters. ""We'll have a s _ _ _ _ _ _ _ t for you in a few minutes. Just be a little patient."" [9 Letters S _ _ _ _ _ T]",Fill-in-the-Blank,statement,STATEMENT,Statement
"Her next thought was that she'd had a visit from the cardinal (this was how her m _ _ _ _ r had insisted Rosie speak of her menstrual periods, if she had to speak of them at all), but it was entirely the wrong time of the month for that. [6 Letters M _ _ _ _ _ R]",Fill-in-the-Blank,mother,MOTHER,Mother
My head came up again and I saw Roxie quickly approaching Luke in order to get in his face and I could hear her high-heeled b _ _ _ s hitting the pavement in an unmistakable pissed-off woman staccato. [5 Letters B _ _ _ _ _ S],Fill-in-the-Blank,boots,BOOTS,Boots
"The elevator stopped, the doors slid open and, my m _ _ _  still on the burn, I didn't think as I followed him out, down the hall to a room. He used the keycard and entered, not holding the door open for me. [4 Letters M _ _ _ ]",Fill-in-the-Blank,mind,MIND,Mind
"Brooke stayed long enough to give her sister a modicum of moral support then she gave him a look that gave him the f _ _ _ _ r without her hand making the gesture and, luckily, she got the fuck out of his house. [6 Letters F _ _ _ _ _ R]",Fill-in-the-Blank,finger,FINGER,Finger
