QUESTION_TEXT,QUESTION_TYPE,OPTION_1,OPTION_2,OPTION_3
"The s _ _  had gone behind the hills; Gregg was only a shadow, his features barely visible to her. ""It's your decision, Sara. Ellen and I always take a double suite; I use the second room as my office. [3 Letters S _ _ _ ]",Fill-in-the-Blank,sun,SUN,Sun
"Yeah. Unfortunately, the military arm was not here, he didn't have a real g _ _ , and a taser was what he did have. So-who to shoot?-assuming he could get close enough to shoot either one of them? [3 Letters G _ _ _ ]",Fill-in-the-Blank,gun,GUN,Gun
"He brought the dead vacii's c _ _ _ r over to the wall, stood on it, bringing the ventilator hole even with his face. He stood on tip-toe, reached into the shaft and levered himself up until his feet were off the chair. [5 Letters C _ _ _ _ _ R]",Fill-in-the-Blank,chair,CHAIR,Chair
"""I see."" After a brief p _ _ _ e, Annie tilted her head. ""When did you have the accident?"" [5 Letters P _ _ _ _ _ E]",Fill-in-the-Blank,pause,PAUSE,Pause
"Fortunately, I heard her pull into the d _ _ _ _ _ _ y before I tried something stupid. ""Anybody home?"" Gloria called, coming in through the kitchen. ""If you're a burglar, clear out."" [8 Letters D _ _ _ _ _ Y]",Fill-in-the-Blank,driveway,DRIVEWAY,Driveway
"He scrunched down further into his bed, his f _ _ _  hanging off one end of it. He didn't care if the camera saw him moving now. It didn't matter. [4 Letters F _ _ _ ]",Fill-in-the-Blank,feet,FEET,Feet
"The m _ _ _ y made it far easier. Instead of stealing trucks, they could buy them with cashier's checks drawn from an account set up by a person with false identification papers, who'd also been wearing a disguise at the time. [5 Letters M _ _ _ _ _ Y]",Fill-in-the-Blank,money,MONEY,Money
"What disgusted her most, though, was the way Sarai fawned over Abram. Instead of having a life of her own and friends of her own, Sarai's whole l _ _ _  was entirely centered on her husband. [4 Letters L _ _ _ ]",Fill-in-the-Blank,life,LIFE,Life
"Sylvia managed a weak s _ _ _ e. ""You're a very wise man."" [5 Letters S _ _ _ _ _ E]",Fill-in-the-Blank,smile,SMILE,Smile
"'Not spoiled,' he said. 'Tasteless. And not just that, either. It seemed to have no texture.' His mouth drew down in an involuntary expression of d _ _ _ _ _ t. [7 Letters D _ _ _ _ _ T]",Fill-in-the-Blank,disgust,DISGUST,Disgust
"So if it was a message, then it had to be in some k _ _ _  of code. [4 Letters K _ _ _ ]",Fill-in-the-Blank,kind,KIND,Kind
"And she's funny, and she's . . . wise, in a way I'm not. And she's gorgeous. I wouldn't much c _ _ _  if she were green or blue. I'm not sure what she sees in me."" [4 Letters C _ _ _ ]",Fill-in-the-Blank,care,CARE,Care
"It was still raining. If anything it was raining harder. The body bag wagons had all gone, and with them the crowd had drained away. No more c _ _ _  phone candles. But in front of the school was a mountain of flowers, hand-painted signs, Teddy bears. [4 Letters C _ _ _ ]",Fill-in-the-Blank,cell,CELL,Cell
"CAL SENT A DOZEN pink r _ _ _ s TO HIS MOTHER. She liked the traditional flower for Valentine's Day, and he knew his father always went for the red. [5 Letters R _ _ _ _ _ S]",Fill-in-the-Blank,roses,ROSES,Roses
"I'd complain to Micah about his choice of baby-sitters later, and he'd probably argue, if not Caleb, then who? For that, I didn't have a good a _ _ _ _ r. Hell, I didn't even have a bad answer. [6 Letters A _ _ _ _ _ R]",Fill-in-the-Blank,answer,ANSWER,Answer
"""The d _ _ _  clerk let me in."" His voice was very mild, amused, whether with himself or with me it was hard to tell. [4 Letters D _ _ _ ]",Fill-in-the-Blank,desk,DESK,Desk
"""I understood the 'thrill state' perfectly, Doctor. My theme song is 'Sympathy for the Devil.' The Rolling Stones? I always tried to take proper precautions-without breaking the s _ _ _ l. [5 Letters S _ _ _ _ _ L]",Fill-in-the-Blank,spell,SPELL,Spell
"She was dressed professionally, was about fifty or so, tall and on the heavy side, and her hair was cut very short. The g _ _  in the suit was next to her. [3 Letters G _ _ _ ]",Fill-in-the-Blank,guy,GUY,Guy
"He next went to the Richmond city jail and then the county jail in Henrico to speak with clients. With one, he discussed strategy for the man's upcoming trial. His inmate client offered to go on the w _ _ _ _ _ s stand and lie. [7 Letters W _ _ _ _ _ S]",Fill-in-the-Blank,witness,WITNESS,Witness
"""Well and late."" She sat down and locked her a _ _ _  over her head in a deep yawn. ""The air. The night air is incredible. It's like food."" [4 Letters A _ _ _ ]",Fill-in-the-Blank,arms,ARMS,Arms
