QUESTION_TEXT,QUESTION_TYPE,OPTION_1,OPTION_2,OPTION_3
"He poured b _ _ _ _ y into three small glasses and handed them around. ""To whom shall we drink?"" [6 Letters B _ _ _ _ _ Y]",Fill-in-the-Blank,brandy,BRANDY,Brandy
"They'd bared his chest, and it was a solid mass of purple bruises, so that we were a matched set. He glowered at me in silence, but he breathed steadily through the oxygen m _ _ _  on his face. [4 Letters M _ _ _ ]",Fill-in-the-Blank,mask,MASK,Mask
"Knight looked to me, lifted his other hand, snapped his f _ _ _ _ _ s once then pointed to his phone. ""He still there?"" Knight asked as I jumped off the stool and rushed toward his phone. [7 Letters F _ _ _ _ _ S]",Fill-in-the-Blank,fingers,FINGERS,Fingers
"""I want an a _ _ _ _ _ y."" She saw Eve wince, and smiled. ""Yes, I know it'll hurt, so I want one. Not for pursuing a line of investigation, and so on. For not trusting me."" [7 Letters A _ _ _ _ _ Y]",Fill-in-the-Blank,apology,APOLOGY,Apology
"Tess spent most of the afternoon there. By five she was nearly wrung dry. For the better p _ _ _  of an hour she'd been in session with a paranoid schizophrenic who had hurled obscenities then his lunch tray at her, before he'd ultimately been restrained by two orderlies. [4 Letters P _ _ _ ]",Fill-in-the-Blank,part,PART,Part
What's anything? I have f _ _ _ _ _ s who visit. Serious people. They think I'm here to find peace of mind. The age-old idiot whimsy. [7 Letters F _ _ _ _ _ S],Fill-in-the-Blank,friends,FRIENDS,Friends
"""Cash me in later,"" she requested, then gave him a smacking k _ _ _  on the mouth. ""But don't play with them."" [4 Letters K _ _ _ ]",Fill-in-the-Blank,kiss,KISS,Kiss
"It's been attested in every country in the w _ _ _ d, and by every people. Why, even the Bible has references to the ""ghouls that burrow in the earth"" [5 Letters W _ _ _ _ _ D]",Fill-in-the-Blank,world,WORLD,World
"The earth underneath Gaul's f _ _ _  began to heave, exploding upward as Gaul jumped. Perrin managed to protect his friend, creating a steel plate beneath him to deflect the blast, but it was a close thing. [4 Letters F _ _ _ ]",Fill-in-the-Blank,feet,FEET,Feet
"S _ _ _ _ _ e looked up, squinting in the sun. He wiped his nose against his forearm, sitting there holding the tarpot in one hand and the knife in the other. Hello Daddy, he said. [7 Letters S _ _ _ _ _ E]",Fill-in-the-Blank,suttree,SUTTREE,Suttree
Anne doubted her son John Paul's ability to learn faster than his older s _ _ _ _ _ _ s until the International Fleet representatives-led by Captain Hyrum Graff-came to test the children. [8 Letters S _ _ _ _ _ S],Fill-in-the-Blank,siblings,SIBLINGS,Siblings
"Two good men, with wives and c _ _ _ _ _ _ n in St. Dunstan. When she told me what she had done, I wanted to kill her, Lily! I wanted to throttle her with my bare hands!"" [8 Letters C _ _ _ _ _ N]",Fill-in-the-Blank,children,CHILDREN,Children
"The other is the inventor of the Stringer Automatic Baler, the most successful b _ _ _ _ _ _ _ _ _ n in Eudora-heck, let's be honest-in all of south Mississippi."" [11 Letters B _ _ _ _ _ N]",Fill-in-the-Blank,businessman,BUSINESSMAN,Businessman
ï¿½Did a spell cause it?ï¿½ Arzhel asked as he pushed the dark f _ _  of his cloak back from a face framed by thick brown curls that spilled down to his knees. [3 Letters F _ _ _ ],Fill-in-the-Blank,fur,FUR,Fur
"Jay jumped to the next t _ _ _ e, this one full of cartoon collectibles, and knocked over boxes filled with mugs and figurines as he kept moving. He glanced down and saw a red-garbed dog with a black U on its chest go flying. [5 Letters T _ _ _ _ _ E]",Fill-in-the-Blank,table,TABLE,Table
"Now it was clear to her, as clear as saidar made the face of the man trying to hide on that hill while peeking around a t _ _ _  trunk. Today, she had been forced to fight the Chosen. [4 Letters T _ _ _ ]",Fill-in-the-Blank,tree,TREE,Tree
"Malory slipped an a _ _  around her waist so they stood joined together. ""Why do you think it belongs with the other?"" [3 Letters A _ _ _ ]",Fill-in-the-Blank,arm,ARM,Arm
"'That may be true, probably is true, but how would we prove it? Do you know what I think the cops will find at wherever Charlie Pickering's been hanging his hat? A n _ _ _  saying it was all his idea. [4 Letters N _ _ _ ]",Fill-in-the-Blank,note,NOTE,Note
"It would be situated to ensure that the prevailing winds more often than not carried the stink away from the town, which meant in this case to the s _ _ _ h and west. [5 Letters S _ _ _ _ _ H]",Fill-in-the-Blank,south,SOUTH,South
They were free to concentrate on whichever of their personal p _ _ _ _ _ _ s they wished: the wrapped and shelved ones-the ones they always meant to take down and open one day-or the ones they caressed every hour. [8 Letters P _ _ _ _ _ S],Fill-in-the-Blank,problems,PROBLEMS,Problems
