QUESTION_TEXT,QUESTION_TYPE,OPTION_1,OPTION_2,OPTION_3
"It was by this road that the d _ _ _  trucks had carted away the coal when the mine was in operation, and he had used the same route to ferry by truck all the supplies he'd needed up here. [4 Letters D _ _ _ ]",Fill-in-the-Blank,dump,DUMP,Dump
"He concentrated, and felt the w _ _ _ d slide slightly around him. The colors faded; Lois's aura seemed to disappear back inside her skin. [5 Letters W _ _ _ _ _ D]",Fill-in-the-Blank,world,WORLD,World
"Mr. Mount stood in a c _ _ _ _ r and watched Theo at his best. He had seen this before, many times. The kid was a natural on his feet, the star of the Eighth-Grade Debate Team, of which Mr. Mount was the faculty adviser. [6 Letters C _ _ _ _ _ R]",Fill-in-the-Blank,corner,CORNER,Corner
"""Unfortunately,"" I said. ""Also, I think the k _ _ _ _ r is a human. I think it's just someone he was close to. It's like any well-planned murder except for the victim being a vampire."" [6 Letters K _ _ _ _ _ R]",Fill-in-the-Blank,killer,KILLER,Killer
"For whatever reason, Ulfänt Banderz lost control of the two Libraries' phase shift in the months before he died. The closer the Libraries come in time, the greater the space-time damage to the red s _ _  and the Dying Earth itself. [3 Letters S _ _ _ ]",Fill-in-the-Blank,sun,SUN,Sun
"Lady Aquitaine smiled. She touched her f _ _ _ _ _ _ _ _ s to his mouth and said, ""Don't make me press the point. Come with me. I will see to it that you rest deeply in what time you have."" She turned and started walking again. [10 Letters F _ _ _ _ _ S]",Fill-in-the-Blank,fingertips,FINGERTIPS,Fingertips
"GEORGE returned Alanna to the palace just after s _ _ _ _ t, where the ritual of Midwinter and of the Ordeal caught her up at last, leaving her only enough time to worry about doing everything properly. She ate lightly; [6 Letters S _ _ _ _ _ T]",Fill-in-the-Blank,sunset,SUNSET,Sunset
"""I've never had a cross glow when you were the only v _ _ _ _ _ e around."" [7 Letters V _ _ _ _ _ E]",Fill-in-the-Blank,vampire,VAMPIRE,Vampire
"A wonderful dog named Nickie had come to me when I was a girl…and now into my l _ _ _  had come this girl whose nickname became Nickie, and I thought it amusing and sweet, but nothing more."" [4 Letters L _ _ _ ]",Fill-in-the-Blank,life,LIFE,Life
"I decided for my own p _ _ _ e of mind, considering how fuzzy that mind was and how unable I was to use it at that current juncture, to ignore that too. [5 Letters P _ _ _ _ _ E]",Fill-in-the-Blank,peace,PEACE,Peace
Don't you dare call RAJ handicapped. His servants wouldn't take kindly to it. Step aside and clear a p _ _ _  for [4 Letters P _ _ _ ],Fill-in-the-Blank,path,PATH,Path
"as the cuckolded husband.21 Such trashy photos and the news that Simpson caught her fellating one of her lovers on the l _ _ _ _ g room couch, while the children slept upstairs, were enough to win O.J. [6 Letters L _ _ _ _ _ G]",Fill-in-the-Blank,living,LIVING,Living
"And then Shenk was gone, and I was out of the house entirely, desperately trying to find a way to get back in but failing because there were no operative phones, no electrical service, no operative security c _ _ _ _ _ _ r, everything shut down and in need of rebooting, so it was over for me. [8 Letters C _ _ _ _ _ R]",Fill-in-the-Blank,computer,COMPUTER,Computer
"There, sitting at a d _ _ _  with a little brass-colored MANAGER sign on it, was a cute girl of no more than fifteen; she was busily punching keys on a laptop. [4 Letters D _ _ _ ]",Fill-in-the-Blank,desk,DESK,Desk
"I don't think things are going to change now."" She led them inside. The ground floor of the c _ _ _ _ _ _ e house was filled with restored antique cars. Web looked at car-happy Romano and thought his partner was going to have a coronary. [8 Letters C _ _ _ _ _ E]",Fill-in-the-Blank,carriage,CARRIAGE,Carriage
She walked them across the lobby to where Rianna had a disc bag and a thick e _ _ _ _ _ _ e waiting. [8 Letters E _ _ _ _ _ E],Fill-in-the-Blank,envelope,ENVELOPE,Envelope
"They looked at me. ""You want to know who is in c _ _ _ _ e here, that's what all the arguing is about, correct?"" [6 Letters C _ _ _ _ _ E]",Fill-in-the-Blank,charge,CHARGE,Charge
"She moved the lounger, cooler, and the rest of her paraphernalia onto the shaded patio. She opened a second diet s _ _ _  and picked up the MacDonald novel again. [4 Letters S _ _ _ ]",Fill-in-the-Blank,soda,SODA,Soda
"She plucked a red b _ _ _  out of a basket of dog toys on the washing machine. ""She likes to fetch."" [4 Letters B _ _ _ ]",Fill-in-the-Blank,ball,BALL,Ball
"Miller looked around. ""All you need? Why, you don't even have e _ _ _ _ _ _ _ _ _ y or phones up here. As a God-fearing woman I'm sure you realize that our creator gave us brains so that we can take advantage of our surroundings. [11 Letters E _ _ _ _ _ Y]",Fill-in-the-Blank,electricity,ELECTRICITY,Electricity
