QUESTION_TEXT,QUESTION_TYPE,OPTION_1,OPTION_2,OPTION_3
"""Of course. But what if it fails, Robert? Will you work the rest of your life to repay even h _ _ _  of the losses? Why should Hulme enter into a partnership with you, when you have no money?"" [4 Letters H _ _ _ ]",Fill-in-the-Blank,half,HALF,Half
"""Well, speaking of sons, mine's seeing a new young lady. A local girl. And it happens her parents are members of your club. He'll be at the dinner dance t _ _ _ _ _ _ w night. I'm looking forward to introducing you."" [8 Letters T _ _ _ _ _ W]",Fill-in-the-Blank,tomorrow,TOMORROW,Tomorrow
"Two people. Bleeder and someone else? Or two helpers? MeLaan had seemed confident that Bleeder would be working alone, but this offered e _ _ _ _ _ _ e to the contrary. [8 Letters E _ _ _ _ _ E]",Fill-in-the-Blank,evidence,EVIDENCE,Evidence
"She nodded once, sharply, to Doroga, the gesture in itself a kind of wordless concession, and turned to walk several p _ _ _ s away through the snow and stand facing the Shieldwall. [5 Letters P _ _ _ _ _ S]",Fill-in-the-Blank,paces,PACES,Paces
"her v _ _ _ e seemed to arise from thin air and float through the room with the eeriness of a spirit speaking at a séance: ""He'll kill us all… kill… he'll kill us all…."" [5 Letters V _ _ _ _ _ E]",Fill-in-the-Blank,voice,VOICE,Voice
"""Three down from here. They starts the numbers from the other end, Lord knows why. You get upstairs through the ground f _ _ _ r, but tread careful, hi-ho!"" The shutter closed. [5 Letters F _ _ _ _ _ R]",Fill-in-the-Blank,floor,FLOOR,Floor
Malloy lifted the yellow police t _ _ _  stretched across the front door and unlocked a police padlock that had been installed there. [4 Letters T _ _ _ ],Fill-in-the-Blank,tape,TAPE,Tape
"""I do, yes. But we- keep in t _ _ _ h."" It was the wistfulness in her voice that had him glancing down as they walked into her clearing. ""You're missing your family?"" [5 Letters T _ _ _ _ _ H]",Fill-in-the-Blank,touch,TOUCH,Touch
"It was amusing in more than one way. Taking out a d _ _ _  dealer didn't trouble his conscience very much. Hell, he wondered why they didn't just shoot those drug-courier flights down. [4 Letters D _ _ _ ]",Fill-in-the-Blank,drug,DRUG,Drug
"""She thought you might be able to tell me who was in the d _ _ _ _ _ _ y room with Suzanne Cullen when her daughter was born. Maybe who her roommate was during her stay. [8 Letters D _ _ _ _ _ Y]",Fill-in-the-Blank,delivery,DELIVERY,Delivery
"""Sleeping with me has nothing to do with business."" Her voice chilled several degrees, just the kind of cold s _ _ _  that wrought damage. ""But if you're ashamed of it-"" She shrugged, turned and walked away. [4 Letters S _ _ _ ]",Fill-in-the-Blank,snap,SNAP,Snap
"From elsewhere in the large h _ _ _ e came a soft thump, as though a heavy object had fallen to a carpeted floor. [5 Letters H _ _ _ _ _ E]",Fill-in-the-Blank,house,HOUSE,House
"""Because, Lieutenant, I do what I want. I'll see you in the m _ _ _ _ _ g."" She nodded to Roarke, then slipped through the crowd. [7 Letters M _ _ _ _ _ G]",Fill-in-the-Blank,morning,MORNING,Morning
"""Sometimes I get a car and drive. Or I hitch a ride in an empty railroad boxcar. I even take a b _ _  from time to time."" [3 Letters B _ _ _ ]",Fill-in-the-Blank,bus,BUS,Bus
"Aes Sedai had Healed him as best he could, and he walked on a peg. He'd refused to retire through gateways with the badly injured, and Ituralde hadn't forced him. You didn't throw away a good o _ _ _ _ _ r because of one wound. [7 Letters O _ _ _ _ _ R]",Fill-in-the-Blank,officer,OFFICER,Officer
"""Roger that."" The l _ _ _ _ _ _ _ _ t colonel commanding the 390th rolled sideways again, looking down to see the massed tanks moving out from their assembly points, and for the first time in his life he wished that he was air-to-mud instead of air-to-air. [10 Letters L _ _ _ _ _ T]",Fill-in-the-Blank,lieutenant,LIEUTENANT,Lieutenant
"""We need a d _ _ _ _ r over here!"" she cried. ""Please, someone help us!"" [6 Letters D _ _ _ _ _ R]",Fill-in-the-Blank,doctor,DOCTOR,Doctor
"They worked quickly as the fair came to life and the a _ _  filled with breakfast smells. When the ponies were ready, Onua placed their packs on the first animal in each string. [3 Letters A _ _ _ ]",Fill-in-the-Blank,air,AIR,Air
I want a j _ _  where I can do a good job while I'm doing it and then I can go home to a place that's a home and just be home. I don't want anything. I'm done wanting. [3 Letters J _ _ _ ],Fill-in-the-Blank,job,JOB,Job
"A good many (the one named Haycox among them) listened with t _ _ _ s streaming down their faces. If asked earlier, Eddie would have said of course he understood the emotional weight beneath which this town was laboring. He hadn't. [5 Letters T _ _ _ _ _ S]",Fill-in-the-Blank,tears,TEARS,Tears
