QUESTION_TEXT,QUESTION_TYPE,OPTION_1,OPTION_2,OPTION_3
"Three stories down, through the branches of a maple t _ _ _ , scattering wet leaves. [4 Letters T _ _ _ ]",Fill-in-the-Blank,tree,TREE,Tree
In a comparatively short time the smell was so strong that I was obliged to pursue my daily activities with a strong paper c _ _ _  on the end of my nose. Occasionally I descended into the street to breathe. [4 Letters C _ _ _ ],Fill-in-the-Blank,clip,CLIP,Clip
"""Maybe,"" she said and laughed. ""Just maybe."" The lead-in music for the soap distracted her. ""Ah, here we go. Back to Trader's Bend."" Dropping onto the sofa, she pulled Booth with her. After ripping open the b _ _  of pretzels, Ariel became totally absorbed. [3 Letters B _ _ _ ]",Fill-in-the-Blank,bag,BAG,Bag
"welcomed it.The crevasse was perhaps eight y _ _ _ s wide at the center, narrowing toward both ends. It was no more than fifteen yards long, not very large-but large enough to have swallowed him up.He shuddered and looked away from it. [5 Letters Y _ _ _ _ _ S]",Fill-in-the-Blank,yards,YARDS,Yards
"On the other hand, rich families can afford the kind of lawyers who lay down a s _ _ _ e screen as a matter of course. And a lot of police forces aren't exactly gung-ho about investigating prominent pillars of the local community."" [5 Letters S _ _ _ _ _ E]",Fill-in-the-Blank,smoke,SMOKE,Smoke
"I crouched down and looked at the cement steps at my feet. Nothing. I looked up at the sides of the walls. The bullet hole was a puttycoloured gouge in the brown stucco, about four f _ _ _  up, just inside the doorway. [4 Letters F _ _ _ ]",Fill-in-the-Blank,feet,FEET,Feet
"An elegant woman by any standards - late f _ _ _ _ _ s, with the posture of a dancer, the beauty of an ageing movie star, and the bearing of a benevolent ruler - Amanda Knight was standing at her work table, dozens of fabric swatches arrayed in front of her. [7 Letters F _ _ _ _ _ S]",Fill-in-the-Blank,fifties,FIFTIES,Fifties
"The courtroom was crowded with cameras. (Jerry had heard that in the old days of freedom of the p _ _ _ s, cameras had often been barred from courtrooms. [5 Letters P _ _ _ _ _ S]",Fill-in-the-Blank,press,PRESS,Press
"I knelt beside him. ""You're hurting yourself. Stop it!"" I grabbed his wrists, held his bleeding hands in m _ _ _ . He stared at me, and the look on his face was raw, human. [4 Letters M _ _ _ ]",Fill-in-the-Blank,mine,MINE,Mine
"Norbom stared at his f _ _ _ _ d. ""You mean it. You really think you can square-dance right in and make him see reason."" [6 Letters F _ _ _ _ _ D]",Fill-in-the-Blank,friend,FRIEND,Friend
"She was still wearing it down there in the d _ _ _ , only now there was a hole in it with her hair sticking up. That look is all the rage among dead women this summer, I thought. [4 Letters D _ _ _ ]",Fill-in-the-Blank,dark,DARK,Dark
Across the lot Roy's Audi was parked next to a rear section of fence. The entire left side was crunched from the collision with the Town Car and the heavy t _ _ _ h cans. [5 Letters T _ _ _ _ _ H],Fill-in-the-Blank,trash,TRASH,Trash
"62 semiautomatic sniper rifle found a ladder to the t _ _  of the building and took up a position there. Both Sonny and the other SEAL called out targets, and he took them out. Soon the GAFE riflemen were calling out targets. [3 Letters T _ _ _ ]",Fill-in-the-Blank,top,TOP,Top
"""Skill and hard w _ _ _  won you that one,"" Lou disagreed. ""Where did you study?"" ""Harvard."" [4 Letters W _ _ _ ]",Fill-in-the-Blank,work,WORK,Work
"The nearby trash can had been peppered with bullets, a s _ _ _  hung down broken, and the cement bench looked like Swiss cheese. Most important, the metal railing had been shot to pieces and would easily give way. [4 Letters S _ _ _ ]",Fill-in-the-Blank,sign,SIGN,Sign
"Happy birthday, sweet s _ _ _ _ _ n. How excited you must be today. Sixteen is such an important birthday, especially for a girl. Young woman now, I know. My little girl is a young woman. [7 Letters S _ _ _ _ _ N]",Fill-in-the-Blank,sixteen,SIXTEEN,Sixteen
"If it came to that, Ishaq hoped they would tell him to wait. Going home would mean climbing the mountains to the Siachin Glacier. Or else he would have to attempt to make his way across the line of c _ _ _ _ _ l. [7 Letters C _ _ _ _ _ L]",Fill-in-the-Blank,control,CONTROL,Control
"fbi d _ _ _ _ _ _ r Burns had my schedule and itinerary at all times, even when I was off duty, which effectively meant that I was never off duty. [8 Letters D _ _ _ _ _ R]",Fill-in-the-Blank,director,DIRECTOR,Director
"My stomach in k _ _ _ s, my heart beating wildly, I nodded. [5 Letters K _ _ _ _ _ S]",Fill-in-the-Blank,knots,KNOTS,Knots
A vision of cool green f _ _ _ _ s passed before his mind. Shad held her till she stopped trembling. Then she jumped up and went to the bathroom to find some tissues. [6 Letters F _ _ _ _ _ S],Fill-in-the-Blank,fields,FIELDS,Fields
