QUESTION_TEXT,QUESTION_TYPE,OPTION_1,OPTION_2,OPTION_3
"""Offense and defense are two s _ _ _ s of the same coin, Dr. Ryan,"" Pickett replied, defending his former subordinate. ""We have to think like the bad guys do if we're going to stop them."" [5 Letters S _ _ _ _ _ S]",Fill-in-the-Blank,sides,SIDES,Sides
"Nor had he ever been to Texas, chauffeured a serial rapist and murderer, listened to his chilling confession, witnessed the chaos of a law f _ _ _  trying to save an innocent man, gone four days with virtually no sleep, picked up a speeding ticket in Oklahoma, or said yes to an invitation to pray with a man minutes before his death. [4 Letters F _ _ _ ]",Fill-in-the-Blank,firm,FIRM,Firm
"Loy had stopped coming by for free f _ _ _  once he had started moving nickel and dime bags of crack and speed around the neighborhood. It's hard to blame kids like Loy, as much as I would like to some days. [4 Letters F _ _ _ ]",Fill-in-the-Blank,food,FOOD,Food
Ordinarily such a remark would have sent her off. But his tone stopped her dead. She noted the holstered weapon. She suddenly realized she was surrounded by people carrying g _ _ _ . They seemed to be everywhere. Shots were now being fired. [4 Letters G _ _ _ ],Fill-in-the-Blank,guns,GUNS,Guns
I had no idea how long I'd been out. My eyes still burned from the fire in my dream. I stumbled out of b _ _  and opened the door. [3 Letters B _ _ _ ],Fill-in-the-Blank,bed,BED,Bed
"""Matthew Riggs. My company was hired to build the privacy f _ _ _ e on the property's perimeter."" [5 Letters F _ _ _ _ _ E]",Fill-in-the-Blank,fence,FENCE,Fence
"As the wolf's jaws came toward my throat, I furiously worked the buckle, feeling skin rip and tear from the wolf's hide as I jerked it open, and then threw my a _ _  to one side, clutching hard at the trailing strap. [3 Letters A _ _ _ ]",Fill-in-the-Blank,arm,ARM,Arm
"I leaned up on one elbow. ""I'll go,"" I volunteered, and then my b _ _ _  just gave out, and I was flat on my back. ""I can't seem to do it, Martha. I feel rotten. I can't move."" [4 Letters B _ _ _ ]",Fill-in-the-Blank,body,BODY,Body
"The moment passed. Cujo got to his feet, very slowly and wearily, and walked around to the f _ _ _ t of the Pinto. She supposed he had lain down there-she could no longer see his tail. [5 Letters F _ _ _ _ _ T]",Fill-in-the-Blank,front,FRONT,Front
"Tom Buckle isn't in the SUV, and Hollister is about to ask if the driver has seen a man in snowsuit pants and a flannel s _ _ _ t being taken aboard another vehicle. [5 Letters S _ _ _ _ _ T]",Fill-in-the-Blank,shirt,SHIRT,Shirt
"""As I said earlier, I have been told that you know South Cadbury better than anyone,"" Tathal said. ""I am here to see an older woman named Cora. She has a twin s _ _ _ _ r named Eleanor, I believe."" [6 Letters S _ _ _ _ _ R]",Fill-in-the-Blank,sister,SISTER,Sister
"I store my clothes, cosmetic and hygiene supplies, a few kitchen items, and paperwork there. I rent a secluded corner of a backyard a block from my storage area for twenty-five d _ _ _ _ _ s a month. [7 Letters D _ _ _ _ _ S]",Fill-in-the-Blank,dollars,DOLLARS,Dollars
I'll have Duma - that's my wife - bring us out something to eat…what do you say to some pretzels and a nice bottle of b _ _ _ ? [4 Letters B _ _ _ ],Fill-in-the-Blank,beer,BEER,Beer
"""The Umanoffs?"" ""They like you, you like them, they've known you all your life. They have a very nice a _ _ _ _ _ _ _ t."" ""Well, the people I stayed with have a very nice a _ _ _ _ _ _ _ t too."" ""Who are they?"" ""I told you, they're Sh-sherry's friends."" [9 Letters A _ _ _ _ _ T]",Fill-in-the-Blank,apartment,APARTMENT,Apartment
"The Potomac was calm tonight, with no boat traffic apparent. The thick line of trees on the Maryland side contrasted sharply with the bright l _ _ _ _ s of Old Town Alexandria on the Virginia side and the Capitol dome and national monuments to the north. [6 Letters L _ _ _ _ _ S]",Fill-in-the-Blank,lights,LIGHTS,Lights
"Lifting the damp c _ _ _ h that lay across her eyes, carefully so she did not catch the bracelet-and-rings angreal in her hair-she wore that and her jeweled ter'angreal every waking moment now-Nynaeve sat up on the edge of her bed. [5 Letters C _ _ _ _ _ H]",Fill-in-the-Blank,cloth,CLOTH,Cloth
"The nail wounds remained in her palms, visible only to him, but he thought that they had closed somewhat. The f _ _ _  of blood had diminished. [4 Letters F _ _ _ ]",Fill-in-the-Blank,flow,FLOW,Flow
"'But there's this way he drums his fingers on the t _ _ _ e. Not even like really drumming. More like in-way between drumming and like this scratching, picking, the way you see somebody picking at dead skin. [5 Letters T _ _ _ _ _ E]",Fill-in-the-Blank,table,TABLE,Table
He stumbled again when he showed up in early December and began pestering the chief j _ _ _ _ _ e to see the docket and have a look at some of the upcoming cases. [7 Letters J _ _ _ _ _ E],Fill-in-the-Blank,justice,JUSTICE,Justice
"""Yeah, that's my take. And it's meaner than the first v _ _ _ _ m. That was quick and clean. He may be escalating, wants more bang for the buck. Except... Can you take a look? I'll send you the record from the first responders."" [6 Letters V _ _ _ _ _ M]",Fill-in-the-Blank,victim,VICTIM,Victim
