QUESTION_TEXT,QUESTION_TYPE,OPTION_1,OPTION_2,OPTION_3
"""My sister asked you a q _ _ _ _ _ _ n,"" Saraiyu said imperiously. ""Are you from Tortall?"" [8 Letters Q _ _ _ _ _ N]",Fill-in-the-Blank,question,QUESTION,Question
"Frieda sighed, then rubbed her hands over her face-exhausted from too little s _ _ _ p, from too much agitation and worry. [5 Letters S _ _ _ _ _ P]",Fill-in-the-Blank,sleep,SLEEP,Sleep
"""I haven't brought the m _ _ _ _ r up to Brenna herself as yet. If I do, you see, she'll determine to go the opposite way. I've been working at bringing the matter 'round so it seems her idea. [6 Letters M _ _ _ _ _ R]",Fill-in-the-Blank,matter,MATTER,Matter
"I had the black suit j _ _ _ _ t on over the navy blue polo shirt. If I buttoned two buttons, the jacket hid the Firestar in front and still left me plenty of room to reach for it, and the Browning. [6 Letters J _ _ _ _ _ T]",Fill-in-the-Blank,jacket,JACKET,Jacket
"Yukiri was alone, of course, though of late she had been heard to say she was thinking of taking a Warder again. Doubtless that was equal parts the current times and their own present s _ _ _ _ _ _ _ n. [9 Letters S _ _ _ _ _ N]",Fill-in-the-Blank,situation,SITUATION,Situation
"She almost slipped in her carving, hands growing tense. How dare he? Threatening to execute her was one thing, but insulting her art? He made her s _ _ _ d like … like one of those assembly line Forgemasters, churning out vase after vase! [5 Letters S _ _ _ _ _ D]",Fill-in-the-Blank,sound,SOUND,Sound
"But I can live with that, because you've given me a nation. A nation of ugly rodents who live in dirt, but I've dealt with worse in caravans on Harmony, even though they walked in human s _ _ _ e. [5 Letters S _ _ _ _ _ E]",Fill-in-the-Blank,shape,SHAPE,Shape
"And then you wake like that, quivering like a struck drum, lying there awake and quivering, summoning courage and spit, roll to the right just as in the dream for the nametagged flashlight on the f _ _ _ r by the bed just in case, lie there on your shank and side, shining the light all over, just as in the dream. [5 Letters F _ _ _ _ _ R]",Fill-in-the-Blank,floor,FLOOR,Floor
"""I have it."" Olivia shifted her pack. ""Cold fried chicken, potato salad, fruit and pound c _ _ _ . Sal, that's the chef, he makes the best."" [4 Letters C _ _ _ ]",Fill-in-the-Blank,cake,CAKE,Cake
"The hair being wet had precluded silk shirts, so Jean-Claude had opted for another pair of his omnipresent leather p _ _ _ s that looked painted on. [5 Letters P _ _ _ _ _ S]",Fill-in-the-Blank,pants,PANTS,Pants
"Cards repeated what she'd told Jim, almost w _ _ _  for word. She only nodded again, eyes on the horizon, letting her breath come easy, visualizing herself flying, falling, navigating the sky down to the heart of the jump spot. [4 Letters W _ _ _ ]",Fill-in-the-Blank,word,WORD,Word
Neanderthals. That one was discredited and then revived several t _ _ _ s. [5 Letters T _ _ _ _ _ S],Fill-in-the-Blank,times,TIMES,Times
"""Monday,"" Rogan muttered and turned, as he did every Monday morning, to the e _ _ _ _ _ _ r banks. [8 Letters E _ _ _ _ _ R]",Fill-in-the-Blank,elevator,ELEVATOR,Elevator
"He could retire. Move to Tahiti and live like a k _ _ _ . Hell, he couldbuy Tahiti and live like a god. [4 Letters K _ _ _ ]",Fill-in-the-Blank,king,KING,King
"and Leda, whom he seduced disguised as a swan, and who gave b _ _ _ h to the incomparably beautiful Helen, later the cause of the Trojan War. Having Zeus as a lover could be dangerous for mortals. [5 Letters B _ _ _ _ _ H]",Fill-in-the-Blank,birth,BIRTH,Birth
"""There doesn't seem to be any forced e _ _ _ y,"" Stan said as he came back into the room. ""I'll go into town, file a formal report and get to work on this, but-"" He shook his head at Maggie. [5 Letters E _ _ _ _ _ Y]",Fill-in-the-Blank,entry,ENTRY,Entry
"His airfield remarks were broadcast over local and regional radio stations, and several times a week, from the s _ _ _ e capital where he was spending the night, he broadcast a message to the nation. [5 Letters S _ _ _ _ _ E]",Fill-in-the-Blank,state,STATE,State
"When no one replied a second time, she wondered if she had imagined the noise-or if she had misinterpreted its source. Perhaps there wasn't anyone at her door, after all. She looked at the w _ _ _ _ w and saw that nothing was out of place there [6 Letters W _ _ _ _ _ W]",Fill-in-the-Blank,window,WINDOW,Window
"""It was as good an excuse as any, for both of us. I didn't want to care about you. I didn't want to n _ _ _  to see you just to get through the day. But that's the way it was. [4 Letters N _ _ _ ]",Fill-in-the-Blank,need,NEED,Need
"She touched his a _ _ , leaning close to whisper. ""I'll explain all later. I don't want Jonathan to know."" [3 Letters A _ _ _ ]",Fill-in-the-Blank,arm,ARM,Arm
