QUESTION_TEXT,QUESTION_TYPE,OPTION_1,OPTION_2,OPTION_3
"""I need a few minutes to think, to prepare my remarks,"" he said to Wayne and the other g _ _ _ _ s. ""Thank you."" [6 Letters G _ _ _ _ _ S]",Fill-in-the-Blank,guards,GUARDS,Guards
"…and woke in d _ _ _ _ _ _ s to the blare of trumpets. Shae was shaking him by the shoulder. ""M'lord,"" she whispered. ""Wake up, m'lord. I'm frightened."" [8 Letters D _ _ _ _ _ S]",Fill-in-the-Blank,darkness,DARKNESS,Darkness
"Kurag gave an unpleasant laugh. \""Yes, it must be Merry\'s blood. Later, if some of the rest of you want to share b _ _ _ d and flesh with Kitto, feel free. The sidhe are always good eatin\'.\"" [5 Letters B _ _ _ _ _ D]",Fill-in-the-Blank,blood,BLOOD,Blood
"""No, it isn't, but I'm Princess Meredith, not queen. I am not absolute r _ _ _ r here. You can promise me things, but if the chief of police overrides you, then where does that leave me?"" [5 Letters R _ _ _ _ _ R]",Fill-in-the-Blank,ruler,RULER,Ruler
"I felt the bed m _ _ _  when Hector's weight hit it. He sat, pulled my hair away from my neck and leaned in. [4 Letters M _ _ _ ]",Fill-in-the-Blank,move,MOVE,Move
"""Mancini was appointed by the mayor and confirmed by the c _ _ _  council, same as you. Our interim police chief was appointed by the mayor and confirmed by the c _ _ _  council. Same for Roy Kemp, who's still on leave. [4 Letters C _ _ _ ]",Fill-in-the-Blank,city,CITY,City
"""I'll get my men ready,"" Ham said, nodding as he tossed his sword aside. ""I'm going to need a new s _ _ _ d, though."" [5 Letters S _ _ _ _ _ D]",Fill-in-the-Blank,sword,SWORD,Sword
"She huffed out a breath, crossed her l _ _ _ , and folded her arms. ""Fine. Take your time. [4 Letters L _ _ _ ]",Fill-in-the-Blank,legs,LEGS,Legs
Assad took advantage of the opportunity by moving Syrian regular units to take control of the northeastern sector of Lebanon and all major r _ _ _ s leading to the north and east. [5 Letters R _ _ _ _ _ S],Fill-in-the-Blank,roads,ROADS,Roads
"I took a deep b _ _ _ _ h, turned the knob, praying that it would not make a noise. To me, the twist of the metal was loud as cymbals, but no one appeared at the gap in the boxes to investigate. [6 Letters B _ _ _ _ _ H]",Fill-in-the-Blank,breath,BREATH,Breath
"He shrugged. ""Believe what you like, but it will take hours of c _ _ _  to make Damian sane again. It will take days of care, and blood, and warmth, to bring him back to himself."" [4 Letters C _ _ _ ]",Fill-in-the-Blank,care,CARE,Care
"Distant red rock f _ _ _ _ _ _ _ _ s loomed to the north, where sickness stained them. Blight marks, a creeping dark lichen. [10 Letters F _ _ _ _ _ S]",Fill-in-the-Blank,formations,FORMATIONS,Formations
"Elend folded his a _ _ _ . ""This is important, Cett, because we're at war with more than just Yomen. Something we don't understand, something far greater than those soldiers inside of Fadrex."" [4 Letters A _ _ _ ]",Fill-in-the-Blank,arms,ARMS,Arms
"Until you know that you're tougher than the enemy, you maneuver, you don't commit to battle. Consider that your first l _ _ _ _ n in Battle School."" [6 Letters L _ _ _ _ _ N]",Fill-in-the-Blank,lesson,LESSON,Lesson
"The hospital had no windows, being a bunker, and no fresh air. Even with the door wide open, the place constantly stank of burnt f _ _ _ h, decay, sweat, vomit, and antiseptics. [5 Letters F _ _ _ _ _ H]",Fill-in-the-Blank,flesh,FLESH,Flesh
"It was a good story, both boring and plausible. Audrey wouldn't have questioned a word of it under ordinary c _ _ _ _ _ _ _ _ _ _ _ s, but she knew something Mr. Allen Symes of Desperation, Nevada, had not: that Bill had denied stopping at all. [13 Letters C _ _ _ _ _ S]",Fill-in-the-Blank,circumstances,CIRCUMSTANCES,Circumstances
"Cian leaned back against the counter, crossed his a _ _ _ _ s. ""I was young and foolish."" [6 Letters A _ _ _ _ _ S]",Fill-in-the-Blank,ankles,ANKLES,Ankles
"In the darkness, Little Peter lay in b _ _  and stared at the ceiling, at the broad beams that held the heavy straw thatch. Outside it was raining, which made a soft rustling sound in the straw many layers above. [3 Letters B _ _ _ ]",Fill-in-the-Blank,bed,BED,Bed
"Richard's beast calls to you through my marks, my ties to him, to it, but the Nimir-Raj, he calls to you, Anita."" My real n _ _ _  again. He was not happy. ""He calls to something in you, in your power. [4 Letters N _ _ _ ]",Fill-in-the-Blank,name,NAME,Name
"She might not be Nina, he admitted, hating Barbara for this relentless insist-ence, even though he knew that she was genuinely concerned for him, that she was prescribing this pill of reality as a vaccine against the total c _ _ _ _ _ _ e that he might experience if his hopes, in the end, were not realized. [8 Letters C _ _ _ _ _ E]",Fill-in-the-Blank,collapse,COLLAPSE,Collapse
