QUESTION_TEXT,QUESTION_TYPE,OPTION_1,OPTION_2,OPTION_3
"If you had smoked the whole of that cigar - well, never mind. You didn't. And now, my very dear f _ _ _ _ d, I think it's high time that you interviewed a real, flesh-and-blood doctor. I'll phone for a taxi.' [6 Letters F _ _ _ _ _ D]",Fill-in-the-Blank,friend,FRIEND,Friend
"Jim slid all the way into the open and went up the l _ _ _ _ r. He gripped the hot siderail with one hand, holding the compact shotgun with the other, trying to ascend as soundlessly as possible. [6 Letters L _ _ _ _ _ R]",Fill-in-the-Blank,ladder,LADDER,Ladder
"As if anxious to provide an example of what Tedesco had said, another blue soldier shambled up to join his fellows in the limestone ring. He was missing his right f _ _ _  and one bright eyeball, but seemed undeterred by his injuries. [4 Letters F _ _ _ ]",Fill-in-the-Blank,foot,FOOT,Foot
"Hallorann stopped in the turn lane at the Vermont Street light, and when the green arrow showed he pulled out onto State Highway 219, pushing up to forty and holding it there until the town began to trickle away into an exurban sprawl of g _ _  stations, Burger Kings, and McDonald's. [3 Letters G _ _ _ ]",Fill-in-the-Blank,gas,GAS,Gas
"At times you have serious doubts as to whether you have made the right d _ _ _ _ _ _ n or done the right thing."" And so on. You get it? They apply to everyone. [8 Letters D _ _ _ _ _ N]",Fill-in-the-Blank,decision,DECISION,Decision
"Yet they gamely pressed on, following Carter, quite literally, into the bowels of the e _ _ _ h. [5 Letters E _ _ _ _ _ H]",Fill-in-the-Blank,earth,EARTH,Earth
"The cat began to make a deep rumbly noise as Tuf cradled it in the crook of one massive a _ _  and began to apply long, regular strokes to its black-and-white hair. [3 Letters A _ _ _ ]",Fill-in-the-Blank,arm,ARM,Arm
"They rose the next morning early and took turns showering. Stone put on his only suit. Then they had breakfast at the same outlet servicing the construction workers. Stone threw away his meal wrapper, finished off his coffee and checked his w _ _ _ h. [5 Letters W _ _ _ _ _ H]",Fill-in-the-Blank,watch,WATCH,Watch
He led them into the first of the line of hangars that flanked the Cactus Flat taxiway. The door was secured by combination lock that made it look like a bank v _ _ _ t. [5 Letters V _ _ _ _ _ T],Fill-in-the-Blank,vault,VAULT,Vault
"Indeed, Katherine thought, it was almost as if the three of them had known each other for years and were accustomed to spending many e _ _ _ _ _ _ s together immersed in conversation. [8 Letters E _ _ _ _ _ S]",Fill-in-the-Blank,evenings,EVENINGS,Evenings
"He had an a _ _  in the hole with Isabel. She was a true Vesper, meaning the only person she looked out for was herself. [3 Letters A _ _ _ ]",Fill-in-the-Blank,ace,ACE,Ace
"She shook her head, but her eyes never left mine. ""Maybe not for you, but that boy is all about pussy. You think with you bein' all sassy and hot and sweet and funny, he's not doin' the time in o _ _ _ r to get payback?"" [5 Letters O _ _ _ _ _ R]",Fill-in-the-Blank,order,ORDER,Order
"It took a year to find a couple of deputies willing to enter Padgitt Island to serve a warrant, and though they survived, they were unsuccessful. Gerald Padgitt either fled the c _ _ _ _ _ y or secluded himself somewhere on the island. [7 Letters C _ _ _ _ _ Y]",Fill-in-the-Blank,country,COUNTRY,Country
"There was a muffled yell of surprise from behind as Galladon realized what Raoden was doing. The large Duladen man obviously wouldn't have any p _ _ _ _ _ _ s keeping up; even considering his time in Elantris, Galladon was in much better shape than Raoden. [8 Letters P _ _ _ _ _ S]",Fill-in-the-Blank,problems,PROBLEMS,Problems
"""When you make your l _ _ _ _ g putting up obstacles for thieves, you have to understand the criminal mind, and have a certain amount of respect for it. We'll need to break into both places,"" he added with a nod to Gideon. [6 Letters L _ _ _ _ _ G]",Fill-in-the-Blank,living,LIVING,Living
"Like a man in a trance, Michaels obeyed. He hadn't realized just how tight he was. She was finding spots in his muscles so hard they felt like b _ _ _  bearings. [4 Letters B _ _ _ ]",Fill-in-the-Blank,ball,BALL,Ball
"Anything in plastic wrap or a _ _ _ _ _ _ m foil had to go, even if it didn't appear to have been tampered with: Swiss cheese, cheddar, leftover ham, half a Bermuda onion. [8 Letters A _ _ _ _ _ M]",Fill-in-the-Blank,aluminum,ALUMINUM,Aluminum
East the wind howled over a desolated land where as many v _ _ _ _ _ _ s lay burned and farms ruined as held people. [8 Letters V _ _ _ _ _ S],Fill-in-the-Blank,villages,VILLAGES,Villages
He wouldnt walk down the street if he could ride. That gyms been a great success. It must have made Pardon a lot of m _ _ _ y. Wonder who he left it all to? [5 Letters M _ _ _ _ _ Y],Fill-in-the-Blank,money,MONEY,Money
"""The ends justify the means,"" says Salazar bluntly. ""Kill Suchtelen, kill him under the f _ _ _  of truce, yes. It will kill the truce as well. [4 Letters F _ _ _ ]",Fill-in-the-Blank,flag,FLAG,Flag
