QUESTION_TEXT,QUESTION_TYPE,OPTION_1,OPTION_2,OPTION_3
"Eve's office-where he had once seen her sitting so competently behind her desk. Security believed that Eve had not been meant to be harmed. Hence the warning. The b _ _ _  had been used to terrorize, to confuse, to undermine. [4 Letters B _ _ _ ]",Fill-in-the-Blank,bomb,BOMB,Bomb
"The room was lit by f _ _ _ _ _ _ _ _ _ t tubes. Only a few still glowed steadily. Most of them flickered on and off, giving these shambles a surreal and nightmarish aspect. [11 Letters F _ _ _ _ _ T]",Fill-in-the-Blank,fluorescent,FLUORESCENT,Fluorescent
"Luckily, the little girl could hold a bottle and the diner's manager liked LuAnn enough that the arrangement hadn't jeopardized her position. They didn't get many c _ _ _ s. [5 Letters C _ _ _ _ _ S]",Fill-in-the-Blank,calls,CALLS,Calls
Or had it been just some little thing . . . something no more earth-shattering than buying a c _ _ _ k of meat in a rural market-town? Who played those changes? What played those changes? [5 Letters C _ _ _ _ _ K],Fill-in-the-Blank,chunk,CHUNK,Chunk
"Danny walked into the kitchen on not-there legs, stood on a chair, and peed into the sink. Then he woke his mother and told her not to go into the b _ _ _ _ _ _ m because there was a bad thing there. [8 Letters B _ _ _ _ _ M]",Fill-in-the-Blank,bathroom,BATHROOM,Bathroom
"""I've thrown the videos away. Lots of times. I've even destroyed them. But then, you know… after a while, I buy new ones. I need h _ _ _  to stop."" [4 Letters H _ _ _ ]",Fill-in-the-Blank,help,HELP,Help
"Zuckerman was dressed in the hospital r _ _ _  and slippers and his beard was, as yet, without distinction. He lacked two front teeth and had a mouth full of metal. Yet the woman said, ""Oh, yes. Thank you."" [4 Letters R _ _ _ ]",Fill-in-the-Blank,robe,ROBE,Robe
"The cover story would work for her-and Grandpa-but not for Dad. d _ _  had helped set this place up. Maybe he needed one of those black helicopters after all. He slid into his own parking place, number 127. [3 Letters D _ _ _ ]",Fill-in-the-Blank,dad,DAD,Dad
"Parchman was a w _ _ _ d away. And he studied the list of fifteen names on the Personnel Committee, none of whom he knew. [5 Letters W _ _ _ _ _ D]",Fill-in-the-Blank,world,WORLD,World
"A thought occurred to her as he moved away, his f _ _ _ _ _ s going directly to the straps still harnessing his balls. [7 Letters F _ _ _ _ _ S]",Fill-in-the-Blank,fingers,FINGERS,Fingers
"to work in the first place, and there'd be no p _ _ _ _ _ _ s at all. We'd still be living in caves."" [8 Letters P _ _ _ _ _ S]",Fill-in-the-Blank,progress,PROGRESS,Progress
"IN Vietnam, the 5th Special Forces Group operated independently for the most part. It had a small staff section that would get missions from the field f _ _ _ e commander, an Army three-star general. [5 Letters F _ _ _ _ _ E]",Fill-in-the-Blank,force,FORCE,Force
"Alice picked up the box and glanced at the c _ _ _ k. The meat suppliers had been in with Jack for an hour, which was the time limit he set on business meetings. She knocked on his door. [5 Letters C _ _ _ _ _ K]",Fill-in-the-Blank,clock,CLOCK,Clock
"My first p _ _ _ h was a fastball that Luke hacked at and missed, and as our fans were cheering, I heard my father say, ""Knock him down, Paul."" I looked at my coach. [5 Letters P _ _ _ _ _ H]",Fill-in-the-Blank,pitch,PITCH,Pitch
"A cup of tea is at my elbow, and a plate of macaroons I picked up at the bakery sits on the b _ _ _ _ _ e table. But Dad wants me to read to him. Once he falls asleep I'll eat. [7 Letters B _ _ _ _ _ E]",Fill-in-the-Blank,bedside,BEDSIDE,Bedside
"The call from Mr. French's scheduling s _ _ _ _ _ _ _ y came at eleven-fifteen. Crucial matters had conspired to make lunch impossible, but an early dinner would be his pleasure. She asked if Ray would come to the great man's office around 4 P.M. [9 Letters S _ _ _ _ _ Y]",Fill-in-the-Blank,secretary,SECRETARY,Secretary
"He did think of visiting Maggie when they passed by Cleveland, but somehow, with Ananda along, it didn't seem like a good i _ _ _ , though he had never known Maggie to be jealous. [4 Letters I _ _ _ ]",Fill-in-the-Blank,idea,IDEA,Idea
"""Very well. The theoretical side of this is quite straightforward once you understand the principle. That was the difficult p _ _ _ , you see, discovering the principle. [4 Letters P _ _ _ ]",Fill-in-the-Blank,part,PART,Part
"""He would've come back."" He tightened his g _ _ _  when she shook her head. ""You get to know the victim when you do what I do. [4 Letters G _ _ _ ]",Fill-in-the-Blank,grip,GRIP,Grip
They turned the corner into the long main hall. The hard pillow raised Susan's head just enough so she could see that the corridor was deserted. It was the first time she'd seen an empty h _ _ _ _ _ y in the bustling hospital. [7 Letters H _ _ _ _ _ Y],Fill-in-the-Blank,hallway,HALLWAY,Hallway
