QUESTION_TEXT,QUESTION_TYPE,OPTION_1,OPTION_2,OPTION_3
"It started just below her right s _ _ _ _ _ _ r and extended for several inches, to her elbow. It was rendered in a lustrous gold that caught the light bouncing off the spire, and in such detail that it included a winged gargoyle scowling down at the metropolis. [8 Letters S _ _ _ _ _ R]",Fill-in-the-Blank,shoulder,SHOULDER,Shoulder
"She was twenty-two and single, working as a secretary to some law f _ _ _ . Her picture showed her as a young, attractive girl. [4 Letters F _ _ _ ]",Fill-in-the-Blank,firm,FIRM,Firm
"""The children of the f _ _ _ _ t could speak to the dead, it's said. But I can't."" He tossed the skull back into the mouth of the tree, where it landed with a puff of fine ash. ""Go through all these houses. [6 Letters F _ _ _ _ _ T]",Fill-in-the-Blank,forest,FOREST,Forest
"She had a flash, the sprawled body, the staring eyes, blood. ""I know. He had a lot of f _ _ _ _ _ s here."" [7 Letters F _ _ _ _ _ S]",Fill-in-the-Blank,friends,FRIENDS,Friends
"Galad rammed his blade through the man's neck. The man raved, b _ _ _ d spurting from his neck with each beat of his heart. He didn't seem surprised as he died, just angry. His howls drew more attention. [5 Letters B _ _ _ _ _ D]",Fill-in-the-Blank,blood,BLOOD,Blood
"When he'd ascertained that she was not hurt, but only badly frightened, he made her sit in the easy c _ _ _ r where Edgar Aimes had sat earlier, then went to fetch her a glass of cold water from the kitchen. [5 Letters C _ _ _ _ _ R]",Fill-in-the-Blank,chair,CHAIR,Chair
"He was so different, her son, so special . . . but the w _ _ _ d did not love people like that. The world tried to root them out, like tares from a garden. [5 Letters W _ _ _ _ _ D]",Fill-in-the-Blank,world,WORLD,World
"Squinting his steel-gray eyes, he scanned the ranch as the place darkled in the fading l _ _ _ t. ""We're grateful for your Bruce Willis heroics, Quinn. But how did you come to be here?"" [5 Letters L _ _ _ _ _ T]",Fill-in-the-Blank,light,LIGHT,Light
"I thought about the time Alex pushed me against a window on the third f _ _ _ r when I was around ten years old. I think I'd asked him what his parents did-some stupid, innocent question like that. [5 Letters F _ _ _ _ _ R]",Fill-in-the-Blank,floor,FLOOR,Floor
"That gave Lem a small m _ _ _ _ _ e of delight. Lem still fully intended to seize the company, and any potential weakness in Father's standing was welcome news. [7 Letters M _ _ _ _ _ E]",Fill-in-the-Blank,measure,MEASURE,Measure
"But pressure is what I need. If I loosened my grip now, I'd fall apart. I'd fly off in a hundred different d _ _ _ _ _ _ _ _ s, and I'd never be able to put myself together again. [10 Letters D _ _ _ _ _ S]",Fill-in-the-Blank,directions,DIRECTIONS,Directions
"""No, it's fine."" Eve took another s _ _  of wine and braced herself. ""Let's go do me then."" [3 Letters S _ _ _ ]",Fill-in-the-Blank,sip,SIP,Sip
"""All right, the first g _ _ _ p of people you met, you don't remember that having any sort of effect on you?"" [5 Letters G _ _ _ _ _ P]",Fill-in-the-Blank,group,GROUP,Group
"""My older s _ _ _ _ r, Flora, is holding a séance tonight. She's crazy to talk with her dead husband, and there's a medium taking advantage of her. He wants her money, and more."" [6 Letters S _ _ _ _ _ R]",Fill-in-the-Blank,sister,SISTER,Sister
"They cross to the jury-rigged platform this way: Beezer, Dale, Jack, and the good Doctor. They move in a warm white nova glare of exploding flashbulbs and 10-k T _  lights. [2 Letters T _ _ _ ]",Fill-in-the-Blank,tv,TV,Tv
"I stepped into him in the relative silence, lowering my voice to a furious w _ _ _ _ _ r. [7 Letters W _ _ _ _ _ R]",Fill-in-the-Blank,whisper,WHISPER,Whisper
"""Yes! Yes, it is them."" Benny was so pleased that they were alive and that he would still have a c _ _ _ _ e to kill them. [6 Letters C _ _ _ _ _ E]",Fill-in-the-Blank,chance,CHANCE,Chance
"An hour later, she entered the t _ _ _  of Brushy and found the near-vacant industrial park on the edge of town. She said hello to Mr. Simmons and again thanked him for rehiring Pamela. [4 Letters T _ _ _ ]",Fill-in-the-Blank,town,TOWN,Town
"Stirling took the gun from Bayard's hand and put it in his own j _ _ _ _ t pocket. He turned his back on Bayard and walked out onto the hard, dry soil. [6 Letters J _ _ _ _ _ T]",Fill-in-the-Blank,jacket,JACKET,Jacket
"That told her it had always been p _ _ _  of the plan. Not just the in-your-face shipment to Cop Central, but the use of Coltraine's weapon against her. The entire setup was all planned in steps and stages. [4 Letters P _ _ _ ]",Fill-in-the-Blank,part,PART,Part
