QUESTION_TEXT,QUESTION_TYPE,OPTION_1,OPTION_2,OPTION_3
"""you should take c _ _ _  to dress for it."" He tossed a tan jacket into her lap. [4 Letters C _ _ _ ]",Fill-in-the-Blank,care,CARE,Care
"There were bats in the unused chimney. In bed, curled under blankets and quilts, she couldn't tell the difference between the sounds of w _ _ _  and rain, or bats and squirrels, or rain and bats. [4 Letters W _ _ _ ]",Fill-in-the-Blank,wind,WIND,Wind
"""This is all s _ _ _  of elaborate for a little extra kick in your food."" [4 Letters S _ _ _ ]",Fill-in-the-Blank,sort,SORT,Sort
"A few M _ _ _ _ _ s later the fat blonde came flying out the door. One cheek was bright red, and her eyes were watering. Finn waited until she was out of sight, and then rolled up to the door. He knocked. [7 Letters M _ _ _ _ _ S]",Fill-in-the-Blank,moments,MOMENTS,Moments
Can't say that I've really missed him that much. You? I certainly haven't missed the firm and the city and not sure I'm g _ _ _ g back. I told Andy I'd take the job but having second thoughts. [5 Letters G _ _ _ _ _ G],Fill-in-the-Blank,going,GOING,Going
"Yet over the thousands of years of its existence as the chief seat of the Watch, the Nightfort has accrued many l _ _ _ _ _ s of its own, some of which have been recounted in Archmaester Harmune's Watchers on the Wall. [7 Letters L _ _ _ _ _ S]",Fill-in-the-Blank,legends,LEGENDS,Legends
"However, since Special Forces were for the time being a component of the Psychological Warfare Branch, the Special Warfare Center and School would have to start out as an adjunct to a projected Psychological Warfare Center, which b _ _ _ _ _ _ _ r general McClure planned for Fort Bragg, North Carolina. [9 Letters B _ _ _ _ _ R]",Fill-in-the-Blank,brigadier,BRIGADIER,Brigadier
"But, hope to God, he succeeded in talking Frankie around to his way of t _ _ _ _ _ _ g, Benny would be the one who'd get to eat it. [8 Letters T _ _ _ _ _ G]",Fill-in-the-Blank,thinking,THINKING,Thinking
Jack moved up beside her and looked through the w _ _ _ _ w and saw what she saw. Two of the creatures. Both on the back seat. [6 Letters W _ _ _ _ _ W],Fill-in-the-Blank,window,WINDOW,Window
"Without another word, he releases himself from his pants and in one thrust, buries himself completely. I lock my legs around his hips, our chests pressed together so tight I can feel his h _ _ _ t beat against mine. [5 Letters H _ _ _ _ _ T]",Fill-in-the-Blank,heart,HEART,Heart
"I read the w _ _ _ s off her lips if you prefer the rational, right out of her mind if you prefer the romantical. I prefer the latter. Marriage is a zone, too, you know. Marriage is a zone. [5 Letters W _ _ _ _ _ S]",Fill-in-the-Blank,words,WORDS,Words
Through no grand scheme of their own-schemes require cooperation-the l _ _ _ _ _ s had managed to divide the heirs so that no two shared the same firm. [7 Letters L _ _ _ _ _ S],Fill-in-the-Blank,lawyers,LAWYERS,Lawyers
"I had to up my metaphysical shields to get the energy to back off enough for me not to almost taste it. It was like pushing against some huge weight, to move his p _ _ _ r away from me. [5 Letters P _ _ _ _ _ R]",Fill-in-the-Blank,power,POWER,Power
"""You'll do it."" Cam pulled the bag out of Seth's arms. ""And I don't want to hear any bitching about it. You can get started right after you clean up the m _ _ _  your dog just made on the rug."" [4 Letters M _ _ _ ]",Fill-in-the-Blank,mess,MESS,Mess
"Frost looked away as if embarrassed. But the others either looked at my leg, or my face. I know they'd seen more skin than this on longer l _ _ _ . ""If you keep watching me this closely, you're going to make me self-conscious."" [4 Letters L _ _ _ ]",Fill-in-the-Blank,legs,LEGS,Legs
"Item: Right out of high school, Colleen had married a man named Kevin Molloy. The marriage was annulled six months later, but Colleen had kept her married n _ _ _ . In the year that Colleen and I had dated, she'd never mentioned an ex-husband, not once. [4 Letters N _ _ _ ]",Fill-in-the-Blank,name,NAME,Name
"trembling with r _ _ _ , Cassidy turned on Colin the moment the door closed. ""How dare you?"" Now she had no need of blusher to bring color to her cheeks. ""How dare you imply such a thing?"" [4 Letters R _ _ _ ]",Fill-in-the-Blank,rage,RAGE,Rage
"The nerve, she thought, as she yanked her dish out of the microwave. Flirting with her as if she were some naive fool, before he went home to his wife and d _ _ _ _ _ _ r. [8 Letters D _ _ _ _ _ R]",Fill-in-the-Blank,daughter,DAUGHTER,Daughter
"Striding into the room, Roarke disappeared from Matt's view. Then a moment later, the agent called, ""Clear."" The l _ _ _ _ s came on inside the room. ""No joy."" [6 Letters L _ _ _ _ _ S]",Fill-in-the-Blank,lights,LIGHTS,Lights
"I know I've seen more years than God usually allows a man, but this dryness is new. The eye w _ _ _ r too. [5 Letters W _ _ _ _ _ R]",Fill-in-the-Blank,water,WATER,Water
