QUESTION_TEXT,QUESTION_TYPE,OPTION_1,OPTION_2,OPTION_3
"Hood agreed but to say so seemed pathetic somehow. They were crisis m _ _ _ _ _ _ _ _ t professionals. Sometimes the only barrier between control and chaos was a human shield. As iron-willed as that barricade could be, it was still just sinew and bone. [10 Letters M _ _ _ _ _ T]",Fill-in-the-Blank,management,MANAGEMENT,Management
"If anyone was having trouble finding their stuff, it was yours truly. I was under my bed, scattering dust bunnies as I looked for my flip-flops when my cell phone r _ _ _ . [4 Letters R _ _ _ ]",Fill-in-the-Blank,rang,RANG,Rang
"Bowman fell back, b _ _ _ d spurting from his nose. He lost his footing and toppled over the bench seat beside him, banging the elbow of his gun arm. [5 Letters B _ _ _ _ _ D]",Fill-in-the-Blank,blood,BLOOD,Blood
"She tucked her ivory comb and ivory-handled hairbrush into a leather scrip. No matter how urgent the need to gather names, she doubted that any Accepted who let herself go untidy for long would escape sharp w _ _ _ s at best. [5 Letters W _ _ _ _ _ S]",Fill-in-the-Blank,words,WORDS,Words
A large handbag teetered on one corner of the t _ _ _ e with a pile of junk spread out before it. [5 Letters T _ _ _ _ _ E],Fill-in-the-Blank,table,TABLE,Table
"That done, the man grunted and waved the weapon at a f _ _ _ _ t of stairs. Shabal descended as the guard followed him down, the Kalashnikov pointed at his back. [6 Letters F _ _ _ _ _ T]",Fill-in-the-Blank,flight,FLIGHT,Flight
"She took a long sip of hot c _ _ _ _ e, then automatically reached for a washcloth to mop up the spill. ""We only knew each other a couple of months. He was very persuasive, very romantic. [6 Letters C _ _ _ _ _ E]",Fill-in-the-Blank,coffee,COFFEE,Coffee
"The house was painted in those familiarly reversed colors that one sees along the New England seacoast: predominately royal b _ _ _ , with a bright white trim rather than mostly white. This gave it a rich-and a decidedly sinister-look. [4 Letters B _ _ _ ]",Fill-in-the-Blank,blue,BLUE,Blue
"""You!"" Scott said in shock. The g _ _ _  club disappeared out of Paul's hand as Scott kick-smashed his motorcycle boot into Paul's fingers. Then Scott lifted Paul off his feet and threw him into the air. [4 Letters G _ _ _ ]",Fill-in-the-Blank,golf,GOLF,Golf
He grabbed the pipe-wielder by the loose front of his shirt and head-butted him. When he let the Iranian go the man's eyes were rolled up as if to stare at the deep d _ _ _  in his own head. [4 Letters D _ _ _ ],Fill-in-the-Blank,dent,DENT,Dent
"The waitress arrived and set my drinks on the table while Lanie shared, ""I see that. Zadie lives in her own world. Cleo's a good kid through and through. She'd twist herself in knots for her mom or dad. Zadie's k _ _ _  of a princess."" [4 Letters K _ _ _ ]",Fill-in-the-Blank,kind,KIND,Kind
"""What do you-never mind. have s _ _ _ _ _ _ y check for a missing vehicle out of hospital parking, nearest her exit point. How long does she have?"" [8 Letters S _ _ _ _ _ Y]",Fill-in-the-Blank,security,SECURITY,Security
"""It's not always the same. Sometimes a rap or two, sometimes a long stutter of them. Nothing to worry about. Just air in the pipes. How are the crab c _ _ _ s?"" [5 Letters C _ _ _ _ _ S]",Fill-in-the-Blank,cakes,CAKES,Cakes
"""Your w _ _ _  looked upset,"" Annie commented as acid churned in her stomach. [4 Letters W _ _ _ ]",Fill-in-the-Blank,wife,WIFE,Wife
"He pushed up to sitting but stayed down, eyes never leaving me and he opened his m _ _ _ h to speak but I got there before him. [5 Letters M _ _ _ _ _ H]",Fill-in-the-Blank,mouth,MOUTH,Mouth
"Jessica remembered the odd sound she'd heard just as Slade had shoved her to the ground. Stone hitting stone. Bullet hitting rock. A wave of dizziness swept over her, clouding her vision until she saw nothing but a gray m _ _ _ . [4 Letters M _ _ _ ]",Fill-in-the-Blank,mist,MIST,Mist
"And Parker finally hung up the phone. ""God! Naomi Right's m _ _ _  of honor just found out that her boyfriend-the brother and best man of the groom-has been having an affair with his business partner. [4 Letters M _ _ _ ]",Fill-in-the-Blank,maid,MAID,Maid
"That was where Peter had met Bailey only a few short and deliriously thrilling months ago, when he was a guest speaker at a class symposium on the role of miranda r _ _ _ _ s in the criminal justice system. [6 Letters R _ _ _ _ _ S]",Fill-in-the-Blank,rights,RIGHTS,Rights
"And this was the remainder of his life, ferrying people he didn't know to places he didn't care about. If only he'd stayed in the Self-Defense Forces-maybe he would have done better, maybe it would have made a d _ _ _ _ _ _ _ _ e. [10 Letters D _ _ _ _ _ E]",Fill-in-the-Blank,difference,DIFFERENCE,Difference
"The third puzzle was just as obvious: How did the wreck happen? There was apparently no other traffic, just the two vehicles on a dark, flat stretch of r _ _ _ . The weather was clear. [4 Letters R _ _ _ ]",Fill-in-the-Blank,road,ROAD,Road
