QUESTION_TEXT,QUESTION_TYPE,OPTION_1,OPTION_2,OPTION_3
"""Shit,"" I said, ""bullet's still in there, and he's shifted it."" The girl vampire's flame wavered as my emotions did, and her spark was a candle in a strong w _ _ _ , almost out, but now his was guttering in the ""wind."" [4 Letters W _ _ _ ]",Fill-in-the-Blank,wind,WIND,Wind
I realized my mouth was dry and I s _ _ _  owed. [4 Letters S _ _ _ ],Fill-in-the-Blank,swal,SWAL,Swal
"He moved the second tier aside, studied the w _ _ _  of shoes to his right. Smiled. ""Here you have it."" [4 Letters W _ _ _ ]",Fill-in-the-Blank,wall,WALL,Wall
"You're all running around pointing fingers at everyone else, withholding i _ _ _ _ _ _ _ _ _ n, spying on your own people."" [11 Letters I _ _ _ _ _ N]",Fill-in-the-Blank,information,INFORMATION,Information
"And it rolled those strange lidless eyes up at me as it lowered its mouth to feed. My t _ _ _ b slid along the flesh, feeling, feeling for the eye. It didn't stop me. [5 Letters T _ _ _ _ _ B]",Fill-in-the-Blank,thumb,THUMB,Thumb
"All the stuff you pick up from your dad or from your friends at s _ _ _ _ l, I just never picked up at all. [6 Letters S _ _ _ _ _ L]",Fill-in-the-Blank,school,SCHOOL,School
"He shook a pillowcase free of the tick and ripped it into a bandage for his leg, then took his shaving m _ _ _ _ r from the bureau and went to the hallway door. [6 Letters M _ _ _ _ _ R]",Fill-in-the-Blank,mirror,MIRROR,Mirror
She shifted to glance at her comp when it signaled an i _ _ _ _ _ _ g. And dropped her boots to the floor when she noted it was from Morse. [8 Letters I _ _ _ _ _ G],Fill-in-the-Blank,incoming,INCOMING,Incoming
"Across the street, toward the e _ _  of the block, two women and a man were standing on a front lawn, watching the police: neighbors gathered for the drama. They had been there since the sirens had drawn them outside. [3 Letters E _ _ _ ]",Fill-in-the-Blank,end,END,End
"Corey walked out into the l _ _ _ _ g room ahead of Reggie, staggering a little. His legs were rubber. A patch between his shoulder blades began to itch insanely. That's where he's going to put it, he thought, right between the shoulder blades. [6 Letters L _ _ _ _ _ G]",Fill-in-the-Blank,living,LIVING,Living
"And in that moment of shocked unsilence, Taura heard the c _ _ _ s, the crashes, the shrieks and the furious roars from elsewhere in the village. Someone was blowing a whistle, desperately, over and over. [5 Letters C _ _ _ _ _ S]",Fill-in-the-Blank,cries,CRIES,Cries
"It was touched with the light s _ _ _ t of hyacinth. Moonlight sprinkled through the maples, causing the shadows to tremble. She could feel Taylor's heartbeat, a sure, steady rhythm against her own breast. [5 Letters S _ _ _ _ _ T]",Fill-in-the-Blank,scent,SCENT,Scent
"She seemed as bewildered as she was frightened, as if she had awakened from a bad d _ _ _ m and could not yet distinguish between what might be real and what might be remnants of her nightmare. [5 Letters D _ _ _ _ _ M]",Fill-in-the-Blank,dream,DREAM,Dream
"""I don't know how it happened,"" she said, ""but I spilled my coffee, and it was everywhere. All over my new white c _ _ _ . The one you got me for Christmas."" [4 Letters C _ _ _ ]",Fill-in-the-Blank,coat,COAT,Coat
"The children listened attentively. Afterward the k _ _ _  sent them away, pleading weariness. Then Viserys of House Targaryen, the First of His Name, King of the Andals, the Rhoynar, and the First Men, Lord of the Seven Kingdoms and Protector of the Realm, closed his eyes and went to sleep. [4 Letters K _ _ _ ]",Fill-in-the-Blank,king,KING,King
"As with so many other w _ _ _ _ _ s systems, the 1991 Persian Gulf War gave the Marines and the Harrier II a chance to prove themselves in combat. [7 Letters W _ _ _ _ _ S]",Fill-in-the-Blank,weapons,WEAPONS,Weapons
"Today, in the fading phase of winter, the dead weeds that had grown high during the previous summer waved in a chilly b _ _ _ _ e. [6 Letters B _ _ _ _ _ E]",Fill-in-the-Blank,breeze,BREEZE,Breeze
"Moments after John bit into his first tender bite of monkfish, the maître d' seated three Arab men in expensive suits at the table by the window, and a w _ _ _ _ r took their order for cocktails. [6 Letters W _ _ _ _ _ R]",Fill-in-the-Blank,waiter,WAITER,Waiter
"Immediately she saw the difference from what she knew that had made coming here difficult. On the dais at the end of the h _ _ _  where the Lion Throne should have stood was instead a grandiose monstrosity made of Dragons sparkling gold and red in gilt and enamel, with sunstones for their eyes. [4 Letters H _ _ _ ]",Fill-in-the-Blank,hall,HALL,Hall
"Because he is looking at the wall when the lights go on, only his peripheral v _ _ _ _ n takes in the interior of the room, and the damage does not seem as extensive as he had feared. [6 Letters V _ _ _ _ _ N]",Fill-in-the-Blank,vision,VISION,Vision
