QUESTION_TEXT,QUESTION_TYPE,OPTION_1,OPTION_2,OPTION_3
"Niobe wanted to give him a wink and a smile as they passed, but Justice pulled the kid in the opposite direction when he saw Niobe. The kid didn't even l _ _ _  up. [4 Letters L _ _ _ ]",Fill-in-the-Blank,look,LOOK,Look
"Exercise becomes addictive, and rainy days didn't put a stop to mine. The second floor of Big Pink was one large room. There was an industrial-strength rose-colored carpet on the floor and a huge w _ _ _ _ w facing the Gulf of Mexico. [6 Letters W _ _ _ _ _ W]",Fill-in-the-Blank,window,WINDOW,Window
On the far w _ _ _  was a fireplace she could have stood in with her arms stretched out to her sides. Framed in malachite it held enormous logs that snapped with tongues of red and gold fire. [4 Letters W _ _ _ ],Fill-in-the-Blank,wall,WALL,Wall
"There were no longer two rows of dignified military observers. Instead there was c _ _ _ s. Some of them were slapping each other on the back; some of them were bowed, head in hands; others were openly weeping. [5 Letters C _ _ _ _ _ S]",Fill-in-the-Blank,chaos,CHAOS,Chaos
"""It's the best set of electric trains a boy ever had,"" Orson Welles once said of making movies; the same can be said of making books and s _ _ _ _ _ s. [7 Letters S _ _ _ _ _ S]",Fill-in-the-Blank,stories,STORIES,Stories
"The manager got huffy on us. ""I suppose you have a w _ _ _ _ _ t?"" [7 Letters W _ _ _ _ _ T]",Fill-in-the-Blank,warrant,WARRANT,Warrant
"""The bad p _ _ _  is that Lilah feels pain, quite significant pain, if Abel is away from her and she doesn't know where he is. [4 Letters P _ _ _ ]",Fill-in-the-Blank,part,PART,Part
"The girls were giggling just where he wanted them to giggle, an Marty could barely restrain himself from turning around in his c _ _ _ r to see how Paige liked it so far, as she had heard none of it until this moment. [5 Letters C _ _ _ _ _ R]",Fill-in-the-Blank,chair,CHAIR,Chair
"He was obviously nervous and scared and I couldn't blame him for that, especially if he'd been set up and framed for a double m _ _ _ _ r he didn't commit. [6 Letters M _ _ _ _ _ R]",Fill-in-the-Blank,murder,MURDER,Murder
"he asked, pulling out a box of donuts then a bag of chips then out came a gargantuan candy b _ _ . [3 Letters B _ _ _ ]",Fill-in-the-Blank,bar,BAR,Bar
"Everyone in the room turned to the commotion, and everyone's face wore identical e _ _ _ _ _ _ _ _ _ s of horror. Andy strode over, his face hard. Kenya was bent over the can, rummaging, tossing a snowstorm of used tissues over her shoulder. [11 Letters E _ _ _ _ _ S]",Fill-in-the-Blank,expressions,EXPRESSIONS,Expressions
"Seizing this opportunity to change the s _ _ _ _ _ t, Curtis says, ""Speakin' of stink, sir, I ain't farted, and I don't think I'm goin' to, neither."" [7 Letters S _ _ _ _ _ T]",Fill-in-the-Blank,subject,SUBJECT,Subject
"Merry has to have d _ _ _ _ _ g lessons. Merry has to have tennis lessons. I'm surprised she didn't get a nose job."" [7 Letters D _ _ _ _ _ G]",Fill-in-the-Blank,dancing,DANCING,Dancing
"There was a certain a _ _ _ _ t of confusion as we disengaged and sorted out our various bits and pieces in the dark. When we were decent, I opened the door and found Gil in the kitchen, beckoning urgently. [6 Letters A _ _ _ _ _ T]",Fill-in-the-Blank,amount,AMOUNT,Amount
"When I called one day to tell her that my latest b _ _ _  had been nominated for a prize and I was expected to attend the award ceremony in a midtown Manhattan hotel, she asked, ""What kind of security do they have?"" [4 Letters B _ _ _ ]",Fill-in-the-Blank,book,BOOK,Book
"Yeah, he'd sleep until nine or ten. Toni wished she could stay in b _ _  a couple more hours herself. They never told you that when you had a baby, you'd be in sleep-deficit for the next two or three years. . . . [3 Letters B _ _ _ ]",Fill-in-the-Blank,bed,BED,Bed
"People walked by in shorts and sandals; some of the older ladies had scarves around their heads. One elderly gent had on seersucker shorts, white socks, and white s _ _ _ _ _ s. Others rode bikes with wicker baskets attached to the fronts. [7 Letters S _ _ _ _ _ S]",Fill-in-the-Blank,sandals,SANDALS,Sandals
She opened her p _ _ _ e and unfolded the police printout. She pushed it across the table. [5 Letters P _ _ _ _ _ E],Fill-in-the-Blank,purse,PURSE,Purse
"A guard told Donté that the average stay on d _ _ _ h row before execution was ten years, which, he said proudly, was the shortest in the nation. Once again, Texas was number one. ""But don't worry,"" the guard said. [5 Letters D _ _ _ _ _ H]",Fill-in-the-Blank,death,DEATH,Death
"""He did. I put that down, too. He said he'd be gone maybe four or five weeks, and that didn't sit well with me, especially with things still up in the a _ _  between us. [3 Letters A _ _ _ ]",Fill-in-the-Blank,air,AIR,Air
