QUESTION_TEXT,QUESTION_TYPE,OPTION_1,OPTION_2,OPTION_3
"He was a persistent guy, but he couldn't tie her to her bed and keep her there for seven more months in order to have a c _ _ _ d. If she didn't want it, she didn't want it. [5 Letters C _ _ _ _ _ D]",Fill-in-the-Blank,child,CHILD,Child
"Such things, he knew, didn't jibe with his image as a sick old man. ""Julia."" He didn't have to make his v _ _ _ e breathless and weak. Nerves did that for him. ""So nice of you to come by to see me."" ""Mr. [5 Letters V _ _ _ _ _ E]",Fill-in-the-Blank,voice,VOICE,Voice
"She leaned forward. ""I'm not having the brass and the shrinks looking over my s _ _ _ _ _ _ r because of you, screwing up my very excellent chances for promotion over you. I'm riding a wave right now. Icove, the black-market baby bust. [8 Letters S _ _ _ _ _ R]",Fill-in-the-Blank,shoulder,SHOULDER,Shoulder
"Hayley pulled out the pants David had talked Roz into buying-and which, to date, had never been on her b _ _ _  again. ""I certainly don't."" [4 Letters B _ _ _ ]",Fill-in-the-Blank,body,BODY,Body
"Because I had decided that I was going to roll Nicky like any good v _ _ _ _ _ e, except because I wasn't really a vampire, but something else, something more and less. [7 Letters V _ _ _ _ _ E]",Fill-in-the-Blank,vampire,VAMPIRE,Vampire
"With his expressive brown eyes, Einstein tried hard to convey a complex and important m _ _ _ _ _ e, but she could not understand him. [7 Letters M _ _ _ _ _ E]",Fill-in-the-Blank,message,MESSAGE,Message
"They should still be good, though I might n _ _ _  to change the powder, if the casings didn't insulate against the transfersion. If it all checks out, you can carry it. [4 Letters N _ _ _ ]",Fill-in-the-Blank,need,NEED,Need
"\""Princess Meredith NicEssus, wielder of the hand of flesh, has given you a direct o _ _ _ r. If you do not obey it, then the princess has already told you the penalty.\"" [5 Letters O _ _ _ _ _ R]",Fill-in-the-Blank,order,ORDER,Order
"Coffey took a calming breath. ""If the young l _ _ _  wants my help,"" he said, ""I will give it."" [4 Letters L _ _ _ ]",Fill-in-the-Blank,lady,LADY,Lady
"When the m _ _ _ _ _ g was over and Scott had agreed to do a rewrite, everyone's stress level had tripled or more. We all parted ways civilly, but the mood was somewhat tense. [7 Letters M _ _ _ _ _ G]",Fill-in-the-Blank,meeting,MEETING,Meeting
"Kneeling beside the tent flap, she peered in. Moiraine sat surrounded by the glow of saidar, the small blue s _ _ _ e that usually hung on her forehead dangling from her fingers in front of her face. [5 Letters S _ _ _ _ _ E]",Fill-in-the-Blank,stone,STONE,Stone
The rataplan of the rain was louder here because there was no drop ceiling and the garage roof was not insulated. A damp chill rose off the concrete f _ _ _ r. [5 Letters F _ _ _ _ _ R],Fill-in-the-Blank,floor,FLOOR,Floor
"""Could be a La-Z-Boy and a station wagon. I think they're going to make a c _ _ _ _ _ _ k. The point is, Mac and Carter will do okay with that. So . . . good for them. Not everybody can make it work."" [8 Letters C _ _ _ _ _ K]",Fill-in-the-Blank,comeback,COMEBACK,Comeback
"""Uzi. It's made in Israel, mostly,"" the ballistics e _ _ _ _ t said, looking up from the weapon. ""It's been in the water at least a month."" [6 Letters E _ _ _ _ _ T]",Fill-in-the-Blank,expert,EXPERT,Expert
"""I don't hold his day j _ _  against him, Edward; it's his damn hobby that I don't like."" [3 Letters J _ _ _ ]",Fill-in-the-Blank,job,JOB,Job
Tavi grunted and grabbed a ladle in a nearby b _ _ _ _ t of water. [6 Letters B _ _ _ _ _ T],Fill-in-the-Blank,bucket,BUCKET,Bucket
"A parent convicted of either child a _ _ _ e or incest would be expelled from the colony if the offense took place before launch. After launch, however, when the ties with Earth were severed, the penalties became much more draconian. [5 Letters A _ _ _ _ _ E]",Fill-in-the-Blank,abuse,ABUSE,Abuse
"Even as the woman blew a hole in him, she shoved him hard through the door and into Dr. Ahriman's reception l _ _ _ _ e. [6 Letters L _ _ _ _ _ E]",Fill-in-the-Blank,lounge,LOUNGE,Lounge
"AS GREASY WITH FEAR sweat as a pig on a slaughterhouse ramp, Junior woke from a n _ _ _ _ _ _ _ e that he could not remember. [9 Letters N _ _ _ _ _ E]",Fill-in-the-Blank,nightmare,NIGHTMARE,Nightmare
"People sat dazed on the grass, being tended to by a pair of bearded paramedics. Two people were bloody. There was blood on a smashed window. Blood soaked upward through newly fallen snow. drops of b _ _ _ d speckled a tan handbag. [5 Letters B _ _ _ _ _ D]",Fill-in-the-Blank,blood,BLOOD,Blood
