QUESTION_TEXT,QUESTION_TYPE,OPTION_1,OPTION_2,OPTION_3
His house-keeper said he got called out of town suddenly due to a death in the f _ _ _ _ y. So I left a message that I'd been there and flagged another cab back downtown. [6 Letters F _ _ _ _ _ Y],Fill-in-the-Blank,family,FAMILY,Family
She didnt answer. She leaned against him. Her black hair falling about her shoulders. The smell of soap. The flesh and b _ _ _  living under the cloth of her dress. [4 Letters B _ _ _ ],Fill-in-the-Blank,bone,BONE,Bone
"His brows were defiantly dark, and though Noah couldn't catch the color of his eyes, he imagined they would be that odd and beautiful golden b _ _ _ n. He had the whipcord build and appearance of impossible fitness of an elderly out-doorsman. [5 Letters B _ _ _ _ _ N]",Fill-in-the-Blank,brown,BROWN,Brown
"Yet she did feel threatened. Not by the man. He was ordinary, pale, doughy-faced, with kind eyes behind thick tortoiseshell glasses. Inexplicably, unreasonably, the gloves themselves were what abruptly terrified her. Her b _ _ _ _ h caught in her throat, and her heart hammered. [6 Letters B _ _ _ _ _ H]",Fill-in-the-Blank,breath,BREATH,Breath
"On his fourth day at home, when he told her as much, she leaned back in her office c _ _ _ r and puffed out her chest as if swelling with pride. ""Yep, that's me. Bill Gates without the nerd reputation."" [5 Letters C _ _ _ _ _ R]",Fill-in-the-Blank,chair,CHAIR,Chair
"It's so maddening we've jumped to add rogues and a lady k _ _ _ _ t to our roster, gods bless them."" [6 Letters K _ _ _ _ _ T]",Fill-in-the-Blank,knight,KNIGHT,Knight
"We went in and I saw it was an office, big d _ _ _ , chairs in front, couch on the back wall; the same décor as the reception area. [4 Letters D _ _ _ ]",Fill-in-the-Blank,desk,DESK,Desk
"Kit had called the news helicopter they'd seen near Denver the ""good g _ _ _ ,"" but Max was sure he didn't mean the ones fluttering through the woods now. The men up there wanted her dead. She could see their guns. [4 Letters G _ _ _ ]",Fill-in-the-Blank,guys,GUYS,Guys
"""Seven years ago. Nineteen eighty-one. She had just joined the group. She had many p _ _ _ _ _ _ s, with her marriage, with drinking and drugs. She was not... stable. She came to me and told me what she planned to do. [8 Letters P _ _ _ _ _ S]",Fill-in-the-Blank,problems,PROBLEMS,Problems
"He supposed that, with a crippling of their perceptions, there was an inevitable clouding of the thought p _ _ _ _ _ _ _ s as well, for nothing else explained their intense and irrational fear. [9 Letters P _ _ _ _ _ S]",Fill-in-the-Blank,processes,PROCESSES,Processes
"He froze, not as a consequence of the cold air but because he sensed that someone crouched immediately in f _ _ _ t of him, that he'd come face-to-face with his unknown adversary. [5 Letters F _ _ _ _ _ T]",Fill-in-the-Blank,front,FRONT,Front
"Sufficiently recovered to keep both eyes open at the same time and seeing only double instead of in gauzy triplicate, Web put the car in g _ _ _  and headed out. [4 Letters G _ _ _ ]",Fill-in-the-Blank,gear,GEAR,Gear
"Her heels clicked on the marble f _ _ _ r as she circled, studying details, looking for any slight adjustment that needed to be made. ""This era was richer and had more drama. So much energy. [5 Letters F _ _ _ _ _ R]",Fill-in-the-Blank,floor,FLOOR,Floor
"All three rounds pierced the guy's left breast. If he still had a heartbeat as he hit the g _ _ _ _ d, then you could chalk that up to a miracle. [6 Letters G _ _ _ _ _ D]",Fill-in-the-Blank,ground,GROUND,Ground
"His first w _ _ _ , spoken even before Dada or Mama, was simply death, in a most somber tone for a mere toddler. His second word was despair, his third was hopeless; [4 Letters W _ _ _ ]",Fill-in-the-Blank,word,WORD,Word
"Dick Berenski, chief l _ _  tech, hunched over his station with its series of comps like a gargoyle. His egg-shaped head rose over the shoulders of the lab coat he'd tossed over a screaming orange shirt and plum-colored skin-pants. [3 Letters L _ _ _ ]",Fill-in-the-Blank,lab,LAB,Lab
It was postmarked Knoxville and there was a l _ _ _ _ r from his mother and a check from his Uncle Ben newly dead. He looked at the check. It was for three hundred dollars. [6 Letters L _ _ _ _ _ R],Fill-in-the-Blank,letter,LETTER,Letter
"Dinah began stroking his a _ _  again. ""And I'm not like him, either. For instance, I'd never let a friend go into a place where I knew he was in peril of his life, just so I could rescue him spectacularly, for the effect."" [3 Letters A _ _ _ ]",Fill-in-the-Blank,arm,ARM,Arm
"Fairchild's eyebrows wiggled. His lips curved. He rubbed his p _ _ _ s together. ""A plan."" [5 Letters P _ _ _ _ _ S]",Fill-in-the-Blank,palms,PALMS,Palms
"She was a wary s _ _ _ _ t rat, just as he'd been. She'd go back to Nahim Zineer's - she'd never walk away from the few coppers he paid. [6 Letters S _ _ _ _ _ T]",Fill-in-the-Blank,street,STREET,Street
