QUESTION_TEXT,QUESTION_TYPE,OPTION_1,OPTION_2,OPTION_3
"""What's your hurry?"" Fang turned and looked me in the eye. ""Or d'you think that if you can't save the w _ _ _ d with it, it's not worth your time?"" [5 Letters W _ _ _ _ _ D]",Fill-in-the-Blank,world,WORLD,World
Melanie stared toward the front of the t _ _ _ _ _ r with the same expression that had been on her face when the screen had been blank. The backsplash of light illuminated her face. [7 Letters T _ _ _ _ _ R],Fill-in-the-Blank,theater,THEATER,Theater
"He balled his hand into a f _ _ _ , plowed it into her face. [4 Letters F _ _ _ ]",Fill-in-the-Blank,fist,FIST,Fist
"His shoes, covered in a fine layer of dust, peeked out from between an upturned box s _ _ _ _ g and an antiquated harmonium. Their enameled eyes turned to the heavens. He must have been asleep. [6 Letters S _ _ _ _ _ G]",Fill-in-the-Blank,spring,SPRING,Spring
"He didn't look at Steris as he said it. He didn't need to. That sly s _ _ _ e, so self-satisfied as he sipped his wine. [5 Letters S _ _ _ _ _ E]",Fill-in-the-Blank,smile,SMILE,Smile
"And in the last few years, she had never passed a day without Ansset's voice. It had become a vice, she knewfor while Ansset was banned from singing to others in the Songhouse, his voice was always singing in his stall, and they had conversed for hours many t _ _ _ s. [5 Letters T _ _ _ _ _ S]",Fill-in-the-Blank,times,TIMES,Times
He was on his second cup of t _ _  when he remembered what Bill had said in his note about owing him a meal. [3 Letters T _ _ _ ],Fill-in-the-Blank,tea,TEA,Tea
"There was background n _ _ _ e, a great deal of it. Air and street traffic, Eve decided. Martinez wasn't calling from the squad room. [5 Letters N _ _ _ _ _ E]",Fill-in-the-Blank,noise,NOISE,Noise
"If you think of the gunslingers of Gilead as a strange c _ _ _ _ _ _ _ _ _ n of knights errant and territorial marshals in the Old West, you'll be close to the mark. [11 Letters C _ _ _ _ _ N]",Fill-in-the-Blank,combination,COMBINATION,Combination
"Pick up, pick up! Damn it - pick up the phone! Sweat had begun to coat my neck and f _ _ _ _ _ _ d. This was my darkest nightmare, my worst fear come true. What could I do from out here? [8 Letters F _ _ _ _ _ D]",Fill-in-the-Blank,forehead,FOREHEAD,Forehead
"Zane moved behind me, as if using me for a shield. It would have worked better if he hadn't been nearly ten i _ _ _ _ s taller than me. [6 Letters I _ _ _ _ _ S]",Fill-in-the-Blank,inches,INCHES,Inches
"A roar went up from the crowd. At the n _ _ _ h end of the meadow, a column of knights came trotting out of the river mist. [5 Letters N _ _ _ _ _ H]",Fill-in-the-Blank,north,NORTH,North
"He stroked his fingers gently across her shoulder where her robe hung loose, up the long line of her throat and to her lips, where they traced the s _ _ _ e. [5 Letters S _ _ _ _ _ E]",Fill-in-the-Blank,shape,SHAPE,Shape
"He lost weight, looked nearly as sick as she had. Then he seemed to come back. The last few months, he seemed to find his f _ _ _  again. You want me to think he's crazy, some sort of insane monster. [4 Letters F _ _ _ ]",Fill-in-the-Blank,feet,FEET,Feet
"Still, I have to admit that before I went to s _ _ _ p, I cried a few tears for the misery that had been my lot. [5 Letters S _ _ _ _ _ P]",Fill-in-the-Blank,sleep,SLEEP,Sleep
"He pulled the wick out of the bottle and poured the bottle about h _ _ _  full, old straight weight oil thick and gelid with the cold and a long time pouring. [4 Letters H _ _ _ ]",Fill-in-the-Blank,half,HALF,Half
"The black skirt swirled around her, giving a glimpse of layers of black petticoats, and a pair of black patent l _ _ _ _ _ r sandals that left most of her foot bare. [7 Letters L _ _ _ _ _ R]",Fill-in-the-Blank,leather,LEATHER,Leather
"But if he were to use that, and his own s _ _ _ _ _ _ e, he had to do it straight. [8 Letters S _ _ _ _ _ E]",Fill-in-the-Blank,schedule,SCHEDULE,Schedule
"'Such a silly word, ""cervix"". Well, I've got a lump on mine. I have to go have a test or something. And my husband says I've ruined his s _ _  life. [3 Letters S _ _ _ ]",Fill-in-the-Blank,sex,SEX,Sex
"No one cheered. They were still too tense for that. But they indulged in a modest, collective s _ _ _  of relief. [4 Letters S _ _ _ ]",Fill-in-the-Blank,sigh,SIGH,Sigh
