QUESTION_TEXT,QUESTION_TYPE,OPTION_1,OPTION_2,OPTION_3
The cool cloth stayed at my forehead but I felt strong fingers curl around my n _ _ _  and then they drifted down to my shoulder. [4 Letters N _ _ _ ],Fill-in-the-Blank,neck,NECK,Neck
"Oh, different names, perhaps-Jupiter for Zeus, Venus for Aphrodite, and so on-but the same f _ _ _ _ s, the same gods."" [6 Letters F _ _ _ _ _ S]",Fill-in-the-Blank,forces,FORCES,Forces
"When he got over his surprise at the food's quality, he began to pay as much a _ _ _ _ _ _ _ n to his fellow diners as to the contents of his plate. Gradually he noted several odd things about them. [9 Letters A _ _ _ _ _ N]",Fill-in-the-Blank,attention,ATTENTION,Attention
"The d _ _  rose onto all fours, standing on the seat, which brought its head almost to the ceiling. It looked through the back window of the cab and growled softly. [3 Letters D _ _ _ ]",Fill-in-the-Blank,dog,DOG,Dog
"""I do not doubt that."" He gave his horse a pat. ""I thought I'd ride with you part of the way if you have no o _ _ _ _ _ _ _ n."" [9 Letters O _ _ _ _ _ N]",Fill-in-the-Blank,objection,OBJECTION,Objection
"After leaving the FWS, graduates were called patch wearers: instead of their flying squadron patch, they wore on their right s _ _ _ _ _ _ r the FWS patch-gray with yellow circles and a bomb impacting this bull's-eye. [8 Letters S _ _ _ _ _ R]",Fill-in-the-Blank,shoulder,SHOULDER,Shoulder
"never m _ _ _  that. He had to send to Elayne. The proper course was to send help for evacuating the city, Asha'man and loyal Aes Sedai to make gateways and free as many people as possible-and to make certain that for now, the Trollocs remained in Caemlyn. [4 Letters M _ _ _ ]",Fill-in-the-Blank,mind,MIND,Mind
"Considering his battered and stitched face, considering also his tragic and colorful h _ _ _ _ _ y, Vanadium spoke with remarkably little drama. His voice was calm, nearly flat, rising and falling so little that he almost talked in a monotone. [7 Letters H _ _ _ _ _ Y]",Fill-in-the-Blank,history,HISTORY,History
"I don't remember much about the car ride to the Durham restaurant, except that we talked all the way. We never had any t _ _ _ _ _ e talking. I don't exactly remember the meal, except that it was very good regional/continental grub. [7 Letters T _ _ _ _ _ E]",Fill-in-the-Blank,trouble,TROUBLE,Trouble
"The chair might or might not really be a chair, but the numbers under the glass strip were a digital c _ _ _ k. It was running backward. Counting down, to be perfectly accurate. And what would happen when that read-out finally went from [5 Letters C _ _ _ _ _ K]",Fill-in-the-Blank,clock,CLOCK,Clock
And that was only part of the Chamber of Obsidian. There was more; there was the window. It occupied all of the fourth w _ _ _  behind the sand-filled hollow where the Manworm coiled; [4 Letters W _ _ _ ],Fill-in-the-Blank,wall,WALL,Wall
He got h _ _ _  and Mother was drinking tea in the kitchen. Your fathers in his office and he doesnt want to be disturbed. [4 Letters H _ _ _ ],Fill-in-the-Blank,home,HOME,Home
"Those brooding good looks-tough, with just a h _ _ _  of vulnerability beneath-would shine on-screen. ""So, who's your type, Nick? [4 Letters H _ _ _ ]",Fill-in-the-Blank,hint,HINT,Hint
"The switches, operated by psi p _ _ _ r, in turn maneuvered his hands and moved him about as he wished. He recalled his left servo now that the bird had gone. It rushed back to him and floated at his side. [5 Letters P _ _ _ _ _ R]",Fill-in-the-Blank,power,POWER,Power
"""Sometimes it's best not to wonder too much."" He let the w _ _ _ s hang in the air and she felt it building again, an odd pressure in her head, the tingling of individual hairs on her nape. [5 Letters W _ _ _ _ _ S]",Fill-in-the-Blank,words,WORDS,Words
"We know by now of the awful tableau at the m _ _ _ _ r scene, of the pornographic posture in which he had arranged for Faunia to meet her death, the better to register, in a single, indelible image, her bondage, her subservience (by extension, the bondage and subservience of the college community) to his enraged contempt. [6 Letters M _ _ _ _ _ R]",Fill-in-the-Blank,murder,MURDER,Murder
"During these two days, I saw Vance once and Nick three times. I had no i _ _ _  they came by often to spend time with me while I was taking angel naps. [4 Letters I _ _ _ ]",Fill-in-the-Blank,idea,IDEA,Idea
"Leo shrugged. last s _ _ _ _ r, he'd been on the run from another foster home. Then a truancy officer caught him in New Mexico, and the court sentenced him to the nearest correctional facility-the Wilderness School. ""Guess I was busy."" [6 Letters S _ _ _ _ _ R]",Fill-in-the-Blank,summer,SUMMER,Summer
"The dialect had evolved in the east e _ _  of London, but it had spread to other parts of England. [3 Letters E _ _ _ ]",Fill-in-the-Blank,end,END,End
"""Look. Here's what you do,"" I told him. ""You go home, you say you're sorry, you put some fizzy stuff in your bathtub and you take a b _ _ _  and go to bed."" [4 Letters B _ _ _ ]",Fill-in-the-Blank,bath,BATH,Bath
