QUESTION_TEXT,QUESTION_TYPE,OPTION_1,OPTION_2,OPTION_3
"Emotions, he often lectured his men, had no place in p _ _ _ _ e work. Of course that was false, and like many cops Owens only succeeded in turning his rage inward. [6 Letters P _ _ _ _ _ E]",Fill-in-the-Blank,police,POLICE,Police
"Ellie was immediately sorry that such a t _ _ _ _ _ t had occurred to her, for it encouraged her to wonder if the kind, good man she saw in Spencer was at best only part of the truth. [7 Letters T _ _ _ _ _ T]",Fill-in-the-Blank,thought,THOUGHT,Thought
I held my b _ _ _ _ h as we let go. I was scared of what she was going to say. I brushed a wisp of hair out of her eyes. [6 Letters B _ _ _ _ _ H],Fill-in-the-Blank,breath,BREATH,Breath
"When I reached the end of the block, the birds were flying in a circle over the intersection, as if marking time until I caught up with them. I counted ten or twelve, more than had kept watch over me from the indian l _ _ _ _ l. [6 Letters L _ _ _ _ _ L]",Fill-in-the-Blank,laurel,LAUREL,Laurel
"Out here in the sticks, the s _ _ _ _ r nights are warm and redolent before morning fog rises, and the bed-and-breakfast had whole trellises full of fragrance that had escaped to grow wild. [6 Letters S _ _ _ _ _ R]",Fill-in-the-Blank,summer,SUMMER,Summer
"With his eyes on hers, he spread out her hair, letting his f _ _ _ _ _ s linger. ""I've imagined you here, in the candlelight, with your hair on my pillow."" He lowered his lips to brush them across hers. [7 Letters F _ _ _ _ _ S]",Fill-in-the-Blank,fingers,FINGERS,Fingers
"Inside, he saw shattered windows in the back of the e _ _ _ _ _ _ e hall, tables covered in plastic. He tried the doors. They were locked. [8 Letters E _ _ _ _ _ E]",Fill-in-the-Blank,entrance,ENTRANCE,Entrance
"Distracted, Bryan glanced over to the couple beside her. The woman was her own age, perhaps a year or two older. She was beaming. The man beside her was grinning over a wad of g _ _ . [3 Letters G _ _ _ ]",Fill-in-the-Blank,gum,GUM,Gum
I nodded in agreement. 'Why I got in t _ _ _ h.' I took a long pull on the Corona. [5 Letters T _ _ _ _ _ H],Fill-in-the-Blank,touch,TOUCH,Touch
"Now Scott falls on his knees and looks under the lumpy cushions one by one until he finds the third s _ _ _ p of paper, the third station of the bool, and this one sends him to- [5 Letters S _ _ _ _ _ P]",Fill-in-the-Blank,scrap,SCRAP,Scrap
"You have barely any experience, yet you took over three separate g _ _ _ _ s, convincing them to put you-practically sphereless and completely without authority-in charge. Brilliant! [6 Letters G _ _ _ _ _ S]",Fill-in-the-Blank,groups,GROUPS,Groups
"As for ""literary manner,"" I have, as I indicated, a track r _ _ _ _ d more extensive than your ""Mr. Roth's."" The longer works particularly have been dramatically different in the kinds of ""strokes"" by which the author ""achieves his effects"" [6 Letters R _ _ _ _ _ D]",Fill-in-the-Blank,record,RECORD,Record
"""No. She never did. God help me, out of fear, I let her walk away that night, take my b _ _ _  away."" [4 Letters B _ _ _ ]",Fill-in-the-Blank,baby,BABY,Baby
"But even as bits of the robot flew through the air, it kept coming, and Dead Boy had to back away before it. And while he was concentrating on one robot, the o _ _ _ _ s closed in around him. [6 Letters O _ _ _ _ _ S]",Fill-in-the-Blank,others,OTHERS,Others
"But I am not trying to Heal the White Tower just so he can chain Aes Sedai like damane. Sleep well and have pleasant d _ _ _ _ s, Elayne. pleasant d _ _ _ _ s are more valuable than people realize."" [6 Letters D _ _ _ _ _ S]",Fill-in-the-Blank,dreams,DREAMS,Dreams
"""Fox Two,"" Troy said, finally taking the o _ _ _ _ _ _ _ _ _ y to thumb the trigger. [11 Letters O _ _ _ _ _ Y]",Fill-in-the-Blank,opportunity,OPPORTUNITY,Opportunity
"""Oh, one more thing. Although it was never covered in the official report, I'm sure you've already considered the possibility that the person on the elevator was used to distract you while Ramsey pulled his g _ _  and fired."" [3 Letters G _ _ _ ]",Fill-in-the-Blank,gun,GUN,Gun
"""You're quiet,"" Gennie murmured as he cut the engine and let the b _ _ _  drift against the dock. [4 Letters B _ _ _ ]",Fill-in-the-Blank,boat,BOAT,Boat
"in the parlor, sybill concentrated fiercely on her work. She didn't give a d _ _ _  if it had been petty, unreasonable behavior to ignore Phillip's knock. She'd had enough emotional upheaval for one weekend. [4 Letters D _ _ _ ]",Fill-in-the-Blank,damn,DAMN,Damn
"I'll bet the credit c _ _ _  company sold the judgment to the collection company for pennies on the dollar, and now it's enforcing an outdated court order."" [4 Letters C _ _ _ ]",Fill-in-the-Blank,card,CARD,Card
