QUESTION_TEXT,QUESTION_TYPE,OPTION_1,OPTION_2,OPTION_3
"The cherry came to life again, this time moving, turning back toward the windows. Fisher switched the Tridents first to infrared, then to EM, and saw nothing unusual, so he stood up and walked across the carpeted h _ _ _  to a seating alcove beside the library doors. [4 Letters H _ _ _ ]",Fill-in-the-Blank,hall,HALL,Hall
"There was no r _ _ _ _ n for Howard to feel as nervous as he did, but that didn't matter. He had already paid two visits to the bathroom, and a third would be likely. [6 Letters R _ _ _ _ _ N]",Fill-in-the-Blank,reason,REASON,Reason
"When the Prophet finished his challenge, there were only a h _ _ _ _ _ l who took his oath, who would go back with him. He seemed sad, Ta-Kumsaw thought. Weighed down. He turned his back on the ones who remained-on the warriors, who would fight the White man. [7 Letters H _ _ _ _ _ L]",Fill-in-the-Blank,handful,HANDFUL,Handful
"After opening and shutting the cupboards above the sink, then casting about in several drawers and aluminum containers, I opted for the freezer c _ _ _ _ _ _ _ _ _ t of the refrigerator. [11 Letters C _ _ _ _ _ T]",Fill-in-the-Blank,compartment,COMPARTMENT,Compartment
Egwene exchanged g _ _ _ _ _ s with Nynaeve as they got to their feet. [7 Letters G _ _ _ _ _ S],Fill-in-the-Blank,glances,GLANCES,Glances
"Yet when it came to the execution of their duties, there was a palpable intensity about him that no one missed or ever questioned. He never gave orders, only suggestions, after which platoon SEALs moved with a sense of u _ _ _ _ _ y. [7 Letters U _ _ _ _ _ Y]",Fill-in-the-Blank,urgency,URGENCY,Urgency
"It was only with the Milgian nearly standing in f _ _ _ t of La Forge that he was able to see the scarlet lines on his wounded body. ""You're injured. Dr. Crusher would be happy to help you."" [5 Letters F _ _ _ _ _ T]",Fill-in-the-Blank,front,FRONT,Front
"Finished, he drove to Washington National Airport, where he caught a f _ _ _ _ t to Miami. There was a three-hour layover until he took another airplane to Mexico City. Miller was waiting for him in the proper hotel. [6 Letters F _ _ _ _ _ T]",Fill-in-the-Blank,flight,FLIGHT,Flight
"""I burn them. They aren't yet representative of my best w _ _ _ ."" [4 Letters W _ _ _ ]",Fill-in-the-Blank,work,WORK,Work
"The g _ _ _ _ _ _ _ _ r had a sudden vivid picture of the Great Hall a year or so after the Sowing Night Cotillion. By then it had been nothing but shattered shards in the wake of revolt, civil strife, and invasion. [10 Letters G _ _ _ _ _ R]",Fill-in-the-Blank,gunslinger,GUNSLINGER,Gunslinger
"""Those Were the Days"" (w _ _ _ s and music by Gene Raskin), TRO-Copyright © 1962 (Renewed) 1968 (Renewed) by Essex Music, Inc., New York, NY. Used by permission. [5 Letters W _ _ _ _ _ S]",Fill-in-the-Blank,words,WORDS,Words
"Men have a parallel process, but it's binary: Does he have b _ _ _ ? If yes, will he share with me? [4 Letters B _ _ _ ]",Fill-in-the-Blank,beer,BEER,Beer
"He brewed a great batch of the formula and gave it to every man and boy of fighting a _ _  in the village at midnight, when the moon was full."" [3 Letters A _ _ _ ]",Fill-in-the-Blank,age,AGE,Age
"""You're a good l _ _ _ , but with the evidence I'm going to have stacked up against you, even your lies will sink. Natasha Quigley, you're under arrest for the murder of Trey Ziegler, for the murder of Catiana Dubois, human beings. [4 Letters L _ _ _ ]",Fill-in-the-Blank,liar,LIAR,Liar
"For me, that is the secret to a successful, prolific career as a writer: Have fun, entertain yourself with your work, make yourself laugh and cry with your own s _ _ _ _ _ s, make yourself shiver in suspense along with your characters. [7 Letters S _ _ _ _ _ S]",Fill-in-the-Blank,stories,STORIES,Stories
She found she didn't have a great d _ _ _  of trouble coping. [4 Letters D _ _ _ ],Fill-in-the-Blank,deal,DEAL,Deal
"She let out a short l _ _ _ h. ""Maybe later. I've got to get my record copies then I'm heading over to join the search and sweep team."" [5 Letters L _ _ _ _ _ H]",Fill-in-the-Blank,laugh,LAUGH,Laugh
"Indeed, I relied on Dad to acquire the book that completed my death studies: Forensic Pathology, published by Elsevier in a series of thick volumes written for law-enforcement professionals involved in criminal i _ _ _ _ _ _ _ _ _ _ _ _ s. [14 Letters I _ _ _ _ _ S]",Fill-in-the-Blank,investigations,INVESTIGATIONS,Investigations
"""You look the other way, Lee. That's all I'm asking. You start work at my company next month. One million d _ _ _ _ _ s a year. Stock options, the works. You'll be set for life."" [7 Letters D _ _ _ _ _ S]",Fill-in-the-Blank,dollars,DOLLARS,Dollars
"In truth, he'd never been able to draw a hard line of demarcation between his professional and personal lives. He was the same man whether he was having a couple of drinks with friends or burning the m _ _ _ _ _ _ t oil with Zark. [8 Letters M _ _ _ _ _ T]",Fill-in-the-Blank,midnight,MIDNIGHT,Midnight
