QUESTION_TEXT,QUESTION_TYPE,OPTION_1,OPTION_2,OPTION_3
"Our private l _ _ _ _ _ _ e of words and gestures, our dances, all the things that flocks of geese and hives of bees can do. [8 Letters L _ _ _ _ _ E]",Fill-in-the-Blank,language,LANGUAGE,Language
"I hadn't felt the cloying, somehow oily power slithering up to me-but I could sure as h _ _ _  feel it now as it recoiled and pulled away. I'd felt it before-and I suddenly knew what I was dealing with. [4 Letters H _ _ _ ]",Fill-in-the-Blank,hell,HELL,Hell
"Dawson frowned. ""Mad?"" ""Incredible, unbelievable, impossible,"" the g _ _ _ _ _ l said, clarifying his first statement when he saw that it disturbed Dawson. [7 Letters G _ _ _ _ _ L]",Fill-in-the-Blank,general,GENERAL,General
"There were some hand-embroidered pillows arranged on it, and the effect was very pretty. The carpet Jane had been so partial to was a muted rose with a tiny blue pattern, and her living room f _ _ _ _ _ _ _ e (a sofa and two armchairs) picked up that shade of blue, while the lamp shades were white or rose. [9 Letters F _ _ _ _ _ E]",Fill-in-the-Blank,furniture,FURNITURE,Furniture
"If I told what I knew about his relationship with Oswald, he might spend the r _ _ _  of his career freezing his ass off in Fargo. [4 Letters R _ _ _ ]",Fill-in-the-Blank,rest,REST,Rest
"""Pray the creature never catches your t _ _ _ l again, lass,"" Dockson said quietly, sipping his wine. [5 Letters T _ _ _ _ _ L]",Fill-in-the-Blank,trail,TRAIL,Trail
"The Aes Sedai from Cadsuane's group-Merise and Corele-sat in the room, knitting and sipping t _ _ , trying to look like they were not waiting on the infernal woman's whims. [3 Letters T _ _ _ ]",Fill-in-the-Blank,tea,TEA,Tea
"Somehow he would manage a trip to Scotland, where she would meet his m _ _ _ _ r and father, his brothers and sisters. They would be married again there, in the land of his birth. [6 Letters M _ _ _ _ _ R]",Fill-in-the-Blank,mother,MOTHER,Mother
"So, it wasn't the people who wanted to kill the priest. It was Andropov, certainly, and the Politburo, possibly, who wished to do it. Even his workmates at The Centre had no particular b _ _ _  to pick with Father Karol. [4 Letters B _ _ _ ]",Fill-in-the-Blank,bone,BONE,Bone
"It blew the top half of the door and the frame outward, slashing the two p _ _ _ _ e officers with pieces of wood ranging from splinters to large fragments. They screamed and were tossed backward by the blast. [6 Letters P _ _ _ _ _ E]",Fill-in-the-Blank,police,POLICE,Police
"""No, Abdul-Majeed, I am not."" He slipped off his j _ _ _ _ t and pulled up his shirtsleeve, revealing a mark on the inside of his upper arm, where it could not be easily seen when his shirt was off. [6 Letters J _ _ _ _ _ T]",Fill-in-the-Blank,jacket,JACKET,Jacket
"Jennifer saw a tall, slim, reptilian-looking joker. He hissed at her, his long, forked tongue lolling out an impossible length. He raised a p _ _ _ _ l and fired. [6 Letters P _ _ _ _ _ L]",Fill-in-the-Blank,pistol,PISTOL,Pistol
"He said he was in the lumber and timber business, owned some sawmills in Alabama, a factory here and there, and gave the a _ _ _ _ _ _ _ _ e of a man who was successful. [10 Letters A _ _ _ _ _ E]",Fill-in-the-Blank,appearance,APPEARANCE,Appearance
"Only what was strictly necessary, and as brief as possible. He knew enough to fear the American ability to gather electronic i _ _ _ _ _ _ _ _ _ _ e. The Western news media often talked about ""intercepts,"" [12 Letters I _ _ _ _ _ E]",Fill-in-the-Blank,intelligence,INTELLIGENCE,Intelligence
"As the last l _ _ _  was tossed ashore and seized by a dockman, a girl in narrow, divided skirts burst out of the shadows between two warehouses, a bundle in her arms and a dark cloak streaming behind her. [4 Letters L _ _ _ ]",Fill-in-the-Blank,line,LINE,Line
"I barely watched the rest of the battle. I just stared at the s _ _ _  where my father's ship had vanished. Eventually, the humans were victorious. The remaining Krell fled in defeat. [4 Letters S _ _ _ ]",Fill-in-the-Blank,spot,SPOT,Spot
"""Did you see them?"" he asked with a l _ _ _ h. ""Did you see them, Roland . . . Will, I mean? They bought it, didn't they? Swallowed that honey whole, they did!"" [5 Letters L _ _ _ _ _ H]",Fill-in-the-Blank,laugh,LAUGH,Laugh
"They then discussed Rachel, and where she might be. Should they retain a top-notch security f _ _ _  to locate her? Almost every lawyer happened to know one. The idea was quite appealing and received more attention than it should have. [4 Letters F _ _ _ ]",Fill-in-the-Blank,firm,FIRM,Firm
"Six weeks after the desegregation order hit the town, I saw narrow-minded, intolerant rednecks screaming like maniacs and bouncing up and down whenever Ricky got the b _ _ _ . [4 Letters B _ _ _ ]",Fill-in-the-Blank,ball,BALL,Ball
"She shot him a g _ _ _ _ e of disgust. ""And maybe I could push you over the side while we glide silently under a bridge, on some particularly dank and smelly canal."" [6 Letters G _ _ _ _ _ E]",Fill-in-the-Blank,glance,GLANCE,Glance
