QUESTION_TEXT,QUESTION_TYPE,OPTION_1,OPTION_2,OPTION_3
"A police cruiser turned the corner two b _ _ _ _ s away and sped toward them, siren screaming, emergency lights casting off alternating waves of blue and red light. [6 Letters B _ _ _ _ _ S]",Fill-in-the-Blank,blocks,BLOCKS,Blocks
"""Why did you change?"" the woman said, stepping out from the shadows to lean on her silver bow. Her intricate golden braid hung over her shoulder, and moonlight shone on her b _ _  and arrows. [3 Letters B _ _ _ ]",Fill-in-the-Blank,bow,BOW,Bow
"""Monk said history was full of numbers, important o _ _ _ . Alan Turing used numbers a long time ago to help end a big war. Monk used to tell me about that. But they used alphabet letters too."" [4 Letters O _ _ _ ]",Fill-in-the-Blank,ones,ONES,Ones
Wu nodded again. He was not surprised that Locke had his own w _ _ _  of tracking important information. He would have been surprised if he did not. [4 Letters W _ _ _ ],Fill-in-the-Blank,ways,WAYS,Ways
"At Graham's direction, Connie had stripped the manufacturer's plastic bands from an eighty-foot coil of red and blue hawser-laid n _ _ _ n rope. [5 Letters N _ _ _ _ _ N]",Fill-in-the-Blank,nylon,NYLON,Nylon
"Suttree and J-Bone made their way toward the men's room. Cabbage on the floor already dancing mightily, the girl laughing. Kenneth Tipton at a nearby t _ _ _ e holding out his hand. [5 Letters T _ _ _ _ _ E]",Fill-in-the-Blank,table,TABLE,Table
"Quellion was at the edge of the stage. Spook jumped, sailing across the wooden p _ _ _ _ _ _ m. It was all right for him to use Allomancy; he hadn't preached against it. Only Quellion the hypocrite needed to fear using his powers. [8 Letters P _ _ _ _ _ M]",Fill-in-the-Blank,platform,PLATFORM,Platform
"Kiruna smelled of relief, but with one last g _ _ _ _ e at Bera, she drew herself up in stubborn certainty. [6 Letters G _ _ _ _ _ E]",Fill-in-the-Blank,glance,GLANCE,Glance
"A whippoorwill cried out once across the dark field. Halfway through its second verse, Ginelli opened f _ _ _ . [4 Letters F _ _ _ ]",Fill-in-the-Blank,fire,FIRE,Fire
"In our current c _ _ _ _ _ _ _ _ _ _ _ s, the question seemed curious. ""What do you mean?"" [13 Letters C _ _ _ _ _ S]",Fill-in-the-Blank,circumstances,CIRCUMSTANCES,Circumstances
"""I have money practically falling out of my asshole."" His f _ _ _ _ y had been in textiles for roughly nine hundred years and owned most of southern New Hampshire. [6 Letters F _ _ _ _ _ Y]",Fill-in-the-Blank,family,FAMILY,Family
"I tried to scream, but the p _ _ _  had priority on reality, and no sound came out. This was worse than what Morlun had tried to do. He'd barely touched me for a second. [4 Letters P _ _ _ ]",Fill-in-the-Blank,pain,PAIN,Pain
"I could see rich, dark b _ _ _ d spreading across the back of his flannel shirt. [5 Letters B _ _ _ _ _ D]",Fill-in-the-Blank,blood,BLOOD,Blood
"She went to her c _ _ _ _ _ d center, poured coffee, checked her own incoming. [7 Letters C _ _ _ _ _ D]",Fill-in-the-Blank,command,COMMAND,Command
What if Carol is forced to kill the girl in self-defense? You know she's never stopped feeling guilty about putting the baby up for a _ _ _ _ _ _ n. She carries that on her shoulders sixteen years after the fact. [8 Letters A _ _ _ _ _ N],Fill-in-the-Blank,adoption,ADOPTION,Adoption
"But a lot of Russians took the train to Budapest. It was the neighbor of Yugoslavia, the communist San Francisco, a place where Russians could not go without permission, but Hungary traded freely with Yugoslavia, and so soviet c _ _ _ _ _ _ s could purchase VCRs, Reebok running shoes, and Fogal pantyhose there. [8 Letters C _ _ _ _ _ S]",Fill-in-the-Blank,citizens,CITIZENS,Citizens
"Judge Atlee relit his pipe with a match and blew some more smoke. He leaned forward on his e _ _ _ _ s and said, ""Gentlemen, I think he's right. If this will is proven to be valid, that is, if the jury believes Mr. [6 Letters E _ _ _ _ _ S]",Fill-in-the-Blank,elbows,ELBOWS,Elbows
"Mal stacked his chips and got a f _ _ _ h of Parker, the utility room, and the tattered white lace in the back pocket of his jeans. [5 Letters F _ _ _ _ _ H]",Fill-in-the-Blank,flash,FLASH,Flash
"""What in the n _ _ _  of god?"" Verdad said as the beast shrieked in the motel office behind them. [4 Letters N _ _ _ ]",Fill-in-the-Blank,name,NAME,Name
"""Why, just because I snapped your head off?"" She grinned, taking a rag out of her coveralls to wipe her hands: ""Buy you a drink?"" She jerked her head toward a soft drink m _ _ _ _ _ e. [7 Letters M _ _ _ _ _ E]",Fill-in-the-Blank,machine,MACHINE,Machine
