QUESTION_TEXT,QUESTION_TYPE,OPTION_1,OPTION_2,OPTION_3
"That's what they do, and they've done this before-this k _ _ _  of thing if not this precise thing. First-timer here, and what I'm noticing is they're not getting anywhere."" [4 Letters K _ _ _ ]",Fill-in-the-Blank,kind,KIND,Kind
"""I think I'm having a s _ _ _ _ e."" Noah pressed his fingers to his twitching eye. ""Call the nurse. No, better, call a doctor. Maybe I can get some action."" [6 Letters S _ _ _ _ _ E]",Fill-in-the-Blank,stroke,STROKE,Stroke
"The reverend enjoyed food and he also had a k _ _ _ k for embellishment. On his second pie, he became monotonous in his praise for the story. He gave no indication of leaving anytime that afternoon, so I finally excused myself. [5 Letters K _ _ _ _ _ K]",Fill-in-the-Blank,knack,KNACK,Knack
"Then he moved to shift me f _ _ _ t to f _ _ _ t, both arms around me. [5 Letters F _ _ _ _ _ T]",Fill-in-the-Blank,front,FRONT,Front
"His lips curved as he flipped the p _ _ _  again, and his mind raced as he sketched out who and what his newly minted Cass would become. The leather, the breastplate-and the very nice pair rising over it. [4 Letters P _ _ _ ]",Fill-in-the-Blank,page,PAGE,Page
"Lateral Alice Moore's bluish fingertips make her painted n _ _ _ s ten little sunsets. Lateral Alice Moore's desk's chair's wheels fit on a track with an electrified third rail, so she can slide from one corner of the horseshoe's arc to the other - more or less laterally - at the touch of a cerise desktop button. [5 Letters N _ _ _ _ _ S]",Fill-in-the-Blank,nails,NAILS,Nails
"All through his childhood, his l _ _ _  had been set out for him. He now realized that these last few weeks had been the first chances he'd had to choose for himself. What would he do with that choice? [4 Letters L _ _ _ ]",Fill-in-the-Blank,life,LIFE,Life
I dropped a heavy gold coin into the conch s _ _ _ l. Anita's eyes burned my soul. Then I heard someone laughing in the laurel thickets of Tempelhof. I recognized two servants of the Gymnasium. They ran away into the darkness. [5 Letters S _ _ _ _ _ L],Fill-in-the-Blank,shell,SHELL,Shell
"Taking his cue, McNab kept his voice as brittle as Turnbill's, and drew c _ _ _ e scene photos from his field bag. ""Here's a couple to start."" [5 Letters C _ _ _ _ _ E]",Fill-in-the-Blank,crime,CRIME,Crime
"She sipped her w _ _ _ . ""Fathers make a difference, and they don't have to be blood to do it. We both found fathers, or they found us, however it worked. It made a difference."" [4 Letters W _ _ _ ]",Fill-in-the-Blank,wine,WINE,Wine
"""Like I said, some other people talked to me. Some people who like a low profile. keep that in m _ _ _ ."" [4 Letters M _ _ _ ]",Fill-in-the-Blank,mind,MIND,Mind
That was it. The evidence of my senses had been confirmed by Bill Carter's quick summary and now by the judgment of the division c _ _ _ _ _ _ _ r forward. [9 Letters C _ _ _ _ _ R],Fill-in-the-Blank,commander,COMMANDER,Commander
"""Okay."" Better to get it out, she decided, as those blue eyes held hers just as his hand held hers. She didn't think it would fester, but…""Mars did some r _ _ _ _ _ _ h on her, speculated about the two of you. [8 Letters R _ _ _ _ _ H]",Fill-in-the-Blank,research,RESEARCH,Research
"""It never comes out right. It just never does."" T _ _ _ s flooded Zoe's eyes and were ruthlessly blinked back. ""We need to go."" [5 Letters T _ _ _ _ _ S]",Fill-in-the-Blank,tears,TEARS,Tears
"All the while, he kept telling himself that this was about the stupidest thing he could do. Since Ray Cryer was lying and he hadn't told the p _ _ _ _ e anything, why should Quentin do anything to arouse more suspicion? [6 Letters P _ _ _ _ _ E]",Fill-in-the-Blank,police,POLICE,Police
I just knew (like the night before) I'd have the novel feeling of going to b _ _  looking forward to the next day. [3 Letters B _ _ _ ],Fill-in-the-Blank,bed,BED,Bed
"""There are any n _ _ _ _ r of reasons,"" Amara said. ""Emergencies elsewhere, for one. Logistics issues delaying the departureof any of the Legions."" She grimaced. ""Or it could be a problem in communications."" [6 Letters N _ _ _ _ _ R]",Fill-in-the-Blank,number,NUMBER,Number
"Dove and Sarai had suites of chambers connected by a shared bathing room. Aly looked around Dove's rooms and smiled. There were books on shelves on two s _ _ _ s of the room, books on the bedside table, and candles placed for reading. [5 Letters S _ _ _ _ _ S]",Fill-in-the-Blank,sides,SIDES,Sides
"To which Aegon said, ""When the sun s _ _ _ , your line shall end."" [4 Letters S _ _ _ ]",Fill-in-the-Blank,sets,SETS,Sets
"She heard him chuckling as she dug deeper into the stone. It was more difficult than she'd have imagined. Yes, the b _ _ _ e cut the rock easily, but she kept cutting sections that just wouldn't fall out. [5 Letters B _ _ _ _ _ E]",Fill-in-the-Blank,blade,BLADE,Blade
