QUESTION_TEXT,QUESTION_TYPE,OPTION_1,OPTION_2,OPTION_3
"""No, I suppose a man in your position wouldn't have to pay for sex. Still, it might add a certain twist to the excitement. Do you ever frequent the Down and Dirty Club on the east e _ _ ?"" [3 Letters E _ _ _ ]",Fill-in-the-Blank,end,END,End
He usually hid his emotions behind a wry h _ _ _ r. Today he was serious. It wasn\'t like him. [5 Letters H _ _ _ _ _ R],Fill-in-the-Blank,humor,HUMOR,Humor
"Therefore, when he'd finally subdued her impulsive, hilarious and ill-conceived flight and taken her to bed, he'd spent a good deal of time using most of the weapons in his rather honed sexual arsenal to drive her m _ _  with desire. [3 Letters M _ _ _ ]",Fill-in-the-Blank,mad,MAD,Mad
"There's no sign it started in one place and spread. Everything capable of combining with oxygen just went up all at once, whoosh. The cutlery melted, and that's a lot hotter than your typical house f _ _ _ ."" [4 Letters F _ _ _ ]",Fill-in-the-Blank,fire,FIRE,Fire
Peter fell over. He got back up on his hands and k _ _ _ s and began to creep around in a large circle again. [5 Letters K _ _ _ _ _ S],Fill-in-the-Blank,knees,KNEES,Knees
Next time it would be harder to get as close to the inner k _ _ _  as she'd done today. She had to find another way in. [4 Letters K _ _ _ ],Fill-in-the-Blank,keep,KEEP,Keep
"Shielding the light of the candle in his hand once more, he slipped onto the s _ _ _ _ s and went down them as silently as he possibly could. [6 Letters S _ _ _ _ _ S]",Fill-in-the-Blank,stairs,STAIRS,Stairs
"""Won't take long."" Ethan nodded toward the c _ _ _ o doors of the building. ""Here's Cam now."" [5 Letters C _ _ _ _ _ O]",Fill-in-the-Blank,cargo,CARGO,Cargo
"""Ma'am…Miss Eastlake…you really shouldn't excite yourself this way,"" P _ _  said. [3 Letters P _ _ _ ]",Fill-in-the-Blank,pam,PAM,Pam
"""If it's a migraine, she'll have t _ _ _ _ _ e making it home. She used to get sick,"" Layne told his friend something he already knew. [7 Letters T _ _ _ _ _ E]",Fill-in-the-Blank,trouble,TROUBLE,Trouble
"""Don't hurt him too bad, Max,"" said Angel, smothering a grin as fury crossed the instructor's face. He rolled his shoulders, walked about ten paces away, and cracked his knuckles. The other s _ _ _ _ _ _ s looked nervous and backed away from us, edging toward the door. [8 Letters S _ _ _ _ _ S]",Fill-in-the-Blank,students,STUDENTS,Students
"He looked up from his pad and peeked out the w _ _ _ _ w. His carriage rattled down the roadway in Dalinar's warcamp. All of his soldiers were away, and his remaining guards had gone to oversee the exodus. [6 Letters W _ _ _ _ _ W]",Fill-in-the-Blank,window,WINDOW,Window
"""Her skin is hot to the touch,"" Nicky said, and his v _ _ _ e sounded strangled, as if he were fighting off his own growl. [5 Letters V _ _ _ _ _ E]",Fill-in-the-Blank,voice,VOICE,Voice
"Polly felt the hot, sinking poison in her arms and c _ _ _ t disappear. [5 Letters C _ _ _ _ _ T]",Fill-in-the-Blank,chest,CHEST,Chest
"Ruth laughed, a loud, raucous rumble from deep down. ""He doesn't seem like such a tight a _ _  to me."" [3 Letters A _ _ _ ]",Fill-in-the-Blank,ass,ASS,Ass
"A window in the top t _ _ _ d of the door. Above Jocko's head. He jumped, glimpsed the porch, driveway, no car. Jumped. No car. Jumped. No car. [5 Letters T _ _ _ _ _ D]",Fill-in-the-Blank,third,THIRD,Third
"On second thought (and second t _ _ _ _ _ _ s were, for Richie, extremely rare and wonderful things), maybe a Voice or two might only make things worse. Mr. Nell didn't look like he was in what Richie sometimes thought of as a chuckalicious mood. [8 Letters T _ _ _ _ _ S]",Fill-in-the-Blank,thoughts,THOUGHTS,Thoughts
"King had already eased over to the back door and tried the k _ _ _ . ""Damn."" [4 Letters K _ _ _ ]",Fill-in-the-Blank,knob,KNOB,Knob
"I'd enjoy working in a place like yours and the extra money a part-time job would bring in. I put myself through college working retail, so I know the ropes. I can give you references, and I don't have a problem working for m _ _ _ _ _ m wage."" [7 Letters M _ _ _ _ _ M]",Fill-in-the-Blank,minimum,MINIMUM,Minimum
"With one final pull, a large s _ _ _ _ _ n of the flimsy false wall broke free, and Ais pulled an unconscious body through the rubble. [7 Letters S _ _ _ _ _ N]",Fill-in-the-Blank,section,SECTION,Section
