QUESTION_TEXT,QUESTION_TYPE,OPTION_1,OPTION_2,OPTION_3
"The Pigeon had stuffed her visitors with good navy chow, and the nearest head was a few y _ _ _ s aft. [5 Letters Y _ _ _ _ _ S]",Fill-in-the-Blank,yards,YARDS,Yards
"""No, this is the car I rented. There's a cooler in the trunk. Do you like cold c _ _ _ _ _ n?"" [7 Letters C _ _ _ _ _ N]",Fill-in-the-Blank,chicken,CHICKEN,Chicken
"He didn't look at all like Lou Costello, not even a Hispanic version. He didn't look like an international law practitioner with an advanced d _ _ _ _ e from Columbia, either. [6 Letters D _ _ _ _ _ E]",Fill-in-the-Blank,degree,DEGREE,Degree
"""Good, then why were you so quick to assume the b _ _ _ d came from the victim and not from Mr. Padgitt himself?"" [5 Letters B _ _ _ _ _ D]",Fill-in-the-Blank,blood,BLOOD,Blood
"I don't know the k _ _ _  of women he'd been running with before, but I can imagine. Abby, was, even with the tacky costume and greasepaint, untouched. [4 Letters K _ _ _ ]",Fill-in-the-Blank,kind,KIND,Kind
"Satisfied, she walked down the stone path and chose the kitchen door. Scents assaulted her, made her t _ _ _ e buds yearn. Mrs. Williamson, ample of hip and bosom, stood at the stove, as she had done for all of Laura's memory. [5 Letters T _ _ _ _ _ E]",Fill-in-the-Blank,taste,TASTE,Taste
"""Who, Randy? Sure, he was a helluva gizmo."" But Len Files seemed a little v _ _ _ e. He hadn't noticed Bobby's father in the same way his sister had, Bobby decided; [5 Letters V _ _ _ _ _ E]",Fill-in-the-Blank,vague,VAGUE,Vague
"""I am not so sure. Of course we have e _ _ _ _ _ _ _ _ e in these matters. Humiliation is the theme of Greek affairs. Foreign interference is taken for granted. It is assumed we could not survive without it. [10 Letters E _ _ _ _ _ E]",Fill-in-the-Blank,experience,EXPERIENCE,Experience
"'Of course, good s _ _ ,' the attendant said, tipping his hat and accepting a couple of bills from Grandpa Smedry. [3 Letters S _ _ _ ]",Fill-in-the-Blank,sir,SIR,Sir
"The breakdown of muscle and bone finally reached her throat, and when that happened Isabel started losing the power of s _ _ _ _ h. [6 Letters S _ _ _ _ _ H]",Fill-in-the-Blank,speech,SPEECH,Speech
"""In fact,"" I said, ""it would be perfect if you would give me a l _ _ _  to the hotel."" [4 Letters L _ _ _ ]",Fill-in-the-Blank,lift,LIFT,Lift
"Matt noticed that the English boy had somehow shrunk his jeweled proxy. He wasn't a giant anymore, just a large human-say, about the size of a high school f _ _ _ _ _ _ l linebacker. [8 Letters F _ _ _ _ _ L]",Fill-in-the-Blank,football,FOOTBALL,Football
"""Why don't you sit down? The side of the bed. take off your s _ _ _ s and we'll chat."" [5 Letters S _ _ _ _ _ S]",Fill-in-the-Blank,shoes,SHOES,Shoes
"She pushed off the rock, wandered closer to the e _ _ _  of the cliff. ""I'm not sure I could take another shot today. You've never bothered to sugarcoat what you thought of me."" [4 Letters E _ _ _ ]",Fill-in-the-Blank,edge,EDGE,Edge
"STRETCHED FLAT IN the tall g _ _ _ s, the dominant one-eyed male lion crouches, waiting. Since hearing the distant grumble of the engine, he has been lying on the edge of the clearing about eighty feet to the east, just within charging range. [5 Letters G _ _ _ _ _ S]",Fill-in-the-Blank,grass,GRASS,Grass
"I hope you appreciate it. I wouldn't do this for just anyone. The man who spoke in Aly's dream had a l _ _ _ t, crisp, precise voice, the sort of voice of one who could annoy or entertain in equal measure. [5 Letters L _ _ _ _ _ T]",Fill-in-the-Blank,light,LIGHT,Light
"She looked out the kitchen w _ _ _ _ w and saw him just sitting there on the curb, not playing with his trucks or the wagon or even the balsa glider that had pleased him so much all the last week since Jack had brought it home. [6 Letters W _ _ _ _ _ W]",Fill-in-the-Blank,window,WINDOW,Window
"He walked down the back alleyway, past the school grounds, and he found there was a small gate that provided access to the target l _ _ _ _ _ _ n. [8 Letters L _ _ _ _ _ N]",Fill-in-the-Blank,location,LOCATION,Location
"""Good enough."" Owen pulled out his notebook. ""Lunch,"" he said, and D.A. thumped his t _ _ _  in anticipation. ""Give me the orders. I'll call them in."" [4 Letters T _ _ _ ]",Fill-in-the-Blank,tail,TAIL,Tail
"She found a supply of over-the-counter meds, including a half bottle of Sober-Up and a full, unopened bottle as backup. Which made s _ _ _ e with the two bottles of vodka and the bottle of home-brew in the kitchen. [5 Letters S _ _ _ _ _ E]",Fill-in-the-Blank,sense,SENSE,Sense
