QUESTION_TEXT,QUESTION_TYPE,OPTION_1,OPTION_2,OPTION_3
"Time enough to think of that later, maybe, when it would do something for her besides cause useless arousal. She swung her own legs over the e _ _ _  of the bed and slid into gossamer panties. [4 Letters E _ _ _ ]",Fill-in-the-Blank,edge,EDGE,Edge
"""The problem with that, Sid Matt, is that I personally was created straddling that wall."" After a lifetime of keeping my m _ _ _ h shut about my ""gift,"" I found that if it would help Jason, I'd shake it in anybody's face. [5 Letters M _ _ _ _ _ H]",Fill-in-the-Blank,mouth,MOUTH,Mouth
"Our c _ _ _ _ _ _ n would have enough to eat. We wouldn't have to bear with insult every day of our lives."" [8 Letters C _ _ _ _ _ N]",Fill-in-the-Blank,children,CHILDREN,Children
"His flight for Tokyo departed shortly after noon. Aboard the plane, he ate a light l _ _ _ h and drank two martinis. [5 Letters L _ _ _ _ _ H]",Fill-in-the-Blank,lunch,LUNCH,Lunch
"From what other guests at the wedding said, she gathered that Esau had been courting her for three years, and it took this long for her f _ _ _ _ r to give consent for her to marry a man who didn't worship the gods of Heth! [6 Letters F _ _ _ _ _ R]",Fill-in-the-Blank,father,FATHER,Father
"And now his body began to rock slowly this way and that. His shoes dragged back and forth, not t _ _  dancing now but waltzing obscenely. And then they did not drag. They dangled an inch off the floor... [3 Letters T _ _ _ ]",Fill-in-the-Blank,tap,TAP,Tap
"The s _ _ _ _ m came again, unmistakably from the drainage ditch: 'Help meeeee. [6 Letters S _ _ _ _ _ M]",Fill-in-the-Blank,scream,SCREAM,Scream
"Pete was shorter than his wife, barrel-chested, a bantam rooster who seemed to strut when he walked but was one of the most self-effacing men Jorja had ever known. They came burdened with presents for their only g _ _ _ _ _ _ _ _ d. [10 Letters G _ _ _ _ _ D]",Fill-in-the-Blank,grandchild,GRANDCHILD,Grandchild
"Jarl had chosen to assault the stretch of ice along the ridge. Here, though the top of the w _ _ _  loomed eight hundred feet above the forest floor, a good third of that height was earth and stone rather than ice; [4 Letters W _ _ _ ]",Fill-in-the-Blank,wall,WALL,Wall
"Then the squadron moved to a base deep in the English countryside. On our first day at the new field, a distinguished-looking man called to Doc and me from the perimeter fence. ""Yanks,"" he said, ""join me for a c _ _  of tea?"" [3 Letters C _ _ _ ]",Fill-in-the-Blank,cup,CUP,Cup
"There were other things that had higher priority: answering calls for holdup alarms in liquor s _ _ _ _ s, responding to family disputes, even traffic violations. No, hassling drunks would just be one more burden on men already overworked. [6 Letters S _ _ _ _ _ S]",Fill-in-the-Blank,stores,STORES,Stores
"The emergency plan was already written here, as for every major airport. Police and other services were alerted, and literally hundreds of people were snatched away from tv s _ _ _ . [4 Letters S _ _ _ ]",Fill-in-the-Blank,sets,SETS,Sets
"""So it seems he must be killed after all,"" Demandred said. Hiding his satisfaction was not easy. Rand al'Thor or Lews Therin Telamon, he would rest easier when the fellow was dead. ""Before he can destroy the w _ _ _ d, and us. [5 Letters W _ _ _ _ _ D]",Fill-in-the-Blank,world,WORLD,World
"""Key alliances may be hurt, and we can't afford that now,"" H _ _ _  said. ""We're going to need to outsource more foreign recon than before."" [4 Letters H _ _ _ ]",Fill-in-the-Blank,hood,HOOD,Hood
"""I've made it my business to know."" His free hand balled into a f _ _ _ , tapped lightly, rhythmically on the tabletop. ""I have one regret, one piece of unfinished business from my active duty. [4 Letters F _ _ _ ]",Fill-in-the-Blank,fist,FIST,Fist
"There was movement in the farthest corner of the room. I caught a g _ _ _ _ _ e of pale hair, pale skin, a white cloak. [7 Letters G _ _ _ _ _ E]",Fill-in-the-Blank,glimpse,GLIMPSE,Glimpse
"It clung to the walls, settled on the floors, hung in the a _ _ , and of course was inhaled by the inmates. Attorneys visiting their clients often left coughing and rasping because of the dust. [3 Letters A _ _ _ ]",Fill-in-the-Blank,air,AIR,Air
"A search was under way for locally based talent agent, Les SaintPierre. According to Samuel Barrera, RIAA's contracted private i _ _ _ _ _ _ _ _ _ _ r and hero of the day, Mr. [12 Letters I _ _ _ _ _ R]",Fill-in-the-Blank,investigator,INVESTIGATOR,Investigator
"""Caper,"" I corrected her. ""No, not yet. All three afternoon showings sold out before I got to the f _ _ _ t of the line, so I'm trying to get a ticket to the seven o'clock."" [5 Letters F _ _ _ _ _ T]",Fill-in-the-Blank,front,FRONT,Front
"Agatha was High Priestess of the Edwards Coven and a coven, especially a particularly powerful one like the Edwards one, without a leader, was ripe pickin's for bad g _ _ _ . [4 Letters G _ _ _ ]",Fill-in-the-Blank,guys,GUYS,Guys
