QUESTION_TEXT,QUESTION_TYPE,OPTION_1,OPTION_2,OPTION_3
"The team had been operating as two six-man units: Alpha and Bravo, with all radio call signs beginning with the letter R. Mitchell would exploit their division in order to provide c _ _ _ r for evacuating the wounded. [5 Letters C _ _ _ _ _ R]",Fill-in-the-Blank,cover,COVER,Cover
"Near south g _ _ _ , the crowds evaporated. None of the refugees seemed to want to get too close to the cove and whatever lay in it. The woodshops and forges between the Water and Fire temples, however, worked at full capacity. [4 Letters G _ _ _ ]",Fill-in-the-Blank,gate,GATE,Gate
"She turned and faced me. ""You've still got your other a _ _ _ _ _ _ _ t."" [9 Letters A _ _ _ _ _ T]",Fill-in-the-Blank,apartment,APARTMENT,Apartment
"Clark took the l _ _ _ , walking up the driveway, through the side gate to the side door. The lock was a turn-knob, so he had it picked and open in forty seconds. They filed into the garage. [4 Letters L _ _ _ ]",Fill-in-the-Blank,lead,LEAD,Lead
"After Baerlon, even more after the ruins of Shadar Logoth, he had thought he knew what a great c _ _ _  would look like, but this . . . this was more than he would have believed. [4 Letters C _ _ _ ]",Fill-in-the-Blank,city,CITY,City
"If I try explaining everything right now, what's he supposed to think? I'm afraid he'll tell Vincent to turn the limo around: ""Quick, let's get her back to the h _ _ _ _ _ _ l!"" [8 Letters H _ _ _ _ _ L]",Fill-in-the-Blank,hospital,HOSPITAL,Hospital
"Apparently his daughter was determined to follow in his f _ _ _ _ _ _ _ s before ending up at The Sanctuary. Bittmore showed her appreciation with the donation of the building and a trust for operating funds."" [9 Letters F _ _ _ _ _ S]",Fill-in-the-Blank,footsteps,FOOTSTEPS,Footsteps
"As a renowned Middle Eastern expert, and the resident CIA s _ _ _ _ _ n chief in Khartoum, he found himself sitting over a plate of fuul, a regional staple prepared from mashed beans and spices, far more often than a delectably fat-dripping hamburger. [7 Letters S _ _ _ _ _ N]",Fill-in-the-Blank,station,STATION,Station
"A total of forty cruise m _ _ _ _ _ _ s angled up into the sky, shed their solid-fuel boosters, then angled down for the surface. After the six-minute launch exercise, the destroyers increased speed to rejoin the battle group, wondering what their Tomahawks would accomplish. [8 Letters M _ _ _ _ _ S]",Fill-in-the-Blank,missiles,MISSILES,Missiles
"They're part of what drives me to want to work on that book in particular, and I need a few really good o _ _ _  before I'll write a book. [4 Letters O _ _ _ ]",Fill-in-the-Blank,ones,ONES,Ones
"Tandy said to me, ""Why did you mess with the c _ _ _ e scene, Jack? It's just a little too neat, you know what I mean? [5 Letters C _ _ _ _ _ E]",Fill-in-the-Blank,crime,CRIME,Crime
"At heart, Ellinghaus was an old-school gentleman and took his h _ _  off, holding it in front of his face to block the view. [3 Letters H _ _ _ ]",Fill-in-the-Blank,hat,HAT,Hat
"""I went to b _ _  two nights ago. I woke up in LaFortier's private study in Edinburgh, with a lump on the back of my head and a bloody dagger in my hand. Simmons and Thorsen burst into the room maybe fifteen seconds later."" [3 Letters B _ _ _ ]",Fill-in-the-Blank,bed,BED,Bed
"He, too, had a sofa, chairs, awards, photos-and a small c _ _ _ _ _ _ _ _ e table now holding the debris of meetings. [10 Letters C _ _ _ _ _ E]",Fill-in-the-Blank,conference,CONFERENCE,Conference
"He released his elbows to reach them up for another, higher purchase on the bank, but no sooner had he reached out his a _ _ _  than he slid downward and the current pulled harder at him. [4 Letters A _ _ _ ]",Fill-in-the-Blank,arms,ARMS,Arms
"The explosion had been terrific-a loud t _ _ _ , then the racket of glass bursting. But Mr. Shifflett had money, so no one got too worried. He knew the risks when he parked there. [4 Letters T _ _ _ ]",Fill-in-the-Blank,thud,THUD,Thud
"He saw himself as the Thomas Edison of his time, although with none of Edison's primitive moralism, and with a keen s _ _ _ e of how to maximize profits that the vaunted Wizard of Menlo Park could only have dreamed about. [5 Letters S _ _ _ _ _ E]",Fill-in-the-Blank,sense,SENSE,Sense
"Once we had cut a path through the crowd, we found a short stone obelisk with a list of n _ _ _ s carved on it. Hector Purecete's was there, but listed as one of a dozen men lost at sea in 1982. [5 Letters N _ _ _ _ _ S]",Fill-in-the-Blank,names,NAMES,Names
"Undine says, ""Kill you? Are you crazy paranoid? If I killed you, I'd have to chop, Cuisinart, and dispose of you two, and I don't have the s _ _ _ _ _ _ h for it, Bob!"" [8 Letters S _ _ _ _ _ H]",Fill-in-the-Blank,strength,STRENGTH,Strength
"He was fit but there was no p _ _ _ r to his frame like there was to Brock's. In a physical tussle, Brock would take him, easy. [5 Letters P _ _ _ _ _ R]",Fill-in-the-Blank,power,POWER,Power
