QUESTION_TEXT,QUESTION_TYPE,OPTION_1,OPTION_2,OPTION_3
"It wasn't their fight, and they didn't want to die defending sidhe warriors who wouldn't have given a d _ _ _  for them. I shouldn't blame them, but I did anyway. [4 Letters D _ _ _ ]",Fill-in-the-Blank,damn,DAMN,Damn
"When she reached the third s _ _ _ y, she heard the girl called Gruzha coughing in the front room. Daja ran through her open door. ""Gruzha, come on! We're getting out of here!"" [5 Letters S _ _ _ _ _ Y]",Fill-in-the-Blank,story,STORY,Story
"""As a m _ _ _ _ r of fact I do. But if we're talking about some half-baked hippie girl who may have already cut out for San Francisco or Denver-"" [6 Letters M _ _ _ _ _ R]",Fill-in-the-Blank,matter,MATTER,Matter
I was flipping it closed when I heard his b _ _ _ s on the wood floors and then I felt him get close. [5 Letters B _ _ _ _ _ S],Fill-in-the-Blank,boots,BOOTS,Boots
"If he weren't too old to go back to sea, if his fingers weren't crippled, if Morty had lived and Nikki hadn't been insane, or he hadn't been-if there weren't war, lunacy, perversity, sickness, imbecility, suicide, and death, chances were he'd be in a lot better s _ _ _ e. [5 Letters S _ _ _ _ _ E]",Fill-in-the-Blank,shape,SHAPE,Shape
"I'm usually ready to dictate a few l _ _ _ _ _ s or clear up some other business by ten-thirty or so. If you're available then, that's fine. [7 Letters L _ _ _ _ _ S]",Fill-in-the-Blank,letters,LETTERS,Letters
"Candlelight would make even that tidy, practical little kitchen seem romantic. And if she had a r _ _ _ o, there could be musicc [5 Letters R _ _ _ _ _ O]",Fill-in-the-Blank,radio,RADIO,Radio
"Vivenna regarded them with a serious e _ _ _ _ _ _ _ _ n. finally, she sighed. ""You all know that war is coming."" [10 Letters E _ _ _ _ _ N]",Fill-in-the-Blank,expression,EXPRESSION,Expression
"But when my mouth hit his, he didn't give me the chance to give him a soft kiss of gratitude. Instantly, his f _ _ _ _ _ s slid up into my hair, cupping my head and his mouth opened over mine making a demand. [7 Letters F _ _ _ _ _ S]",Fill-in-the-Blank,fingers,FINGERS,Fingers
"Without waiting for a r _ _ _ y, Eve switched off the unit and smiled to herself. She'd seen to it that Peabody had been transferred to the homicide division. Now she intended to take it a bit further. She engaged the 'link again. [5 Letters R _ _ _ _ _ Y]",Fill-in-the-Blank,reply,REPLY,Reply
"When we form a great quilt of unity and common ground, we'll have the power to bring about h _ _ _ _ h care and housing and jobs and education, and hope … [6 Letters H _ _ _ _ _ H]",Fill-in-the-Blank,health,HEALTH,Health
"Her words were buried beneath a torrent of barking. The chain-link fence rattled and bowed under the impact of heavy german s _ _ _ _ _ _ d bodies. And then Gordon was dazzled by a battery of floodlights switching on, brilliant halogen beams burning into his eyes … [8 Letters S _ _ _ _ _ D]",Fill-in-the-Blank,shepherd,SHEPHERD,Shepherd
"That was the most imaginative, threatening thing the whitecoats had programmed these 'droids to say? ""Talk about lame,"" Fang muttered. Mechanical heads swiveled, laser-red eyes locked on to him, and a bunch of the robots split away from the main g _ _ _ p to face him down. [5 Letters G _ _ _ _ _ P]",Fill-in-the-Blank,group,GROUP,Group
"""Everyone be quiet,"" she shouts. ""Cory, take your s _ _ _ . Now."" [4 Letters S _ _ _ ]",Fill-in-the-Blank,seat,SEAT,Seat
He turned the wheel in the direction of the slide and managed to stop just short of colliding with a panel t _ _ _ k parked at the curb. [5 Letters T _ _ _ _ _ K],Fill-in-the-Blank,truck,TRUCK,Truck
"A large projected shadow-bird-more hawk than sparrow and unsettlingly realistic for an insubstantial shade-suddenly flapped across the false f _ _ _ t of Needful Things. Gaunt saw it from the corner of his eye, whirled toward it, gasped, and retreated again. [5 Letters F _ _ _ _ _ T]",Fill-in-the-Blank,front,FRONT,Front
"Outside the bay window, far across the highway in the sand dunes, Ben Toy sat in d _ _ _ _ _ _ s on the hood of the white Mustang. He studied the glowing second floor window. [8 Letters D _ _ _ _ _ S]",Fill-in-the-Blank,darkness,DARKNESS,Darkness
Jack saw that the man-form beast was holding a weapon. It looked like a miniature spear. The point was well-honed; it caught the light and glinted along its c _ _ _ _ _ g edge. [7 Letters C _ _ _ _ _ G],Fill-in-the-Blank,cutting,CUTTING,Cutting
"""Look, Phineas, you can call me every name in the b _ _ _ ,"" I said. ""You can hate me and everything I stand for, but we still have five men in the back of our wagon who attacked and murdered innocent people in the Quarters tonight. [4 Letters B _ _ _ ]",Fill-in-the-Blank,book,BOOK,Book
"""She is fine. For now."" Richard waved back to the door and Snedeker flew over, sitting unceremoniously upon a s _ _ _ k of books on the desk. [5 Letters S _ _ _ _ _ K]",Fill-in-the-Blank,stack,STACK,Stack
