QUESTION_TEXT,QUESTION_TYPE,OPTION_1,OPTION_2,OPTION_3
"Severed was not the right w _ _ _  because it implied a blade. The flesh and bone were neither clean-cut, as they might have been if the dismembering weapon were a razor-edged sword, nor ragged and splintered, as any kind of saw would have left them. [4 Letters W _ _ _ ]",Fill-in-the-Blank,word,WORD,Word
"A dozen or so senior partners took early retirement, apparently at gunpoint. Support staff was cut by 15 percent. The place was paralyzed with f _ _ _ , with lawyers locking their doors and hiding under their desks. [4 Letters F _ _ _ ]",Fill-in-the-Blank,fear,FEAR,Fear
"""How very odd,"" Ashley t _ _ _ _ _ t aloud. ""Everyone-well, someone must know that he goes there."" [7 Letters T _ _ _ _ _ T]",Fill-in-the-Blank,thought,THOUGHT,Thought
"Certainly there were o _ _ _ _ s we could have invited. Anyone at all, really, could have sat down with us, eaten our food, sipped our coffee, and then gone off to carry into the streets the news of our unabashed, forthright, and impractical union. [6 Letters O _ _ _ _ _ S]",Fill-in-the-Blank,others,OTHERS,Others
"and since the law requires that a witcher be the prosecutor at any w _ _ _ h trial in New England, I order that no w _ _ _ h trial may be held in New England until and unless an interrogator in possession of a valid license is available to prosecute."" [5 Letters W _ _ _ _ _ H]",Fill-in-the-Blank,witch,WITCH,Witch
"The video continued as the man rapidly pulled a camera from his pocket and began flashing away. He nosed around the apartment, disappeared for a moment in the bedroom, where he continued to take p _ _ _ _ s. [6 Letters P _ _ _ _ _ S]",Fill-in-the-Blank,photos,PHOTOS,Photos
"""Go in the bathroom. go take a l _ _ _ . Let's not argue."" [4 Letters L _ _ _ ]",Fill-in-the-Blank,look,LOOK,Look
Max tried to put aside any fears and w _ _ _ _ _ s and surrendered herself to the pleasure of flying. Below her were thousands of acres of rolling hills against an awesome backdrop of snowy mountain peaks that rose up and pierced the clouds. [7 Letters W _ _ _ _ _ S],Fill-in-the-Blank,worries,WORRIES,Worries
"""Go slow,"" a dragging, clotted v _ _ _ e said from within the wall. And the gunslinger felt the dream-like terror deepen and grow almost solid. It was the voice of Alice, the woman he had stayed with in the town of Tull. [5 Letters V _ _ _ _ _ E]",Fill-in-the-Blank,voice,VOICE,Voice
"I settled deeper into the trunk, which wasn't actually all that uncomfortable. It was the recent memories in my head that were torture-images of my murdered mother and f _ _ _ _ r, repeating themselves over and over. Images of Lizbeth and our daughters. [6 Letters F _ _ _ _ _ R]",Fill-in-the-Blank,father,FATHER,Father
He flipped the box shut and his eyes went to the b _ _ . [3 Letters B _ _ _ ],Fill-in-the-Blank,bed,BED,Bed
"""No problem,"" Cassie said instantly. ""I'll take c _ _ _  of it."" [4 Letters C _ _ _ ]",Fill-in-the-Blank,care,CARE,Care
"He said he waited, then opened the t _ _ _ k and saw it was dynamite. The next day he heard that there was another bombing. He knew the FBI was swarming all around Dogan, so he figured it was worth mentioning to us. [5 Letters T _ _ _ _ _ K]",Fill-in-the-Blank,trunk,TRUNK,Trunk
"American entry into the Barents Sea will constitute a direct threat to our nuclear deterrent forces, and could have more dire c _ _ _ _ _ _ _ _ _ _ s than you imagine."" Admiral Maslov leaned forward. [12 Letters C _ _ _ _ _ S]",Fill-in-the-Blank,consequences,CONSEQUENCES,Consequences
"""I wouldn't have it any other way. However, at this point it does not appear that the case goes any further. That is to say, if Johnson was selling d _ _ _ s, it was separate from his work at NIC."" [5 Letters D _ _ _ _ _ S]",Fill-in-the-Blank,drugs,DRUGS,Drugs
"In the hospital f _ _ _  court, I was vaguely aware of the other plainclothes detective-an Anglo guy built like a linebacker-falling in behind us. He kept his distance, out of earshot. [4 Letters F _ _ _ ]",Fill-in-the-Blank,food,FOOD,Food
"They look as if they'd just as soon shoot you as deal you a card. It's p _ _  for the course, I guess. Triads hang out in Macau casinos, and I've never seen a cheerful Triad. [3 Letters P _ _ _ ]",Fill-in-the-Blank,par,PAR,Par
"The landlord refused payment at first but learned that the Shang Dragon could be very persistent. The company received the same t _ _ _ _ _ _ _ t from the staff of the next inn, where they spent their second night on the southern road. [9 Letters T _ _ _ _ _ T]",Fill-in-the-Blank,treatment,TREATMENT,Treatment
"""I thought it was Whitecloaks saved you, Master Lewin. I thought a Whitecloak patrol arrived in the n _ _ _  of time and drove the Trollocs off."" [4 Letters N _ _ _ ]",Fill-in-the-Blank,nick,NICK,Nick
"""She's a ... nurse. Isn't that what you called her?"" Randwulf asked. Konrad spoke from the back of the t _ _ _ . He was laying out his salves and bandages on a clean cloth near the unconscious elf. [4 Letters T _ _ _ ]",Fill-in-the-Blank,tent,TENT,Tent
