QUESTION_TEXT,QUESTION_TYPE,OPTION_1,OPTION_2,OPTION_3
"He shook his head. ""Not at all. You saved my butt. I can't believe I forgot. Her m _ _ _ _ r would have never let me live it down. Thank you, Toni."" [6 Letters M _ _ _ _ _ R]",Fill-in-the-Blank,mother,MOTHER,Mother
"Around his brow he wore a crown of flashing silver, and a slim, straight s _ _ _ d flashed just as bright at his side. [5 Letters S _ _ _ _ _ D]",Fill-in-the-Blank,sword,SWORD,Sword
"On that, with a g _ _ _  of wind, he was gone. [4 Letters G _ _ _ ]",Fill-in-the-Blank,gust,GUST,Gust
"""Yes, we do,"" Arkady replied. ""And not just here. You are in very serious violation of several treaties. Venus and Earth n _ _ _  to know about this."" [4 Letters N _ _ _ ]",Fill-in-the-Blank,need,NEED,Need
The grey s _ _ _ s weren't individualists. It wasn't unthinkable that they would possess some kind of shared consciousness. [5 Letters S _ _ _ _ _ S],Fill-in-the-Blank,suits,SUITS,Suits
"Her home was crowded with furniture. She didn't believe in antiques, no matter how expensive or valuable they might be. Min liked things new, brand spanking new, so that she was the first to use them. She only bought brand n _ _ _ s. [5 Letters N _ _ _ _ _ S]",Fill-in-the-Blank,names,NAMES,Names
"Ordinarily, it was not demanding duty, commanding twelve six-man crews, who didn't go anywhere except to the privy, and they even got to practice their gunnery at a duplicate of this emplacement at a range located twenty k _ _ _ _ _ _ _ _ s away. [10 Letters K _ _ _ _ _ S]",Fill-in-the-Blank,kilometers,KILOMETERS,Kilometers
"'Everything's fine,' he said. His tone of v _ _ _ e was natural and casual. 'The kids are cranky, that's all. And that makes Liz cranky.' He let his voice rise a little. [5 Letters V _ _ _ _ _ E]",Fill-in-the-Blank,voice,VOICE,Voice
"Still, he continued to gain so that when the stables came into view they were nearly n _ _ _  and n _ _ _ . Laughing, she veered left again and headed for a hedge. [4 Letters N _ _ _ ]",Fill-in-the-Blank,neck,NECK,Neck
"""That's right,"" said Monush. ""A male of the s _ _  people, the earth people, or the middle people is a true man in the eyes of our law."" [3 Letters S _ _ _ ]",Fill-in-the-Blank,sky,SKY,Sky
"Pete tore a roll into tiny crumbs and watched the breathing dark mist beyond the t _ _ _ _ _ e doors. ""Jack, something's going on,"" she said, finally giving in to the whispers and the pressure on her mind. [7 Letters T _ _ _ _ _ E]",Fill-in-the-Blank,terrace,TERRACE,Terrace
Shapiro stared out at the dunes. He wondered how long the sand had been here. A trillion years? A quintillion? Had there been l _ _ _  here once? Maybe even something with intelligence? Rivers? Green places? Oceans to make it a real beach instead of a desert? [4 Letters L _ _ _ ],Fill-in-the-Blank,life,LIFE,Life
"""Look,"" he said to Moira, his b _ _ _ _ _ _ e voice warm in the cool air of the room. ""Remember when you introduced me to Codman Cody at the West Lighthouse? How many fingers does he have?"" [8 Letters B _ _ _ _ _ E]",Fill-in-the-Blank,baritone,BARITONE,Baritone
"Dalinar reconsidered. A good o _ _ _ _ _ r was one who accepted orders and fulfilled them, even when he disagreed. But the mark of a great officer was that he also tried to innovate and offer appropriate suggestions. [7 Letters O _ _ _ _ _ R]",Fill-in-the-Blank,officer,OFFICER,Officer
"She wasn't a fighter, after all, no one's paladin; she worked as a waitress. She was good at it, piling up tips, because sixteen years in her mother's bent w _ _ _ d had taught her that one way to ensure survival was to be ingratiating. [5 Letters W _ _ _ _ _ D]",Fill-in-the-Blank,world,WORLD,World
"For months the p _ _ _ e went unused, except when she called up from downstairs to tell him mail had been delivered or to invite him to dinner. [5 Letters P _ _ _ _ _ E]",Fill-in-the-Blank,phone,PHONE,Phone
"""Maybe some other time."" He rose and, after dropping a few c _ _ _ s on the table, strolled out. [5 Letters C _ _ _ _ _ S]",Fill-in-the-Blank,coins,COINS,Coins
"She'd avenge herself upon me, who hadn't had the good grace to die in a duel, and upon Ebenezar, who had simply killed Ortega as you would a dangerous a _ _ _ _ l, a workaday murder performed with expedience and an extremely high profile. [6 Letters A _ _ _ _ _ L]",Fill-in-the-Blank,animal,ANIMAL,Animal
"""Okay, let's see the corpse."" Amelia worked hard to keep her voice l _ _ _ l. [5 Letters L _ _ _ _ _ L]",Fill-in-the-Blank,level,LEVEL,Level
"""Stop it, Serephina,"" I said. ""Cheap m _ _ _  tricks won't work, and you know it."" The cold lump in my stomach wasn't so sure. [4 Letters M _ _ _ ]",Fill-in-the-Blank,mind,MIND,Mind
