QUESTION_TEXT,QUESTION_TYPE,OPTION_1,OPTION_2,OPTION_3
"As proof of what Constance Tavenall had just said, the videotape cut from the Chevy to the soft light at the bedroom w _ _ _ _ w across the street. The drapes had been pulled aside. [6 Letters W _ _ _ _ _ W]",Fill-in-the-Blank,window,WINDOW,Window
"Adam cracked two shells and dropped the peanuts in front of a single, fat pigeon. Lettner finished the bag and threw another handful of hulls on the sidewalk near a w _ _ _ r fountain. [5 Letters W _ _ _ _ _ R]",Fill-in-the-Blank,water,WATER,Water
"Sazed felt a c _ _ _ l. He slowly turned back toward the man. ""Mist…during the day?"" [5 Letters C _ _ _ _ _ L]",Fill-in-the-Blank,chill,CHILL,Chill
"He disappeared, going east, and the owner had nothing else to do, so he eased down the Coast, stopped at a couple of favorite bars along the way, and managed to keep an eye on Randy, who was a q _ _ _ _ _ r of a mile out and doing a decent job of handling the boat. [7 Letters Q _ _ _ _ _ R]",Fill-in-the-Blank,quarter,QUARTER,Quarter
"""Yamata, you suppose?"" Clark asked. That p _ _ _ e of information narrowed the possibilities somewhat. It also made the impossible merely dangerous. [5 Letters P _ _ _ _ _ E]",Fill-in-the-Blank,piece,PIECE,Piece
"The old g _ _ _  can still get my goat, and I love her for it. I just don't want to listen to her annoying rap sometimes. [4 Letters G _ _ _ ]",Fill-in-the-Blank,goat,GOAT,Goat
"While I drove, she read it aloud with the lack of f _ _ _ _ _ g that it merited: ""Mother of life, Mother of death. Mother of all, you take my breath. Mother of all our tomorrows. Give us a world without sorrows. [7 Letters F _ _ _ _ _ G]",Fill-in-the-Blank,feeling,FEELING,Feeling
"""I have to make p _ _ _ e calls. My children… they don't know yet."" The thought of this brought on fresh tears, and she put the last of the paper towels to work on them. [5 Letters P _ _ _ _ _ E]",Fill-in-the-Blank,phone,PHONE,Phone
"If the clot broke loose, it could travel through his bloodstream and wind up in a lung, causing a pulmonary embolism and almost certain d _ _ _ h. ""It's like walking around with a little bomb in my leg,"" he said. [5 Letters D _ _ _ _ _ H]",Fill-in-the-Blank,death,DEATH,Death
"What a wonderful comedy show that was! A regular Hellzapoppin'! I near wet my p _ _ _ s watching you standing out there on the field with your heads hanging like the old tried and true victims you are, while those high school lads (or were they lasses? [5 Letters P _ _ _ _ _ S]",Fill-in-the-Blank,pants,PANTS,Pants
"""The people, the people."" He surged to his feet, and Eve signaled Peabody to stay back. ""The lights. The voices. smoke and f _ _ _ . And hell came."" He lurched around the interview room, holding his head. Tears leaked out of his eyes. [4 Letters F _ _ _ ]",Fill-in-the-Blank,fire,FIRE,Fire
"""Those fools!"" Aravine said, then spat to the side. Olver hid a s _ _ _ e. Her entire countenance changed. She knew how to play a part. ""They're dead where I left them! I told them not to wander at night. [5 Letters S _ _ _ _ _ E]",Fill-in-the-Blank,smile,SMILE,Smile
"The air b _ _  in the steering wheel exploded onto Lacy's chest and into her face, and knocked her dizzy. The crown of her head struck the ceiling of the Prius as it caved in, cutting a nasty gash across her skull. [3 Letters B _ _ _ ]",Fill-in-the-Blank,bag,BAG,Bag
"As an ex-agent, I had to a _ _ _ _ e that-but the thought of the massacre still made me clench my teeth until they hurt. It helped a little to know the real Chantal Dugare wouldn't die loathing me. [6 Letters A _ _ _ _ _ E]",Fill-in-the-Blank,admire,ADMIRE,Admire
"['Yes . . . but drained. I don't have the slightest i _ _ _  how I'm supposed to get back to those stairs under the tree, let alone climb them. I'm not sure I can even stand up.'] [4 Letters I _ _ _ ]",Fill-in-the-Blank,idea,IDEA,Idea
"It took a week before they moved back home, and f _ _ _ _ r and mother were not right with each other. They talked little, except about the business of the house. And Father stopped asking Bonito to come with him. [6 Letters F _ _ _ _ _ R]",Fill-in-the-Blank,father,FATHER,Father
Julies energy was spent and Bates had to grab the woman before she collapsed to the f _ _ _ r. They got her outside and the nervous crowd started to drift away into small pockets of discussion; [5 Letters F _ _ _ _ _ R],Fill-in-the-Blank,floor,FLOOR,Floor
The Chinese had the a _ _ _ _ _ _ _ e of being used to dealing en masse; Cheyenne had the a _ _ _ _ _ _ _ e that their enemy obviously had no coordination of surface and subsurface forces-something Mack had noted in his previous encounters. [9 Letters A _ _ _ _ _ E],Fill-in-the-Blank,advantage,ADVANTAGE,Advantage
"""I'll be okay,"" she said. ""It was just a bad carnival hot dog, Johnny. You could have just as easily gotten it yourself. Give me a call during your free p _ _ _ _ d tomorrow."" [6 Letters P _ _ _ _ _ D]",Fill-in-the-Blank,period,PERIOD,Period
"The others in the room seemed troubled. That included Brightness Navani, who drew her lips to a l _ _ _  and glanced at Adolin. She might be in on Dalinar's plan, but she didn't love the idea of her nephew dueling. [4 Letters L _ _ _ ]",Fill-in-the-Blank,line,LINE,Line
