QUESTION_TEXT,QUESTION_TYPE,OPTION_1,OPTION_2,OPTION_3
"One by fire, one by water, two of what he had so intensely loved gone, he thought. He couldn't lose a third. With just a hint of a s _ _ _ e he turned around to look again at Bride. [5 Letters S _ _ _ _ _ E]",Fill-in-the-Blank,smile,SMILE,Smile
"That's when the eyebrow went up and the arms crossed the chest, not saying it out loud but his body language screaming, ""Liar, liar, p _ _ _ s on fire."" [5 Letters P _ _ _ _ _ S]",Fill-in-the-Blank,pants,PANTS,Pants
She hurried toward the front of the house. Angela's lofty living room was all pastels and flowers. Delicate calla l _ _ _ _ s streamed out of crystal vases. Fairy roses swam in fragile bowls. [6 Letters L _ _ _ _ _ S],Fill-in-the-Blank,lilies,LILIES,Lilies
"Curiously, on fully h _ _ _  the pages, Dr Yen Lo was inscribed with such apparent emotionand perhaps strugglethat some letters were virtually slashed onto the paper, gouging it. [4 Letters H _ _ _ ]",Fill-in-the-Blank,half,HALF,Half
"My life was over when they laid hands on me a week ago. How could I live knowing the ones I had brought into the w _ _ _ d and cared for wanted me dead?"" [5 Letters W _ _ _ _ _ D]",Fill-in-the-Blank,world,WORLD,World
"When I returned to Manhattan, Candida Donadio, who was my literary agent then, got on the phone with my publisher, Bennett Cerf, the president of Random House, and in a m _ _ _ _ r of hours we had all agreed on the terms of a contract guaranteeing me an advance of $250,000. [6 Letters M _ _ _ _ _ R]",Fill-in-the-Blank,matter,MATTER,Matter
"Sister Carlotta, who wept when he left her and went into space? Sister Carlotta, who loved him as a m _ _ _ _ r loves her child? How could she doubt him? [6 Letters M _ _ _ _ _ R]",Fill-in-the-Blank,mother,MOTHER,Mother
"""Nah,"" Av said. ""Don't fancy making the trip all the way to the Valley. Besides, my b _ _ _ _ _ r went. Came back with two numb hands. Never could feel anything with them again."" [7 Letters B _ _ _ _ _ R]",Fill-in-the-Blank,brother,BROTHER,Brother
"""Interesting p _ _ _ e of jewelry."" Cam reached out to touch the pentagram, and Ernie closed a hand over it. So? [5 Letters P _ _ _ _ _ E]",Fill-in-the-Blank,piece,PIECE,Piece
They pulled out chairs at the table and sat. The f _ _ _ r of the room was made of boards but they were not nailed to anything. [5 Letters F _ _ _ _ _ R],Fill-in-the-Blank,floor,FLOOR,Floor
"He snorted. ""There are no true knights, no more than there are gods. If you can't protect yourself, die and get out of the way of those who can. Sharp steel and strong a _ _ _  rule this world, don't ever believe any different."" [4 Letters A _ _ _ ]",Fill-in-the-Blank,arms,ARMS,Arms
"The wife took his ass back after the last r _ _ _ d of history and now Shauna's back for round two."" [5 Letters R _ _ _ _ _ D]",Fill-in-the-Blank,round,ROUND,Round
"• Finally, Chuck Horner also asked for attack options against ""strategic"" targets inside Iraq. In this case, ""strategic"" attack meant strikes against targets not directly related to Iraqi military f _ _ _ _ s in the field. [6 Letters F _ _ _ _ _ S]",Fill-in-the-Blank,forces,FORCES,Forces
"Imagine that you are Blakelock, painting the picture yourself. After an hour of this, take a short b _ _ _ k. Wander around the gallery if you like and look at some of the other pictures. Then return to the Blakelock. [5 Letters B _ _ _ _ _ K]",Fill-in-the-Blank,break,BREAK,Break
The feet moved over next to the b _ _ . Spector held his breath. [3 Letters B _ _ _ ],Fill-in-the-Blank,bed,BED,Bed
"So he stood, his body still trembling from the electricity, and staggered stupidly off into the high g _ _ _ s that began crisply a hundred meters from the fence. [5 Letters G _ _ _ _ _ S]",Fill-in-the-Blank,grass,GRASS,Grass
"The kitchen, morning. Mama is fixing b _ _ _ _ _ _ _ t and Carlotta is setting the table. Big Ben is on the telephone. He is dressed in overalls and a work shirt with long underwear showing at his collar and cuffs. [9 Letters B _ _ _ _ _ T]",Fill-in-the-Blank,breakfast,BREAKFAST,Breakfast
"""I wish you'd promise us a similar brevity here. I ask, not for myself, but for the peace of m _ _ _  of those who wear much heavier robes than mine."" [4 Letters M _ _ _ ]",Fill-in-the-Blank,mind,MIND,Mind
"The dress was sleeveless so I wore long, bronze satin gloves that fit tight up to my mid-upper arm. My feet were covered in flat green v _ _ _ _ t slippers with a thick suede sole and topaz beading at the pointed toe. [6 Letters V _ _ _ _ _ T]",Fill-in-the-Blank,velvet,VELVET,Velvet
I sucked in b _ _ _ _ h and that was when I felt the gag. There was something in my mouth and something tied around my head to hold it in place. I fought back the panic that surged through me and tried to take stock. [6 Letters B _ _ _ _ _ H],Fill-in-the-Blank,breath,BREATH,Breath
