QUESTION_TEXT,QUESTION_TYPE,OPTION_1,OPTION_2,OPTION_3
"The princess might even have considered Willas Tyrell, crippled leg and all, but her f _ _ _ _ r refused to send her to Highgarden to meet him. [6 Letters F _ _ _ _ _ R]",Fill-in-the-Blank,father,FATHER,Father
"But regardless, anything she gave him would be put toward the kids' futures so there was no p _ _ _ t. All they'd saved for that was in an account neither of them could touch except to do something for the kids. [5 Letters P _ _ _ _ _ T]",Fill-in-the-Blank,point,POINT,Point
"I wanted to return to the mausoleum and from there go overland to the guest t _ _ _ r. Since Timothy had told me about the chronosphere, a dangerous idea had pressed itself insistently upon me. [5 Letters T _ _ _ _ _ R]",Fill-in-the-Blank,tower,TOWER,Tower
"I'll be back, he told it, and to his delighted amazement, a t _ _ _ _ _ t came back, clear and true: Yes, Father, anytime. Come-commala. [7 Letters T _ _ _ _ _ T]",Fill-in-the-Blank,thought,THOUGHT,Thought
"On the middle of the table was a strangely shaped vase in streaky colors of red and orange. Mrs. Feeney's work, Eve determined. The w _ _ _  had a penchant for hobbies and crafts, and was always making things. Often unidentifiable things. [4 Letters W _ _ _ ]",Fill-in-the-Blank,wife,WIFE,Wife
"You went to a movie, in the m _ _ _ _ e of the afternoon, just like you say you do in some of your interviews. Maybe you missed the smell of popcorn. Do you ever take your little girls to the movies, Patsy? [6 Letters M _ _ _ _ _ E]",Fill-in-the-Blank,middle,MIDDLE,Middle
"Although the flock's choreography had been breathtaking, even exhilarating, and although their amazing conspiracy of silence seemed to express and to inspire an odd sort of reverence, something dangerous lay under their performance, the same way that a sun-spangled blue s _ _  could look so totally sacred even while great whites churned in a feeding frenzy just under the surface. [3 Letters S _ _ _ ]",Fill-in-the-Blank,sea,SEA,Sea
"By the time I got to my apartment I figured there had to be some kind of emergency going on, and I turned on the r _ _ _ o to get information. [5 Letters R _ _ _ _ _ O]",Fill-in-the-Blank,radio,RADIO,Radio
"Crow took out his cell but only held it in his hand for a moment, watching the girl in the black p _ _ _ s go down the walk to the street. [5 Letters P _ _ _ _ _ S]",Fill-in-the-Blank,pants,PANTS,Pants
"They walked up to the cottage, running the last few f _ _ _  as it started to pour. [4 Letters F _ _ _ ]",Fill-in-the-Blank,feet,FEET,Feet
"It was dark inside, and I didn't know it well enough to navigate without light. I left the door a little b _ _  open so that the light from the hall would leak in. This was the dangerous part. [3 Letters B _ _ _ ]",Fill-in-the-Blank,bit,BIT,Bit
"Though he didn't blow it once, I figured he had a slight cold or that the bitter a _ _  had affected his sinuses. [3 Letters A _ _ _ ]",Fill-in-the-Blank,air,AIR,Air
"I'd say I stopped for dinner a few miles down the r _ _ _ , then decided to go back and have a few drinks. Listen to the band."" [4 Letters R _ _ _ ]",Fill-in-the-Blank,road,ROAD,Road
"""This right here."" His f _ _ _ _ _ s stroked the nape of her neck. ""Drives me crazy. I'll warn you I'm going to have to bite it in just a little while, so don't be alarmed."" [7 Letters F _ _ _ _ _ S]",Fill-in-the-Blank,fingers,FINGERS,Fingers
"""I mind."" He picked her up, slid into the chair, and settled her on his lap. Since she wasn't going to drink it, he took the glass of w _ _ _  out of her hand and set it aside. [4 Letters W _ _ _ ]",Fill-in-the-Blank,wine,WINE,Wine
"He returned to his office on the third f _ _ _ r and sat for a while behind his desk. He did not want to leave until his sweat-soaked hair had dried and he had stopped trembling, for Viktor might notice. [5 Letters F _ _ _ _ _ R]",Fill-in-the-Blank,floor,FLOOR,Floor
"The prince withdrew his hand. ""Maester, could I trouble you for some m _ _ _  of the poppy? A thimble cup will suffice."" [4 Letters M _ _ _ ]",Fill-in-the-Blank,milk,MILK,Milk
"At the moment there were hundreds of people at the blinking-flashing-sparkling slot machines, at the semielliptical blackjack tables, and standing around the craps t _ _ _ _ s: people in suits and evening gowns; people in slacks and jeans; [6 Letters T _ _ _ _ _ S]",Fill-in-the-Blank,tables,TABLES,Tables
"Alex read over a particularly grisly autopsy report on half of a suspected murder-suicide, and tried to ignore the f _ _ _  that Bess was sitting in a chair to his right, scribbling in her notebook. [4 Letters F _ _ _ ]",Fill-in-the-Blank,fact,FACT,Fact
"""Just a small piece."" He lifted his eyebrows at the vodka b _ _ _ _ e, the bag of zoner, and the box of herbals Eve suspected was laced with the illegal. ""Are we having a party?"" [6 Letters B _ _ _ _ _ E]",Fill-in-the-Blank,bottle,BOTTLE,Bottle
