QUESTION_TEXT,QUESTION_TYPE,OPTION_1,OPTION_2,OPTION_3
"She stumbled backwards, away from the counter and the cat, but she didnt get far before she collided with a wall; as she moved, she raised the g _ _  and fired two rounds in quick succession. [3 Letters G _ _ _ ]",Fill-in-the-Blank,gun,GUN,Gun
The w _ _ _ _ _ _ s asked if they wanted anything more. Tim requested the check. [8 Letters W _ _ _ _ _ S],Fill-in-the-Blank,waitress,WAITRESS,Waitress
"""Henry, I'm going to want sweepers - the crime scene unit - to go over the room. just in c _ _ _ . Thanks,"" she said to Tasha, opening the door to nudge her out. ""Okay, Henry."" [4 Letters C _ _ _ ]",Fill-in-the-Blank,case,CASE,Case
"Tavi rushed back to the barrel and returned with more w _ _ _ r, slopped it over the door, and repeated the exercise. [5 Letters W _ _ _ _ _ R]",Fill-in-the-Blank,water,WATER,Water
"I watched Mitch move toward me. When there was s _ _ _ _ _ e outside, I turned to the kids' door and cautiously opened it, peeking in. [7 Letters S _ _ _ _ _ E]",Fill-in-the-Blank,silence,SILENCE,Silence
"On the other hand, her mom was the goddess of knowledge, and knowledge was the most powerful w _ _ _ _ n. Annabeth couldn't turn down a possible source of information. [6 Letters W _ _ _ _ _ N]",Fill-in-the-Blank,weapon,WEAPON,Weapon
"The briefing, conducted by a naval o _ _ _ _ _ r, had taken over an hour. They were paying a visit to the Soviet Navy. [7 Letters O _ _ _ _ _ R]",Fill-in-the-Blank,officer,OFFICER,Officer
Toilet open to the room but the shower discretely tucked away so the b _ _ _ _ _ _ m had one but it wouldn't mess with the old-fashioned look of the room. [8 Letters B _ _ _ _ _ M],Fill-in-the-Blank,bathroom,BATHROOM,Bathroom
"Few of the women circulating among the displays gave her more than a glance, but Nettie Cobb looked at the newcomer with an extraordinary expression of mingled dismay and hate. Then she scuttled away from the c _ _ _ _ _ _ l glass. [8 Letters C _ _ _ _ _ L]",Fill-in-the-Blank,carnival,CARNIVAL,Carnival
"With a laugh, she launched herself into his arms. ""tough b _ _ _ k. I've got witnesses."" The spontaneous applause from the kitchen made her laugh again. ""Oh, I do love you, Donovan. I'm going to do my best to make your life eventful."" [5 Letters B _ _ _ _ _ K]",Fill-in-the-Blank,break,BREAK,Break
"White smiled at his c _ _ _ f of staff. ""Probably won't hurt us with Admiral Pierce either."" [5 Letters C _ _ _ _ _ F]",Fill-in-the-Blank,chief,CHIEF,Chief
Jake lifted me free from them and pressed me against the wall at the same time his lips against m _ _ _  opened. [4 Letters M _ _ _ ],Fill-in-the-Blank,mine,MINE,Mine
And there it was: The tacit recognition that Ender wasn't going home. That he was never going to lead a normal l _ _ _  on Earth. [4 Letters L _ _ _ ],Fill-in-the-Blank,life,LIFE,Life
"""Do you, Trev, swear that you will never reveal the location of this camp, nor the names of these brave men and w _ _ _ n who have gathered to free Amelonia from the hand of tyranny?"" [5 Letters W _ _ _ _ _ N]",Fill-in-the-Blank,women,WOMEN,Women
"I had mentioned that I might look for work with a publisher or a magazine after I graduated from college, and a minute later he was telling me about his inheritance and how he was considering starting up a p _ _ _ _ _ _ _ _ g house or a magazine with his newfound money. [10 Letters P _ _ _ _ _ G]",Fill-in-the-Blank,publishing,PUBLISHING,Publishing
"She had no love for Shift, just fear he'd fuck up her life or worse and obviously she knew him enough because that useless, p _ _ _ e of shit motherfucker would do it and before he did it, he wouldn't blink. [5 Letters P _ _ _ _ _ E]",Fill-in-the-Blank,piece,PIECE,Piece
"So Amy opened her a _ _ _  and let him kiss her, and just as they were in the middle of their one kiss, Amy's mother walked into the entranceway and said: Good God, Amy, what are you doing? [4 Letters A _ _ _ ]",Fill-in-the-Blank,arms,ARMS,Arms
"She gave an alias, said she was employed by a real estate company in Biloxi, and suspected two men of posing as fbi a _ _ _ _ s when in fact they were not. [6 Letters A _ _ _ _ _ S]",Fill-in-the-Blank,agents,AGENTS,Agents
"The voices all became phantom voices, but the rocks were impossible to ignore when they came whizzing from the mouths of dark a _ _ _ _ s or from the other side of the street. [6 Letters A _ _ _ _ _ S]",Fill-in-the-Blank,alleys,ALLEYS,Alleys
"Even including the climax, the book was light -- in physical w _ _ _ _ t, in voice, in mood, and in moral consequence. [6 Letters W _ _ _ _ _ T]",Fill-in-the-Blank,weight,WEIGHT,Weight
