QUESTION_TEXT,QUESTION_TYPE,OPTION_1,OPTION_2,OPTION_3
"They were both silent for a w _ _ _ e until Knox said, ""So how and where do we start?"" [5 Letters W _ _ _ _ _ E]",Fill-in-the-Blank,while,WHILE,While
"She may or may not have been what they were expecting. Coleman's mother hadn't asked. Since he'd unilaterally made his d _ _ _ _ _ _ n to join the navy as a white man, she hardly dared ask him anything, for fear of what she might hear. [8 Letters D _ _ _ _ _ N]",Fill-in-the-Blank,decision,DECISION,Decision
She stepped out of her dress and was s _ _ _ _ _ _ g there in the little strapless fancy he'd bought to go under it. Midnight blue. Silk. Lace. [8 Letters S _ _ _ _ _ G],Fill-in-the-Blank,standing,STANDING,Standing
"The inside of the casino was a rubbish-strewn mess. Pretty much everything that could be overturned had been. Clothes and bottles and broken glass littered the floor, p _ _ _ r chips and bits of paper and stuff that wasn't exactly anything but debris. [5 Letters P _ _ _ _ _ R]",Fill-in-the-Blank,poker,POKER,Poker
"I took his hand and his f _ _ _ _ _ s closed around mine, not shaking it, just holding it strong and tight and not letting go. [7 Letters F _ _ _ _ _ S]",Fill-in-the-Blank,fingers,FINGERS,Fingers
"Stone looked back at the main road and then glanced the other way. He was on his way again when yet another car came along the main drag, forcing him to scurry once more back down the r _ _ _  to Willie's place. [4 Letters R _ _ _ ]",Fill-in-the-Blank,road,ROAD,Road
"""Is that so?"" Larissa took out a p _ _ _ _ t watch and eyed it critically. Unlike most ladies, she didn't wear a dress. Instead, she wore black trousers and a matching jacket. [6 Letters P _ _ _ _ _ T]",Fill-in-the-Blank,pocket,POCKET,Pocket
"""Come on, Rudd. Let it go. There's a happy e _ _ _ _ g here, thanks to you."" [6 Letters E _ _ _ _ _ G]",Fill-in-the-Blank,ending,ENDING,Ending
"I had to give my most solemn w _ _ _  that I would not bond with either Pierce or Haven, and bring disaster to their pride, while they were resting. I promised. I meant it. [4 Letters W _ _ _ ]",Fill-in-the-Blank,word,WORD,Word
A small hydrogen sac behind the sensory organs will enable the beast to maintain flight despite this greater b _ _ _  weight. [4 Letters B _ _ _ ],Fill-in-the-Blank,body,BODY,Body
"There was a lot of p _ _ _ _ _ _ _ k and face time with Bullock, the state police, and the Feds. They said this would intensify the hunt for Stiven Rojas, but that the man had proven very elusive in the past. [9 Letters P _ _ _ _ _ K]",Fill-in-the-Blank,paperwork,PAPERWORK,Paperwork
"Now that they'd all had time to think about it, the battle was like a huge t _ _ _ _ _ _ g exercise at the NTC-three corps instead of battalions to face, but the principle was the same, wasn't it? [8 Letters T _ _ _ _ _ G]",Fill-in-the-Blank,training,TRAINING,Training
"The phone rang, three times, four. Just as she was worried he wouldn't pick up, his v _ _ _ e snapped on. ""I don't want to talk to you now."" [5 Letters V _ _ _ _ _ E]",Fill-in-the-Blank,voice,VOICE,Voice
"""Not close at all, I'm afraid,"" the engineer said. ""We're not a passenger train, and even those can only go to the middle tiers. We'll be down at the b _ _ _ _ m. It'll take you a few hours to ride the gondolas up. [6 Letters B _ _ _ _ _ M]",Fill-in-the-Blank,bottom,BOTTOM,Bottom
"were dull and, even as Harry watched, a c _ _ _ _ e more feathers fell [6 Letters C _ _ _ _ _ E]",Fill-in-the-Blank,couple,COUPLE,Couple
"Something inside me snapped. My whole world had gotten turned on its head in the last twenty-four hours. Like, my old w _ _ _ d was pretty bad, and this world, amazingly, was worse. [5 Letters W _ _ _ _ _ D]",Fill-in-the-Blank,world,WORLD,World
"The local branch police s _ _ _ _ _ n was only about five minutes away-that was close enough…she hoped. She had a panic button call set up in her work space with their name on it, too, as well as the auto-alert wired into the alarm system. [7 Letters S _ _ _ _ _ N]",Fill-in-the-Blank,station,STATION,Station
"She let her mind d _ _ _ t in that direction, her body automatically leaning with Sebastian's in the curves. Mel wasn't aware that her hands had slid more truly around his waist, but Sebastian was. [5 Letters D _ _ _ _ _ T]",Fill-in-the-Blank,drift,DRIFT,Drift
"Jake continued smiling and nodding politely at juror n _ _ _ _ r one. Buckley smiled too, and winked at Musgrove. [6 Letters N _ _ _ _ _ R]",Fill-in-the-Blank,number,NUMBER,Number
"On the floor in front of the d _ _ _ , a body stirred. The prioress blinked open her eyes. Elsewhere in the priory, Davriel heard calls as the other priests started to wake up. [4 Letters D _ _ _ ]",Fill-in-the-Blank,desk,DESK,Desk
