QUESTION_TEXT,QUESTION_TYPE,OPTION_1,OPTION_2,OPTION_3
"A pale green glass bowl sat on a high round t _ _ _ e and overflowed with fall flowers. There were no overt displays of wealth, but wealth was there. He'd seen a print of the painting to his right in an art book. [5 Letters T _ _ _ _ _ E]",Fill-in-the-Blank,table,TABLE,Table
"It was all guesses, but they'd all made guesses before, and mostly good o _ _ _ , else Edward J. [4 Letters O _ _ _ ]",Fill-in-the-Blank,ones,ONES,Ones
"The worry in his face made her h _ _ _ t ache. Yes, he had the place she wanted, beside the realm's most legendary knight, but this was Neal. They had fought bullies, monstrous spidrens, and hill bandits. [5 Letters H _ _ _ _ _ T]",Fill-in-the-Blank,heart,HEART,Heart
"""I do."" Moira remembered how Cian had once pulled a vampire into the training room, then stood back so the rest of them would have to fight it. And understand it. ""It will make a p _ _ _ t."" [5 Letters P _ _ _ _ _ T]",Fill-in-the-Blank,point,POINT,Point
"""I'd be amazed if he didn't. Freakers payroll says he worked the shadows at the s _ _ _ p joint at the same time Stella was dancing there. Listed him as security, but that could mean anything. [5 Letters S _ _ _ _ _ P]",Fill-in-the-Blank,strip,STRIP,Strip
"It was always when she was older, Olivia thought. It was never, never now. She didn't see why it was such a big deal. It was just a bunch of old junk, and she wasn't a k _ _  anymore. [3 Letters K _ _ _ ]",Fill-in-the-Blank,kid,KID,Kid
I gasped at this news but said nothing mostly because I didn't have a c _ _ _ _ e. [6 Letters C _ _ _ _ _ E],Fill-in-the-Blank,chance,CHANCE,Chance
"\""That must have been some bloodbath for them to feel they owe you anything after so many c _ _ _ _ _ _ _ s,\"" I said. [9 Letters C _ _ _ _ _ S]",Fill-in-the-Blank,centuries,CENTURIES,Centuries
"Horizon Corporation was deeply into cutting-edge research in medical science. So, surely, Brightling's business could well be involved with biological-warfare research-but to what possible end? Besides, it was a mere corporation, not a nation-state. It had no foreign p _ _ _ _ y. [6 Letters P _ _ _ _ _ Y]",Fill-in-the-Blank,policy,POLICY,Policy
"Someone was in line when we arrived, but I didn't cut in f _ _ _ t of her. She would have let me. I was one of the Reckoners-leaders of the rebellion, defenders of the city of Newcago, slayers of Steelheart himself. [5 Letters F _ _ _ _ _ T]",Fill-in-the-Blank,front,FRONT,Front
"""Thank you. Good night."" Still grinning, she handed the p _ _ _ e back to Philip. [5 Letters P _ _ _ _ _ E]",Fill-in-the-Blank,phone,PHONE,Phone
"By the time Kel made it to the headquarters m _ _ _ _ _ g room, she had a headache. She found Neal, the chief clerk Zamiel and Merric already at work, mugs of tea at their elbows. [7 Letters M _ _ _ _ _ G]",Fill-in-the-Blank,meeting,MEETING,Meeting
"Carson didn't want a push-and-shove with Harker, but she could not let obvious interference pass unremarked. ""One more time your foot's on mine, I'll file a complaint with the c _ _ _ f of detectives."" [5 Letters C _ _ _ _ _ F]",Fill-in-the-Blank,chief,CHIEF,Chief
She looked at him only briefly. It was not a hostile l _ _ _  but it was brief. [4 Letters L _ _ _ ],Fill-in-the-Blank,look,LOOK,Look
"""effing h _ _  , are we gonna fight again?"" I cried as I tilted my head back to look at him. [3 Letters H _ _ _ ]",Fill-in-the-Blank,hel,HEL,Hel
"""She would have opened her door that late at night only to someone she knew. The c _ _ _ e scene was rigged to let us think a terrific fight had ensued. It hadn't."" [5 Letters C _ _ _ _ _ E]",Fill-in-the-Blank,crime,CRIME,Crime
She lost her footing when he gave her hand a strong tug and she fell into him with a soft g _ _ _ . [4 Letters G _ _ _ ],Fill-in-the-Blank,gasp,GASP,Gasp
I was s _ _ _  of surprised he was invited to the big house for dinner with the boss. [4 Letters S _ _ _ ],Fill-in-the-Blank,sort,SORT,Sort
Then he saw her vehicle -- or what was left of it. The twisted hulk of steel and plastic was hulled out and coated with thick white f _ _ _ . And his heart stopped. [4 Letters F _ _ _ ],Fill-in-the-Blank,foam,FOAM,Foam
"Zdrok said, ""Let me put it this way. If their management doesn't see e _ _  to e _ _  with us, then fuck them. We don't need them. I don't care who the hell they are. [3 Letters E _ _ _ ]",Fill-in-the-Blank,eye,EYE,Eye
