QUESTION_TEXT,QUESTION_TYPE,OPTION_1,OPTION_2,OPTION_3
"They all ate heartily of the meat, and also of canned tomatoes and green b _ _ _ s that had marinated for the better part of six months in brine and sugar, and the last of the pinto beans. [5 Letters B _ _ _ _ _ S]",Fill-in-the-Blank,beans,BEANS,Beans
"That last g _ _ _ p called themselves the Daughters of Silence, yet they were hardly silent. Only twenty-three of them altogether, wilders gathered and trained after a fashion by a pair of former Accepted, but they-"" [5 Letters G _ _ _ _ _ P]",Fill-in-the-Blank,group,GROUP,Group
Mansion or estate would be more accurate. I turned onto the semicircular drive that swept opulently through a huge front y _ _ _ . The drive was illuminated by lampposts stationed at intervals on either side of the paved surface. [4 Letters Y _ _ _ ],Fill-in-the-Blank,yard,YARD,Yard
"Take five million of that and place it in the t _ _ _ t fund I just described. That's a lot of tuition, but then we can anticipate a lot of kinfolks, both old and new."" [5 Letters T _ _ _ _ _ T]",Fill-in-the-Blank,trust,TRUST,Trust
"""Jesus Christ, did anybody see that?"" Frustrated, Owen waved his arms in the a _ _ . [3 Letters A _ _ _ ]",Fill-in-the-Blank,air,AIR,Air
It was then that Guttman saw the dead woman in the passenger s _ _ _  of his Seville. He snapped his eyes back to Jacobi. [4 Letters S _ _ _ ],Fill-in-the-Blank,seat,SEAT,Seat
"During normal visiting hours, family and friends of patients came through the front d _ _ _ s and went where they wished, without any requirement to sign a register. [5 Letters D _ _ _ _ _ S]",Fill-in-the-Blank,doors,DOORS,Doors
"I did not do this alone. Two dozen of my friends came to my aid, donating short stories and artwork to produce Unfettered , a genre anthology featuring short stories by some of the finest writers working t _ _ _ y. [5 Letters T _ _ _ _ _ Y]",Fill-in-the-Blank,today,TODAY,Today
"Or, he could neutralize his little China doll. He was crazy about the girl and obsessed with her. He knew she'd been seventeen and didn't care. That was part of the p _ _ _ _ _ e, part of the thrill. [7 Letters P _ _ _ _ _ E]",Fill-in-the-Blank,package,PACKAGE,Package
"The ballroom doors were thrown wide, only blackness spilling out. From within came a steady ticking, like a bomb. She stiffened, then remembered the c _ _ _ k on the mantel, the clock under glass. [5 Letters C _ _ _ _ _ K]",Fill-in-the-Blank,clock,CLOCK,Clock
"They were together on the other side, so we got there, and … there was blood, and the screaming, and they said-the other couple-to go for h _ _ _ , to get the lights on while they laid down the one with the blood in the aisle. [4 Letters H _ _ _ ]",Fill-in-the-Blank,help,HELP,Help
"Cesca closed her eyes, tapped her f _ _ _ _ r in the air. ""That's you and Dr. DeWinter. That's the three ladies from East Washington on a girl trip-they were really nice, having a lot of fun together. Chatty. That's Mr. Hardy and Mr. [6 Letters F _ _ _ _ _ R]",Fill-in-the-Blank,finger,FINGER,Finger
"""Just ten minutes?"" Ralph's sister pleaded. She looked like a woman who'd just crawled through a wind tunnel full of baby food. ""So I can take a s _ _ _ _ r? You're a lifesaver."" [6 Letters S _ _ _ _ _ R]",Fill-in-the-Blank,shower,SHOWER,Shower
"""It's never afraid,"" Toby said in a v _ _ _ e that revealed the profound depths of his own fear. [5 Letters V _ _ _ _ _ E]",Fill-in-the-Blank,voice,VOICE,Voice
"He must have been down there, the old man, the antiquarian, leaning back, his c _ _ _  chair squeaking from across the green of the tabletop the night the landlady died. The canaries had gone to sleep. [4 Letters C _ _ _ ]",Fill-in-the-Blank,cane,CANE,Cane
"Two hours later, Oscar, partially dressed now, was chatting with two policemen at the table. All three were sipping c _ _ _ _ e. The thug was at the hospital, in surgery-two damaged legs but no chance of dying. [6 Letters C _ _ _ _ _ E]",Fill-in-the-Blank,coffee,COFFEE,Coffee
"Some Tasers fire darts trailing wires, which deliver a disabling shock from a moderate distance. Others require that the business e _ _  be thrust against the target, resulting in an intimacy equal to that of an assault with a knife. [3 Letters E _ _ _ ]",Fill-in-the-Blank,end,END,End
"That was the problem with this r _ _  race city! he thought, infuriated. Too many damn holes for the rats to hide in! She must have seen him. [3 Letters R _ _ _ ]",Fill-in-the-Blank,rat,RAT,Rat
"Suddenly paving stones flew into the air. Columns of brown r _ _ _ r water followed them, blasting holes through the mob. Mots, coves, children all went flying if their luck was ill enough to put them in those powerful blasts. Folk screamed. [5 Letters R _ _ _ _ _ R]",Fill-in-the-Blank,river,RIVER,River
"His long l _ _ _  took his lanky, loose-limbed frame to my stereo and he ratcheted it down from the ten it was at to about a three, a move that was so anti-badass biker, if his brothers knew he did it they would likely have thrown him out of the Club. [4 Letters L _ _ _ ]",Fill-in-the-Blank,legs,LEGS,Legs
