QUESTION_TEXT,QUESTION_TYPE,OPTION_1,OPTION_2,OPTION_3
"Soon, I had a c _ _ _ _ e to try the theory. Three blocks from the Port, a group of half a dozen uniformed men came out of a low, lighted building and started my way, talking animatedly among themselves. [6 Letters C _ _ _ _ _ E]",Fill-in-the-Blank,chance,CHANCE,Chance
"Virtually all of the enemy s _ _ _ _ _ _ s drowned. The strategy had been adapted by Striker's former commander, Lieutenant Colonel Charles Squires, for low-personnel offensives. [8 Letters S _ _ _ _ _ S]",Fill-in-the-Blank,soldiers,SOLDIERS,Soldiers
"""STOP!"" I squealed mindlessly. Think fast, Wisty. I was a witch. A witch could use magic. Magic could stop a falling object. Whit stopped a gavel in midair. Why couldn't I stop something as small and l _ _ _ t as a mouse? [5 Letters L _ _ _ _ _ T]",Fill-in-the-Blank,light,LIGHT,Light
"""Well, then we can't give her the chance to deploy that particular s _ _ _ l,"" said Puller. [5 Letters S _ _ _ _ _ L]",Fill-in-the-Blank,skill,SKILL,Skill
"He'd missed so much as a child, and in a way this was him trying to experience some of what he'd missed. He hadn't expressed any stage f _ _ _ _ t about tonight. It was all just my nerves and Micah's apparently. [6 Letters F _ _ _ _ _ T]",Fill-in-the-Blank,fright,FRIGHT,Fright
She kept her portfolio under her arm as she fished for her keys and unlocked the door to the b _ _ _ _ _ _ g. [8 Letters B _ _ _ _ _ G],Fill-in-the-Blank,building,BUILDING,Building
"I would've taken c _ _ _  of it for you. Now, I believe I can still patch things up. Gamble can't hold it against us that your husband wanted to change jobs. [4 Letters C _ _ _ ]",Fill-in-the-Blank,care,CARE,Care
"She finished on a windy h _ _ _  of breath, and he took a moment to choose his words. [4 Letters H _ _ _ ]",Fill-in-the-Blank,huff,HUFF,Huff
He rode past her and pulled the horse up in f _ _ _ t of the Muñoz door and dismounted and dropped the reins and pulled off his hat and ducked and entered the low doorway. [5 Letters F _ _ _ _ _ T],Fill-in-the-Blank,front,FRONT,Front
"A few ravers had the necks of their balloons between their lips, taking hits of nitrous oxide, which they had bought from a vendor who was no d _ _ _ t working out of a van behind the building. [5 Letters D _ _ _ _ _ T]",Fill-in-the-Blank,doubt,DOUBT,Doubt
"The headlines on the first day, January 24, cover more than a t _ _ _ d of the front page. [5 Letters T _ _ _ _ _ D]",Fill-in-the-Blank,third,THIRD,Third
"Joint Strike Force doctrine gave the interrogators twenty-one approaches to ""convince"" prisoners of w _ _  to divulge critical intelligence. [3 Letters W _ _ _ ]",Fill-in-the-Blank,war,WAR,War
"In the paneled foyer, a sign announced NONFICTION second f _ _ _ r. An arrow pointed to a staircase on her right. [5 Letters F _ _ _ _ _ R]",Fill-in-the-Blank,floor,FLOOR,Floor
"Everyone thinks that the magic of being with all the men is about the otherworldliness of them and me, but some of the most precious m _ _ _ _ _ s are the most ordinary. [7 Letters M _ _ _ _ _ S]",Fill-in-the-Blank,moments,MOMENTS,Moments
"By the time Ray was ten he knew his f _ _ _ _ y had money. His father was a judge and his home had a name, and in rural Mississippi this meant he was indeed a rich kid. [6 Letters F _ _ _ _ _ Y]",Fill-in-the-Blank,family,FAMILY,Family
"Any k _ _ _  of ship. She would give every last coin hidden in the brick stove, every last jewel, anything, for a ship today. ""Well, that wouldn't attract any attention, would it? But perhaps you could use the exercise. [4 Letters K _ _ _ ]",Fill-in-the-Blank,kind,KIND,Kind
"Fiona Cassidy could be aware of my presence only if she had been standing in her vestibule, keeping w _ _ _ h through the fish-eye lens in her door. [5 Letters W _ _ _ _ _ H]",Fill-in-the-Blank,watch,WATCH,Watch
"He released me, and I jerked my arm away. The crew rolled the smoking camera back, and a director type with a s _ _  of headphones made a rolling motion with the fingers of one hand. Larry nodded to him, and turned to Ortega. [3 Letters S _ _ _ ]",Fill-in-the-Blank,set,SET,Set
"He levered himself up, snatched a b _ _  cutter off the table, sat back down and propelled back over to Annabelle. [3 Letters B _ _ _ ]",Fill-in-the-Blank,box,BOX,Box
"The rain felt good on his face, but he told himself he would never make it across open g _ _ _ _ d. There were probably still snipers on the surrounding rooftops. His shoulder blades tensed for the bullet he expected in his back. [6 Letters G _ _ _ _ _ D]",Fill-in-the-Blank,ground,GROUND,Ground
