QUESTION_TEXT,QUESTION_TYPE,OPTION_1,OPTION_2,OPTION_3
"She wanted a drink, not the coffee or t _ _  that was always served, but wine. Just one cool glass of wine. But there was no wine permitted in Jaquir. [3 Letters T _ _ _ ]",Fill-in-the-Blank,tea,TEA,Tea
I HADN'T felt the h _ _ _ s on the back of my neck prickle so much since my days in Iraq. [5 Letters H _ _ _ _ _ S],Fill-in-the-Blank,hairs,HAIRS,Hairs
"Then we pulled up into a driveway and stopped at a gate. A bearded vampire came up and peered in the window, looking at all the occupants carefully. He was far more alert than the indifferent guard at Alcides a _ _ _ _ _ _ _ t building. [9 Letters A _ _ _ _ _ T]",Fill-in-the-Blank,apartment,APARTMENT,Apartment
"""Then perhaps it was the same d _ _ _  with the shots."" [4 Letters D _ _ _ ]",Fill-in-the-Blank,deal,DEAL,Deal
He almost hoped they would spot the attic trap in the closet and would decide to come up. He wanted a c _ _ _ _ e to blow a couple of them away. For Moose. [6 Letters C _ _ _ _ _ E],Fill-in-the-Blank,chance,CHANCE,Chance
"The hard part for the rest of the evening was not dwelling on the opportunity. Even with their training, their thoughts kept coming back to the i _ _ _  of working an agent in the Russian MERCURY. [4 Letters I _ _ _ ]",Fill-in-the-Blank,idea,IDEA,Idea
"""The nursery."" He beamed a smile. His face was big, like the rest of him, the color of burnished copper. His at-home wear was a pair of brilliantly blue pants with l _ _ _  as wide as Utah and a silky sweater in snow-blind white. [4 Letters L _ _ _ ]",Fill-in-the-Blank,legs,LEGS,Legs
"He had learned his seamanship as a boy on inshore f _ _ _ _ _ g boats, and knew what it was to be in harmony with nature. [7 Letters F _ _ _ _ _ G]",Fill-in-the-Blank,fishing,FISHING,Fishing
"Long before they got there, they knew. The road took a small curve past a Midas Muffler shop and a Burger King, and then they could see it clearly, the flames licking at the night, the thick clouds of greasy smoke rolling up and away, the ring of fire engines laying s _ _ _ e. [5 Letters S _ _ _ _ _ E]",Fill-in-the-Blank,siege,SIEGE,Siege
"""John Puller."" He held out his ID and badge. ""cid a _ _ _ t with the Army."" [5 Letters A _ _ _ _ _ T]",Fill-in-the-Blank,agent,AGENT,Agent
"Jake took a deep b _ _ _ _ h and said, ""Okay."" He stared at the blinking light and racked his brain for any idea as to why Buckley would be calling. [6 Letters B _ _ _ _ _ H]",Fill-in-the-Blank,breath,BREATH,Breath
"I made a fast recollection of the crime scene. The groom had been killed at the door; his wife, thirty feet away in the m _ _ _ _ r bedroom. [6 Letters M _ _ _ _ _ R]",Fill-in-the-Blank,master,MASTER,Master
"They boarded and Theo found a seat in the center of the fourth car. Ike, wearing a sports c _ _ _ , different glasses, khakis and loafers, sat across from him. The guy with the maroon jogging suit was a few feet away, standing. [4 Letters C _ _ _ ]",Fill-in-the-Blank,coat,COAT,Coat
"The enemy held out. He saw her plan. But at the last minute, he dropped his magics and turned all of his formidable f _ _ _ e on the Thob centipede that was about to crush and devour them. [5 Letters F _ _ _ _ _ E]",Fill-in-the-Blank,force,FORCE,Force
He took another step and I felt the f _ _ _  start wafting from Josette. [4 Letters F _ _ _ ],Fill-in-the-Blank,fear,FEAR,Fear
"Rigg stripped off his c _ _ _ _ _ s and even though he really was cold now, he had the promise of the blankets to encourage him. [7 Letters C _ _ _ _ _ S]",Fill-in-the-Blank,clothes,CLOTHES,Clothes
"She's dead then. She doesn't know it. She still thinks she can get away. She makes it to the living a _ _ _  before she goes down on that white rug. Crawls a few inches. Then he starts hacking."" [4 Letters A _ _ _ ]",Fill-in-the-Blank,area,AREA,Area
"The Rhino screamed again, and the sound sent a surge of a _ _ _ _ _ _ _ _ e and rage through me. [10 Letters A _ _ _ _ _ E]",Fill-in-the-Blank,adrenaline,ADRENALINE,Adrenaline
"""He's a killer, Alex,"" Sampson said as we ran over uneven ground covered with high grass, jutting rocks, t _ _ _  roots. ""We need to put him down. You know we do. Don't show mercy to the devil."" [4 Letters T _ _ _ ]",Fill-in-the-Blank,tree,TREE,Tree
"""Well, actually . . . no, Ron,"" said Hermione with a heavy s _ _ _ , [4 Letters S _ _ _ ]",Fill-in-the-Blank,sigh,SIGH,Sigh
