QUESTION_TEXT,QUESTION_TYPE,OPTION_1,OPTION_2,OPTION_3
"""Excuse me."" Though he'd have preferred to slink away unnoticed, Roarke stepped inside. ""Sorry to interrupt. I need Summerset for a few m _ _ _ _ _ s, if you'd excuse us."" [7 Letters M _ _ _ _ _ S]",Fill-in-the-Blank,moments,MOMENTS,Moments
"The w _ _ _  whistled at my back as if a blizzard were moving up behind me. My hair streamed around my face. The trees were icy still, no wind. I whirled, Browning in my hand. [4 Letters W _ _ _ ]",Fill-in-the-Blank,wind,WIND,Wind
"And he had the t _ _ _ _ t for listening and exchanging conversation while his mind wandered. For now he let it trail to his cabin, where he would sit by the fire with a book and a brandy, or hunch over his bait box making new lures. [6 Letters T _ _ _ _ _ T]",Fill-in-the-Blank,talent,TALENT,Talent
"""This was taken here."" She snatched it up, walked to the wide w _ _ _ _ _ s. ""On the terrace, probably. You can see the river behind him. Get me the other one,"" she snapped at Peabody, and circled the room with the photograph. [7 Letters W _ _ _ _ _ S]",Fill-in-the-Blank,windows,WINDOWS,Windows
Overton had lied about the half million. The safe contained a hundred and twenty thousand. Twelve banded packets of ten thousand each. She put the money in the t _ _ _  bag. [4 Letters T _ _ _ ],Fill-in-the-Blank,tote,TOTE,Tote
"He stood very straight with that perfect p _ _ _ _ _ e that all the old nobles seemed to have, but still he huddled inside the robe. [7 Letters P _ _ _ _ _ E]",Fill-in-the-Blank,posture,POSTURE,Posture
"Over the next several hours, I prepared a c _ _ _ _ e of things that might come in handy in the immediate future. Then I went back up the stepladder to my apartment and put on my force rings. [6 Letters C _ _ _ _ _ E]",Fill-in-the-Blank,couple,COUPLE,Couple
"Flying that fast cuts down an enemy's time for a _ _ _ _ n once he detects you-and with Stealth, he will detect you very late in the game. Supercruise and Stealth also collapse the envelope for the employment of his weapons. [6 Letters A _ _ _ _ _ N]",Fill-in-the-Blank,action,ACTION,Action
"The place seemed fine, though . . . which was to say, deserted. The wind made a lonely soughing s _ _ _ d as it combed through the firs on either side of the pipe. [5 Letters S _ _ _ _ _ D]",Fill-in-the-Blank,sound,SOUND,Sound
"I wonder that you don't ask Pilar to help with the tours and the tastings, where visitors could be treated to her company and have the extra benefit of personal contact with a member of the f _ _ _ _ y. [6 Letters F _ _ _ _ _ Y]",Fill-in-the-Blank,family,FAMILY,Family
"In reply, she pushed him gently against the opposite w _ _ _  of the corridor: Stay, the gesture meant. [4 Letters W _ _ _ ]",Fill-in-the-Blank,wall,WALL,Wall
"Soon all were up again, and strong. Qing-jao took servants with her and carried w _ _ _ r and soup to all the neighboring houses, rich and poor alike. All were grateful to receive what they brought, and many uttered prayers on their behalf. [5 Letters W _ _ _ _ _ R]",Fill-in-the-Blank,water,WATER,Water
"Suspended in midair, Harry started to swing back and forth using Robie as his fulcrum until his f _ _ _  once more touched a metal girder. He regained his balance and breathed a sigh of relief. [4 Letters F _ _ _ ]",Fill-in-the-Blank,feet,FEET,Feet
"By the time I got there, Lee and Eddie were both sitting, or, more to the p _ _ _ t, lounging in king-of-the-castle fashion, at my dining room table. [5 Letters P _ _ _ _ _ T]",Fill-in-the-Blank,point,POINT,Point
"Okha blew on his tea. ""He ran off to join the a _ _ _ . It's sad. He did well for years, but... he struck an officer. He was lucky they only flogged him and kicked him out. [4 Letters A _ _ _ ]",Fill-in-the-Blank,army,ARMY,Army
"""If you tell us where the s _ _ _ m spirits are, we can capture them and bring them to Aeolus. You'd look good in front of your boss. Aeolus might pardon us and the other demigods. We could even rescue Gleeson Hedge. [5 Letters S _ _ _ _ _ M]",Fill-in-the-Blank,storm,STORM,Storm
"The front yards were tiny, but there were big back spaces where detached garages lurked and grills sat in protected areas and split-trunk apple t _ _ _ s gave comforting shade. [5 Letters T _ _ _ _ _ S]",Fill-in-the-Blank,trees,TREES,Trees
"She said something then that resonated with him, though he had no c _ _ _  why. [4 Letters C _ _ _ ]",Fill-in-the-Blank,clue,CLUE,Clue
"They could die soon, or live ten more years. A Democrat may be elected p _ _ _ _ _ _ _ t. Why take a chance? Kill them now, a year before the election. Makes perfect sense, if one was so inclined."" [9 Letters P _ _ _ _ _ T]",Fill-in-the-Blank,president,PRESIDENT,President
"Bobby went to the grove of trees, dropped down on one knee to get beneath a low-hanging branch, and placed his old baseball glove on the grass with the pocket up to the darkening s _ _ . [3 Letters S _ _ _ ]",Fill-in-the-Blank,sky,SKY,Sky
