QUESTION_TEXT,QUESTION_TYPE,OPTION_1,OPTION_2,OPTION_3
"Many of them left, evidently no longer thirsty and anxious to get home, lock the doors, get the g _ _ _  loaded. Every pickup at Big Louie's had at least one gun under the seat or in the glove box. [4 Letters G _ _ _ ]",Fill-in-the-Blank,guns,GUNS,Guns
"But these aircraft called in miles out from the rendezvous: ""We're going to be late"" (again, the cost of last-minute changes to the ATO). This put the F-15 f _ _ _ _ t leader in a bind. [6 Letters F _ _ _ _ _ T]",Fill-in-the-Blank,flight,FLIGHT,Flight
"""I was always too delicate for this, and so were you. He's done over twenty women in the last d _ _ _ _ e, late twenties, early thirties, all of them. And all of them with brown hair, light skin. [6 Letters D _ _ _ _ _ E]",Fill-in-the-Blank,decade,DECADE,Decade
"""Does a bear shit in the woods?"" Henry Northrup asked. It was a three-mile drive to Dex's house on the outskirts of town, and before they got there, he was half-asleep in the passenger s _ _ _ . [4 Letters S _ _ _ ]",Fill-in-the-Blank,seat,SEAT,Seat
"Then he knew. The blankets were too tight. He had pulled them around Joe when he put him down, and he'd pulled too hard. Kid couldn't breathe. He loosened them with trembling f _ _ _ _ _ s. [7 Letters F _ _ _ _ _ S]",Fill-in-the-Blank,fingers,FINGERS,Fingers
"Jay grinned. ""We found that Junior is a member at four shooting ranges, including one in New York City. Under different n _ _ _ s."" [5 Letters N _ _ _ _ _ S]",Fill-in-the-Blank,names,NAMES,Names
"I can think of no more w _ _ _ s to say. Janeel knew many words and many names, but I buried her this morning. [5 Letters W _ _ _ _ _ S]",Fill-in-the-Blank,words,WORDS,Words
I gave Bradley my cell p _ _ _ e number. He copied it down. I ran for the stairs. [5 Letters P _ _ _ _ _ E],Fill-in-the-Blank,phone,PHONE,Phone
"She heard the long, low howl of a wolf, and the sound was almost a l _ _ _ h. Panic leaked through her shield of will as the fog crept hideously beneath the skirt of her robe. [5 Letters L _ _ _ _ _ H]",Fill-in-the-Blank,laugh,LAUGH,Laugh
"Stretching out his booted f _ _ _ , he settled back to enjoy. [4 Letters F _ _ _ ]",Fill-in-the-Blank,feet,FEET,Feet
"Neither one of them was built that way, and it had as much to do with h _ _ _ t as it did with loins. They'd taken the step and that step involved commitment. [5 Letters H _ _ _ _ _ T]",Fill-in-the-Blank,heart,HEART,Heart
"Besides, his hatred and r _ _ _  are as great as his hunger. He is frantic for the sweet satisfaction that only extreme violence can assure. [4 Letters R _ _ _ ]",Fill-in-the-Blank,rage,RAGE,Rage
"We stopped off in Wendover for a little w _ _ _ e and got cleaned up, then crossed into Nevada and went south, traveling along the edge of the Confusion Range. Again, it all jumped out at me in ways I wasn't prepared for. [5 Letters W _ _ _ _ _ E]",Fill-in-the-Blank,while,WHILE,While
Young Connor Dempsey played wistful tunes on the squeeze-box while his father sipped his Smithwick's and discussed the s _ _ _ e of the world with his good friend Jack Brennan. [5 Letters S _ _ _ _ _ E],Fill-in-the-Blank,state,STATE,State
"He had spilled too much before he'd realized that he didn't like Mondale and never would. ""Maybe that's part of why I don't want to let go of this case. But it's not the whole s _ _ _ y. [5 Letters S _ _ _ _ _ Y]",Fill-in-the-Blank,story,STORY,Story
"Kasey paused in the drawing room d _ _ _ _ _ y. She'd taken her time dressing for the dance at Jordan's club, wanting to be certain Beatrice was gone before she came downstairs. [7 Letters D _ _ _ _ _ Y]",Fill-in-the-Blank,doorway,DOORWAY,Doorway
"""Christ almighty. I know you told me how extensive, but I didn't fully believe it. What k _ _ _  of madness is this?"" [4 Letters K _ _ _ ]",Fill-in-the-Blank,kind,KIND,Kind
"Peel looked at the bloody h _ _ _  in his belly, felt the burn of the lead, and knew he was not going to recover from this gut shot. [4 Letters H _ _ _ ]",Fill-in-the-Blank,hole,HOLE,Hole
Suddenly he realized that the glow from the overhead f _ _ _ _ _ _ _ _ _ _ s fell into the open purse but illuminated nothing; the bag seemed to swallow every ray of light and digest it. [12 Letters F _ _ _ _ _ S],Fill-in-the-Blank,fluorescents,FLUORESCENTS,Fluorescents
"Goodwin waited for quiet to return. Then she said, ""But we were certain we'd find him with you, Dawull. You have become his back scratcher. clever t _ _ _ k, to act like you hustled the old man out of the Court. [5 Letters T _ _ _ _ _ K]",Fill-in-the-Blank,trick,TRICK,Trick
