QUESTION_TEXT,QUESTION_TYPE,OPTION_1,OPTION_2,OPTION_3
"""Well, he's quite charming,"" she said. ""Courtly might be an even better w _ _ _ . He complimented Glynis Mayberry on her dress and she blushed like a schoolgirl. [4 Letters W _ _ _ ]",Fill-in-the-Blank,word,WORD,Word
"Pinned to her lower lip, bright against the black lipstick, a polished red bead looked like a d _ _ _  of blood. [4 Letters D _ _ _ ]",Fill-in-the-Blank,drop,DROP,Drop
"His eyes narrowed and a flush crept up his neck past the velvet collar. He pointed an angry f _ _ _ _ r at Ned. ""You are the King's Hand, Lord Stark. [6 Letters F _ _ _ _ _ R]",Fill-in-the-Blank,finger,FINGER,Finger
"""Oh, it's not me, Beverly said. She uttered a nervous little laugh and lit a fresh c _ _ _ _ _ _ _ e from the smoldering stub of the old one. ""It's Tom. Tom's the one. Without him I'd still be relining skirts and sewing up hems. [9 Letters C _ _ _ _ _ E]",Fill-in-the-Blank,cigarette,CIGARETTE,Cigarette
"There were more lines about the narrow, bitter mouth and the slanted oriental eyes, and his cocoa hair held a tinge of gray. The years were passing, and their passage had left a permanent r _ _ _ _ d on Fortunato's face. [6 Letters R _ _ _ _ _ D]",Fill-in-the-Blank,record,RECORD,Record
"Hogwarts. Yes, I know she says it was another false a _ _ _ m,"" Sirius [5 Letters A _ _ _ _ _ M]",Fill-in-the-Blank,alarm,ALARM,Alarm
"Okay, I said, my head thick with s _ _ _ p and (I saw when I opened my eyes) smoke. The shriek in the background, I slowly realized, was my smoke detector. [5 Letters S _ _ _ _ _ P]",Fill-in-the-Blank,sleep,SLEEP,Sleep
"Back to the checklist: flashlight, batteries, lip balm, sunscreen, extra asthma inhaler, knife, first aid kit, w _ _ _ r bottle, matches, fire starter, and toilet paper in a small waterproof container. [5 Letters W _ _ _ _ _ R]",Fill-in-the-Blank,water,WATER,Water
"Fisher was convinced there was a game being played here, and that all the pieces had yet to be uncovered. But who was the driving f _ _ _ e? [5 Letters F _ _ _ _ _ E]",Fill-in-the-Blank,force,FORCE,Force
"Further, it had a three-car garage, room for his truck, hers, all his bikes plus p _ _ _ _ y of space to park the RV. [6 Letters P _ _ _ _ _ Y]",Fill-in-the-Blank,plenty,PLENTY,Plenty
"At the north and south roadblocks on the c _ _ _ _ y route and at the main blockade on the eastern end of Ocean Avenue, out toward the interstate, Loman's officers were continuing to deal with outsiders wanting to enter Moonlight Cove. [6 Letters C _ _ _ _ _ Y]",Fill-in-the-Blank,county,COUNTY,County
"The phrase sent her h _ _ _ t racing, made her try to curl up into herself. Little girl. Terrible things happened to little girls. [5 Letters H _ _ _ _ _ T]",Fill-in-the-Blank,heart,HEART,Heart
"""That's for sure, Tommy. You are woefully lacking in general k _ _ _ _ _ _ _ e about the world. All those years as a computer geek. I'll shape you up, though, don't worry."" [9 Letters K _ _ _ _ _ E]",Fill-in-the-Blank,knowledge,KNOWLEDGE,Knowledge
the mouth of the pipe that had supplied water to the troughs in the barn until the water l _ _ _ l sank too low and rendered it useless. [5 Letters L _ _ _ _ _ L],Fill-in-the-Blank,level,LEVEL,Level
I drink aged grappa and listen to jazz. I do the books on the new shelves and stand in the l _ _ _ _ g room and look at the carpets and wall hangings and I know the ghosts are walking the halls. [6 Letters L _ _ _ _ _ G],Fill-in-the-Blank,living,LIVING,Living
"But too many n _ _ _ _ s I see them in my dreams. They appear as they were in life, and as they might have been if they had survived. [6 Letters N _ _ _ _ _ S]",Fill-in-the-Blank,nights,NIGHTS,Nights
"""You better have a winning g _ _ _  plan."" Nana got the last word in. ""Alex, if you lose her, you will never get over it."" [4 Letters G _ _ _ ]",Fill-in-the-Blank,game,GAME,Game
"Going back into the hall, she turned into the master b _ _ _ _ _ m, where her parents had slept and loved and talked night after night. [7 Letters B _ _ _ _ _ M]",Fill-in-the-Blank,bedroom,BEDROOM,Bedroom
"He sat in one of two mismatched lawn chairs, his feet propped on an old milk crate, his beer c _ _ _ _ r next to him. He offered her the other chair but she declined. [6 Letters C _ _ _ _ _ R]",Fill-in-the-Blank,cooler,COOLER,Cooler
"She'd successfully maneuvered them all. Pleased that she'd given her secretary a nudge onto the dance f _ _ _ r, Brie accepted Alexander's hand. ""That wasn't very subtle,"" he pointed out. ""But it worked. [5 Letters F _ _ _ _ _ R]",Fill-in-the-Blank,floor,FLOOR,Floor
