QUESTION_TEXT,QUESTION_TYPE,OPTION_1,OPTION_2,OPTION_3
"They not only sat on the coffee t _ _ _ e, Deborah noted as she signed the clipboard, they covered it from end to end. ""Thanks."" She dug into her wallet for a bill. [5 Letters T _ _ _ _ _ E]",Fill-in-the-Blank,table,TABLE,Table
"I gave him a s _ _ _ _ _ e and got his gaze back, happy to see it was smiling. [7 Letters S _ _ _ _ _ E]",Fill-in-the-Blank,squeeze,SQUEEZE,Squeeze
"""Like hanging under a parachute."" In the w _ _ _  to the left of the hall door was a four-footdeep, six-foot-long, arched niche into which a custom-built bed had been fitted. [4 Letters W _ _ _ ]",Fill-in-the-Blank,wall,WALL,Wall
"I hate it when the bad g _ _ _  have a point, but I chose to err on the side of Denton getting blown apart, and left the safety where it was. [4 Letters G _ _ _ ]",Fill-in-the-Blank,guys,GUYS,Guys
"She no longer faked cooperation. Now she tried to resist every way she could-sitting out, yelling, hitting, kicking. If she just acted up long enough and hard enough, eventually they'd kick her out of the program, call her m _ _ _ _ r and tell her Mallory was hopeless. [6 Letters M _ _ _ _ _ R]",Fill-in-the-Blank,mother,MOTHER,Mother
"Roarke wrapped his a _ _ _  around her waist, drew her back against him, and let her pour it out. ""I'm sitting there, looking at him, listening to his bullshit justifications, the program propaganda, and I remember how Colleen Halloway thanked me. [4 Letters A _ _ _ ]",Fill-in-the-Blank,arms,ARMS,Arms
"Grover's music kept playing, and g _ _ _ s grew around Ethan's body. Ethan stared at me, his face tight with pain. [5 Letters G _ _ _ _ _ S]",Fill-in-the-Blank,grass,GRASS,Grass
"""L _ _ _ _ s and gentlemen . . . and kiddies, too, I see a few of those in the audience. . . ."" [6 Letters L _ _ _ _ _ S]",Fill-in-the-Blank,ladies,LADIES,Ladies
"He studied the m _ _ _ l frame she'd designed. ""Reproducing the Statue of Liberty?"" [5 Letters M _ _ _ _ _ L]",Fill-in-the-Blank,metal,METAL,Metal
"On and on I ran through a murky landscape, the color of dark blood, with the ground endlessly collapsing beneath me and my leaden legs scrambling desperately to stay ahead of God only knows what kind of d _ _ _ _ r. [6 Letters D _ _ _ _ _ R]",Fill-in-the-Blank,danger,DANGER,Danger
"He scanned the narrow, high-ceilinged hallways as if he had a s _ _ _ _ _ _ _ _ _ _ e camera mounted where his head was. His powers of concentration gave him a huge advantage. He was almost supernaturally aware of everything going on around him. [12 Letters S _ _ _ _ _ E]",Fill-in-the-Blank,surveillance,SURVEILLANCE,Surveillance
"In 1997, the agency began using Internet servers to piggyback the numbers into home computer systems. small a _ _ _ _ _ s of memory were appropriated to work on the problem without the user being aware of it. [7 Letters A _ _ _ _ _ S]",Fill-in-the-Blank,amounts,AMOUNTS,Amounts
"Novinha's voice came then, husky and emotional. ""What did they have to do, to give the third l _ _ _  to Mandachuva or Leaf-eater?"" [4 Letters L _ _ _ ]",Fill-in-the-Blank,life,LIFE,Life
"After checking her carotid artery and detecting no pulse, Junior returned to the sofa in the l _ _ _ _ g room. He fluffed the little pillow and left it precisely as he had found it. [6 Letters L _ _ _ _ _ G]",Fill-in-the-Blank,living,LIVING,Living
"It wasn't likely anybody was going to tie a dead Baltimore cop to one in Atlanta, but he wasn't going to take any c _ _ _ _ _ s. [7 Letters C _ _ _ _ _ S]",Fill-in-the-Blank,chances,CHANCES,Chances
"The Sukhoi's a pretty good fighter plane, similar in mission and capabilities to an early F-15. The -7's a day-fighter knockoff of the old MiG-21, modified for g _ _ _ _ d attack as well as mixing up in the furball. [6 Letters G _ _ _ _ _ D]",Fill-in-the-Blank,ground,GROUND,Ground
"Inside was w _ _ _ _ h, and the ripple from the spells he'd cast before he'd gone to the cliffs. He barred the door, leaving smears of his and Cian's blood on the wood. Would it keep her out? he wondered. [6 Letters W _ _ _ _ _ H]",Fill-in-the-Blank,warmth,WARMTH,Warmth
"The Euphrates would flow as it did in ancient times, and the Syrians would have more water for their needs. Towns for dozens of miles d _ _ _ _ _ _ _ r would be flooded. [9 Letters D _ _ _ _ _ R]",Fill-in-the-Blank,downriver,DOWNRIVER,Downriver
"Cracking up hysterically, he'd plunged into the freezer as if he actually had been a contestant on a g _ _ _  show, all at once a whole lot less depressed than he'd been a moment before--which, of course, had been Mary's intent. [4 Letters G _ _ _ ]",Fill-in-the-Blank,game,GAME,Game
"Of course, she could go anyway. He would not try to stop her physically. She was certain of that. Fairly certain. Only she did not intend to violate her marriage v _ _ _  in the slightest way. [4 Letters V _ _ _ ]",Fill-in-the-Blank,vows,VOWS,Vows
