QUESTION_TEXT,QUESTION_TYPE,OPTION_1,OPTION_2,OPTION_3
"I squinted less, listened more, heard nothing, and moved to the d _ _ _ _ _ y opposite the master bedroom. I didn't cross the threshold but remained in the shadows, using my left hand as a visor to shade my eyes from the harsh overhead light before me. [7 Letters D _ _ _ _ _ Y]",Fill-in-the-Blank,doorway,DOORWAY,Doorway
"""Well, not exactly sitting,"" Dave amended. ""Half-sprawling was how they both put it later on. He was up against one of those litter baskets, don't you know, and their bases are planted down in the sand to keep em from blowing away in a strong w _ _ _ , but the man's weight had settled back against this one until the can was…"" [4 Letters W _ _ _ ]",Fill-in-the-Blank,wind,WIND,Wind
"""Think of it as a compliment,"" Fidelias advised her. The h _ _ _ s on the back of his neck abruptly rose, and he forced himself not to turn and stare around like a spooked cat. Someone was following him. [5 Letters H _ _ _ _ _ S]",Fill-in-the-Blank,hairs,HAIRS,Hairs
"I clapped my hands over my ears and dug my face into the hot dirt as the freight went by, metal squalling against metal, the air buffeting us. I had no u _ _ _  to look at it. [4 Letters U _ _ _ ]",Fill-in-the-Blank,urge,URGE,Urge
"It's almost 2:00 a.m. and a police c _ _ _ _ _ r is still parked near the crime scene. Strands of bright yellow tape surround the van, which is nothing but a smoldering, blackened frame. ""Stay here,"" [7 Letters C _ _ _ _ _ R]",Fill-in-the-Blank,cruiser,CRUISER,Cruiser
"Quilla Andersen (she had taken back her maiden n _ _ _  and you could bet Pete hated that, too) had the courage of her convictions. [4 Letters N _ _ _ ]",Fill-in-the-Blank,name,NAME,Name
"His gray suit was tailored to him, maybe a little too well tailored for someone just out of law s _ _ _ _ l, and his maroon tie was made of expensive silk that matched the kerchief tucked into his breast pocket. [6 Letters S _ _ _ _ _ L]",Fill-in-the-Blank,school,SCHOOL,School
"Get them a fine e _ _ _ _ _ _ _ n, while you were monitoring them. A geneticist, a reconstructive surgeon, and a private all-girls' boarding school. Mix well, what might you get?"" [9 Letters E _ _ _ _ _ N]",Fill-in-the-Blank,education,EDUCATION,Education
You just had to break the code. That's when the phone r _ _ _ . It was his number-four line. [4 Letters R _ _ _ ],Fill-in-the-Blank,rang,RANG,Rang
"A thousand feet above, the r _ _ _  face was cleft eighty feet deep and more than a hundred long. A shelf of granite overhung this cleft, providing protection from the storm for the night ahead. [4 Letters R _ _ _ ]",Fill-in-the-Blank,rock,ROCK,Rock
"The girl calmed a little. She was trembling, and her face was still lined with fear, but she was not biting her l _ _  anymore. A crimson thread of blood sewed a curved seam down her chin. [3 Letters L _ _ _ ]",Fill-in-the-Blank,lip,LIP,Lip
"Joanna laughed. ""I hear that, and I sympathize completely. no m _ _ _ _ r how many times Julio told me I was beautiful, I knew I could stand next to the hippos at the zoo and nobody could tell us apart."" [6 Letters M _ _ _ _ _ R]",Fill-in-the-Blank,matter,MATTER,Matter
"The Church of the Twilight seemed to embrace entropy as the ultimate e _ _ _ _ _ _ _ _ n of divinity, aggressively promulgating madness, unreason, and chaos, reveling in it. [10 Letters E _ _ _ _ _ N]",Fill-in-the-Blank,expression,EXPRESSION,Expression
"Curious, he walked around to peer over her shoulder. An act that, he admitted, had anyone dared to try on him would have earned the offender a quick and painful d _ _ _ h. [5 Letters D _ _ _ _ _ H]",Fill-in-the-Blank,death,DEATH,Death
"John was the youngest member of the team yet one of the most senior-she held the position of technical director. And while she didn't consider herself attractive, men who met her fell in l _ _ _  at first sight. [4 Letters L _ _ _ ]",Fill-in-the-Blank,love,LOVE,Love
"She made no demands; she was not impatient. Just offered the suggestion that if God had kept her from Ezbaal in order to find a better h _ _ _ _ _ d for her, it would be good if he sent that husband soon. [7 Letters H _ _ _ _ _ D]",Fill-in-the-Blank,husband,HUSBAND,Husband
"She had lived a year in the past seven days, and she was having a real conversation with a live person who did not wish her dead. She crossed her feet on the c _ _ _ _ e table. [6 Letters C _ _ _ _ _ E]",Fill-in-the-Blank,coffee,COFFEE,Coffee
"The overhead speaker hissed as the torpedo officer assessed the s _ _ _ _ _ _ _ n. Then: ""An ounce or two."" [9 Letters S _ _ _ _ _ N]",Fill-in-the-Blank,situation,SITUATION,Situation
"Skin-grooves that hadn't been there y _ _ _ _ _ _ _ y evening now made sine-waves across Al's brow. Two more lines-much deeper ones-bracketed his mouth. His chin was sharper, and the skin on his neck had grown loose. [9 Letters Y _ _ _ _ _ Y]",Fill-in-the-Blank,yesterday,YESTERDAY,Yesterday
"She shot me a l _ _ _  and said, ""If the johns saw this, they'd never take off their clothes in this girl's house, guaranteed."" [4 Letters L _ _ _ ]",Fill-in-the-Blank,look,LOOK,Look
