QUESTION_TEXT,QUESTION_TYPE,OPTION_1,OPTION_2,OPTION_3
She didn't intend to jump until the driver either stopped at an i _ _ _ _ _ _ _ _ _ _ n or entered a turn sharp enough to require him to cut his speed dramatically. [12 Letters I _ _ _ _ _ N],Fill-in-the-Blank,intersection,INTERSECTION,Intersection
"If I had m _ _ _ y, I could get her another Celeste. [5 Letters M _ _ _ _ _ Y]",Fill-in-the-Blank,money,MONEY,Money
"She let out a long b _ _ _ _ h, as wary as he now. ""Some. I'm not used to it… not like this."" [6 Letters B _ _ _ _ _ H]",Fill-in-the-Blank,breath,BREATH,Breath
She looked down at her hands. Her fingers had been more at h _ _ _  smeared with motor oil than at the keys of a piano. [4 Letters H _ _ _ ],Fill-in-the-Blank,home,HOME,Home
I put my hands to the a _ _ _  of the chair I was in and started to push up when Auden's eyes came to me. [4 Letters A _ _ _ ],Fill-in-the-Blank,arms,ARMS,Arms
"""give him a b _ _ _ k, Joe,"" said Emma. ""It's still not too late for us to ditch you here. I hear Whaddon is famous for its delicious pork pies. You'll be in pig heaven."" [5 Letters B _ _ _ _ _ K]",Fill-in-the-Blank,break,BREAK,Break
"Her nostrils flared as she tested the air in the hive and apparently found it suitable. She lifted her hand, and a spark leapt from her fingers to kindle into the familiar f _ _ _  of her fury, a fierce, fiery falcon. [4 Letters F _ _ _ ]",Fill-in-the-Blank,form,FORM,Form
"Finally, Gram (as usual) broke the s _ _ _ _ _ e by grandly declaring, ""I do not like that man."" [7 Letters S _ _ _ _ _ E]",Fill-in-the-Blank,silence,SILENCE,Silence
He was following everything I said. His gaze didn't roam to other women at the bar or the game on one of the t _ _ _ _ _ _ _ _ n sets. [10 Letters T _ _ _ _ _ N],Fill-in-the-Blank,television,TELEVISION,Television
"Goddamn it, she's just a little g _ _ _ . Tough, though. Tough and smart. She told me to downshift. She doesn't even know how to drive."" [4 Letters G _ _ _ ]",Fill-in-the-Blank,girl,GIRL,Girl
"With damp fingertips he traced the Crosshatch pattern on the solid butt, lifting the whole weapon slightly out of the holster, testing the way it fit, looking for potential snags- though he had worn this same p _ _ _ e for years and knew that it wouldn't snag, ever. [5 Letters P _ _ _ _ _ E]",Fill-in-the-Blank,piece,PIECE,Piece
"Erainya was sitting on a bar stool at the c _ _ _ _ _ r, talking to Manoli in Greek. She wore high heels and a Tshirt dress, black of course. [7 Letters C _ _ _ _ _ R]",Fill-in-the-Blank,counter,COUNTER,Counter
Madeleine came back. She had kittens in the closet in Janes room. Have Parnell and Leah been over here? he asked. Have they given you much t _ _ _ _ _ e? [7 Letters T _ _ _ _ _ E],Fill-in-the-Blank,trouble,TROUBLE,Trouble
"Boutillier even had a n _ _ _  for it: he called it the ""One-Armed Man Syndrome,"" after that old TV series The Fugitive. [4 Letters N _ _ _ ]",Fill-in-the-Blank,name,NAME,Name
"He sat on the t _ _ _ e now and Ingram looked for swollen lymph nodes under his arms. Eric pointed out a plug of sebum and cell debris on his lower abdomen, a blackhead, slightly sinister. [5 Letters T _ _ _ _ _ E]",Fill-in-the-Blank,table,TABLE,Table
It actually took them six hours to reach Vegas. It lay in the middle of the d _ _ _ _ t like some improbable gem. There were a lot of people on the streets; [6 Letters D _ _ _ _ _ T],Fill-in-the-Blank,desert,DESERT,Desert
"And just as I was beginning to lose h _ _ _ , we got a match. [4 Letters H _ _ _ ]",Fill-in-the-Blank,hope,HOPE,Hope
"Barty came out of the house with the library copy of Podkayne Of Mary, which his m _ _ _ _ r had promised to read to him later, in the hospital. ""Are we all going?"" he asked. [6 Letters M _ _ _ _ _ R]",Fill-in-the-Blank,mother,MOTHER,Mother
"Albert followed Bob; Bethany followed Albert; the o _ _ _ _ s fell in behind them, Laurel leading Dinah by the hand. The little girl was very pale. [6 Letters O _ _ _ _ _ S]",Fill-in-the-Blank,others,OTHERS,Others
"They were enrolled as part-time students at the local c _ _ _ _ _ _ _ y college studying basic engineering. In reality each was proficient in certain areas of science that had to do with barometric pressure, wind deflection, air drag and coefficiency as well as more esoteric subjects like the Coriolis effect and gyroscopic precession. [9 Letters C _ _ _ _ _ Y]",Fill-in-the-Blank,community,COMMUNITY,Community
