QUESTION_TEXT,QUESTION_TYPE,OPTION_1,OPTION_2,OPTION_3
"""No,"" he said, still with that same pleasant empty voice. ""But if you make this a pissing c _ _ _ _ _ t, Anita, I'll feel compelled to make you let go. You wouldn't like that."" [7 Letters C _ _ _ _ _ T]",Fill-in-the-Blank,contest,CONTEST,Contest
"For some reason it had taken the members of his first s _ _ _ d almost fifteen minutes to haul him out, dripping and sputtering. [5 Letters S _ _ _ _ _ D]",Fill-in-the-Blank,squad,SQUAD,Squad
"""I feel like such a f _ _ _  - like a little girl, afraid of the dark."" [4 Letters F _ _ _ ]",Fill-in-the-Blank,fool,FOOL,Fool
"""Yes, very wel , Madame."" She turned to accept the offered wine. ""I …"" The inane words she was about to utter stuck in her throat as the portrait caught her eye, and she turned around ful y  and faced it. [1 Letters Y _ _ _ ]",Fill-in-the-Blank,y,Y,Y
"The cracked and hoved walkway led to a blue door featuring a painting of a mystic eye, but it also branched toward a flight of exterior stairs, most likely not originally part of the h _ _ _ e, at the south side of the structure, where a discreet sign indicated that the detective's offices were on the second floor. [5 Letters H _ _ _ _ _ E]",Fill-in-the-Blank,house,HOUSE,House
"She's good at it. next h _ _  is to push on locations for the labs specifically used for the project, where they've put whatever data they've already taken, and who, if anyone, is on Deena's termination list. They're not done. [3 Letters H _ _ _ ]",Fill-in-the-Blank,hit,HIT,Hit
"""The p _ _ _ _ e report indicates that you were the one to show the forensic techs the panel in the closet."" [6 Letters P _ _ _ _ _ E]",Fill-in-the-Blank,police,POLICE,Police
"Still, by the time she finally talked him into stopping for a hot drink and a b _ _ _  to eat, she'd decided it was imperative she outline some very specific do's and don'ts. [4 Letters B _ _ _ ]",Fill-in-the-Blank,bite,BITE,Bite
"Amy was playing with a rag doll in the only large clear s _ _ _ e in the airplane, near the exit door. ""Mommy Mommy Mamommy Mommyo,"" Amy said. The child stood and reached to be picked up. Then she saw Charlie. ""Daddy Addy Addy."" [5 Letters S _ _ _ _ _ E]",Fill-in-the-Blank,space,SPACE,Space
"It was big as well, and cleaner than any High Sheriff's office Roland had ever been in before . . . and he had been in at least half a d _ _ _ n over the last three years, accompanying his father on several short trips and one longer patrol-swing. [5 Letters D _ _ _ _ _ N]",Fill-in-the-Blank,dozen,DOZEN,Dozen
So I decided to change the s _ _ _ _ _ t to something he would wish to talk about. [7 Letters S _ _ _ _ _ T],Fill-in-the-Blank,subject,SUBJECT,Subject
"Sam walked to the desk and sat on the c _ _ _ _ r next to Griffin. ""You stick close, okay, Reverend? I'll need some help. There's some bad things buried in my soul. It might take some time to get them out."" [6 Letters C _ _ _ _ _ R]",Fill-in-the-Blank,corner,CORNER,Corner
"Autry's sample couldn't have come from the town's water supply, for it was neither chlorinated nor fluoridated. It wasn't bottled w _ _ _ r, either. bottled w _ _ _ r would have had a normal mineral content. [5 Letters W _ _ _ _ _ R]",Fill-in-the-Blank,water,WATER,Water
"""Absolutely not."" He replied promptly, but didn't quite meet her eye. She thought that was a worse sign than the queerly empty l _ _ _  she now saw on his side of the Dome-as if there had been a circus, but it had moved on. [4 Letters L _ _ _ ]",Fill-in-the-Blank,look,LOOK,Look
"After twenty years of daily give-and-take with a bunch of l _ _ _ _ _ s, she had honed her retorts and one-liners. [7 Letters L _ _ _ _ _ S]",Fill-in-the-Blank,lawyers,LAWYERS,Lawyers
Then he kissed her forehead and moved back an i _ _ _  to catch her eyes. [4 Letters I _ _ _ ],Fill-in-the-Blank,inch,INCH,Inch
"He is a mariner from far away, an island of some sort, we gather, which we have never heard of before. We endowed him with his unusual n _ _ _ ."" Here the doctor smiled. [4 Letters N _ _ _ ]",Fill-in-the-Blank,name,NAME,Name
They left the a _ _ _ _ _ _ _ t and walked to the elevator. A few people moved up and down the hall on their own errands. They glanced cautiously at Cap and then looked away. [9 Letters A _ _ _ _ _ T],Fill-in-the-Blank,apartment,APARTMENT,Apartment
"Wally paused for a second and shook the stiffness out of his signing hand. ""Great question,"" he admitted, then rubbed his c _ _ _  and gazed at the ceiling as if only he could answer such a complex question. [4 Letters C _ _ _ ]",Fill-in-the-Blank,chin,CHIN,Chin
"Instinctively she looked down, in disgust, at her oldest jeans, her bare f _ _ _ , the ancient gray sweatshirt. She'd yanked her hair back in a short tail that morning and hadn't bothered with makeup. [4 Letters F _ _ _ ]",Fill-in-the-Blank,feet,FEET,Feet
