QUESTION_TEXT,QUESTION_TYPE,OPTION_1,OPTION_2,OPTION_3
"Fuck that, she said, age sixteen, and got out from behind a c _ _ _ _ _ _ t counter at the A&P-out of the Scranton slums to make fifty grand her first year in the business. At sixteen. [8 Letters C _ _ _ _ _ T]",Fill-in-the-Blank,checkout,CHECKOUT,Checkout
"I fall to the f _ _ _ r, facedown, and crawl out beneath the line of fire. With my head in the hallway I can count four warm bodies in the smoke. Three of them are shooting blindly toward the office. [5 Letters F _ _ _ _ _ R]",Fill-in-the-Blank,floor,FLOOR,Floor
"Indeed, mother and son lived together until he was thirty-five years old, at which time Katherine died of h _ _ _ t disease. [5 Letters H _ _ _ _ _ T]",Fill-in-the-Blank,heart,HEART,Heart
"Then he walked down the corridor. He passed several r _ _ _ s with small curtained booths, a few people milling about. He passed another room with a man standing in the doorway. [5 Letters R _ _ _ _ _ S]",Fill-in-the-Blank,rooms,ROOMS,Rooms
"The boy wheeled around and examined him with amazement. "" You?"" He turned back to the kneeling woman. ""Why is he here? Mortals aren't allowed to set f _ _ _  in the house of a god!"" [4 Letters F _ _ _ ]",Fill-in-the-Blank,foot,FOOT,Foot
"The elevator stopped, and they pushed the stretcher hurriedly through a series of short hallways, all busy and filled with the usual Friday night madness of city jail. A set of double d _ _ _ s flew open, and they were at the ambulance. [5 Letters D _ _ _ _ _ S]",Fill-in-the-Blank,doors,DOORS,Doors
"Near sunset the road climbed over the last hills to the first checkpoint. Their escort marched through without stopping. A few yards beyond, the path dropped off abruptly, and there was a high v _ _ _ _ _ e point from which the entire valley was visible beneath them. [7 Letters V _ _ _ _ _ E]",Fill-in-the-Blank,vantage,VANTAGE,Vantage
"He swiftly moved his m _ _ _ h to hers, hungry to swallow the end of her cry, sucking her tongue into his mouth when she was done, just like he'd done to her nipple. [5 Letters M _ _ _ _ _ H]",Fill-in-the-Blank,mouth,MOUTH,Mouth
"After the first time a crab-like thing hopped through the portal, scuttling into Baikonur on legs covered in eyeballs covered in mouths, the SCARE agents and their Russian counterparts made a p _ _ _ t of keeping their weapons trained on each portal. [5 Letters P _ _ _ _ _ T]",Fill-in-the-Blank,point,POINT,Point
"""The dead of w _ _ _ _ r, and it was freezing out. We drove through the Lincoln Tunnel, checked into the Plaza, and then went out to Gallagher's on Fifty-second Street. I still remember the place. It was like walking into a slaughterhouse. [6 Letters W _ _ _ _ _ R]",Fill-in-the-Blank,winter,WINTER,Winter
"""Sure. We use it primarily as a checking a _ _ _ _ _ t, to run the household. I'm taking out less than half, so there shouldn't be a problem. We're a community property state. My lawyer explained all of that."" [7 Letters A _ _ _ _ _ T]",Fill-in-the-Blank,account,ACCOUNT,Account
"""No, you didn't. I was here. You didn't have to go running out of the h _ _ _ e, half naked, to take on a grizzly."" [5 Letters H _ _ _ _ _ E]",Fill-in-the-Blank,house,HOUSE,House
"A third man stepped into sight, moving straight to the windows to close the levolor b _ _ _ _ s. A thicker vein of fog flowed eastward from the sea, clouding the view, but Harry recognized this man too Dr. [6 Letters B _ _ _ _ _ S]",Fill-in-the-Blank,blinds,BLINDS,Blinds
"Jack rose and went from room to room, checking on his kids. He sat next to Jackie as the little boy slept peacefully, his hand curled around his m _ _ _ _ _ r truck. Cory slept on his stomach, his arms coiled under him. [7 Letters M _ _ _ _ _ R]",Fill-in-the-Blank,monster,MONSTER,Monster
"Gaius shrugged a s _ _ _ _ _ _ r. ""Perhaps. The reputation of the Legions is thousands of years old, Isana, with the strength of centuries of tradition-and with the shortcomings of centuries of rigid thought. [8 Letters S _ _ _ _ _ R]",Fill-in-the-Blank,shoulder,SHOULDER,Shoulder
"Her bottom lip has been busted and protrudes grotesquely. She wears a long t _ _  shirt, nothing else, and there are large bruises on both thighs and above the knees. [3 Letters T _ _ _ ]",Fill-in-the-Blank,tee,TEE,Tee
"IT'S NO SURPRISE that Booker has been studying for the bar exam much more than I. And, typically, he's worried about me. He's scheduled a marathon review for this afternoon in a c _ _ _ _ _ _ _ _ e room at the Shankle firm. [10 Letters C _ _ _ _ _ E]",Fill-in-the-Blank,conference,CONFERENCE,Conference
"Each time I tried, Big Bill would intentionally head for lowlying tree b _ _ _ _ _ _ s to try and knock me off. [8 Letters B _ _ _ _ _ S]",Fill-in-the-Blank,branches,BRANCHES,Branches
"""True, but each month has exceeded the prior one. Plus, I have a little cash in the bank. I'm willing to roll the d _ _ _  and try to help this little boy."" [4 Letters D _ _ _ ]",Fill-in-the-Blank,dice,DICE,Dice
"For a moment, she felt a strange guilty sense of relief. If the Bloodravager had come, she wouldn't have a c _ _ _ _ e to escape today. She could sleep. Had Blurgli and Smolitilli not thrashed him? Shuluxez had been sure that she'd read them correctly, and … [6 Letters C _ _ _ _ _ E]",Fill-in-the-Blank,chance,CHANCE,Chance
