QUESTION_TEXT,QUESTION_TYPE,OPTION_1,OPTION_2,OPTION_3
"When Iggy shouted, ""Three!"" the Gasman leaped straight into the a _ _ , unfurling his wings with a huge whoosh. With a roar of anger, one Eraser grabbed the Gasman's foot and yanked. [3 Letters A _ _ _ ]",Fill-in-the-Blank,air,AIR,Air
"Wincing, I held it braced against my side as I scrambled to the edge of the ring and slipped through the open part. Purple fire accumulated in the palm of my injured a _ _  without my conscious command. [3 Letters A _ _ _ ]",Fill-in-the-Blank,arm,ARM,Arm
There was a horrible sound. The skin of his forehead distended as we yanked his head back. It stretched and distended until a s _ _ _  of shelf of stretched forehead-flesh half a meter long extended from his head to the window. [4 Letters S _ _ _ ],Fill-in-the-Blank,sort,SORT,Sort
"There appeared to be no forced entry, no fight or struggle, nothing but two dead bodies, b _ _ _ _ t holes in both heads, and an empty metal safe in the basement. [6 Letters B _ _ _ _ _ T]",Fill-in-the-Blank,bullet,BULLET,Bullet
"He glanced again at the man, but the face was impassive. But why would he lie? Jack could think of several reasons, but none of them made too much s _ _ _ e. Could he have been wrong? [5 Letters S _ _ _ _ _ E]",Fill-in-the-Blank,sense,SENSE,Sense
"Celik shrugged. The old man came over bearing another coffee c _ _  and a fresh pot. He put the cup down in front of Kokmak, poured it full, added more to Celik's cup, then shuffled away. [3 Letters C _ _ _ ]",Fill-in-the-Blank,cup,CUP,Cup
"Harris found bottles of Scotch and champagne in a small k _ _ _ _ _ n. He passed the hootch around and made the girls drink, too. [7 Letters K _ _ _ _ _ N]",Fill-in-the-Blank,kitchen,KITCHEN,Kitchen
"""Okay, break it up,"" Deborah ordered as she wheeled in a cart laden with a huge silver c _ _ _ _ e urn and Meissen china. ""I know you're talking shop."" [6 Letters C _ _ _ _ _ E]",Fill-in-the-Blank,coffee,COFFEE,Coffee
"But she continued to play Gypsy fortune-teller because she had to do something, she wasn't the k _ _ _  of person who could just sit back and take it easy. [4 Letters K _ _ _ ]",Fill-in-the-Blank,kind,KIND,Kind
"Laughing, he shoved the coffee table out of the way, sent it sliding off the carpet, across the hardwood f _ _ _ r and into the magazine rack. He stood behind her, dropped his trousers and his yellow-striped shorts. [5 Letters F _ _ _ _ _ R]",Fill-in-the-Blank,floor,FLOOR,Floor
"In addition to the t _ _ _ _ t posed by the mystery woman and her two murderous male friends, I would need to be alert for predators that had no mobile phones. [6 Letters T _ _ _ _ _ T]",Fill-in-the-Blank,threat,THREAT,Threat
"""I've now fitted it with instant film,"" Arnaud said. ""It should work. This dial here? That sets the time focus. It's most accurate at short r _ _ _ e, just a few days. The farther back you go, the blurrier the pictures become. [5 Letters R _ _ _ _ _ E]",Fill-in-the-Blank,range,RANGE,Range
"Then she saw the t _ _ _ n stopped on the tracks far below, and heard the pop of gunfire. About twenty black- clad riders on equally black horses swarmed around a gilded passenger car at the rear of the train. [5 Letters T _ _ _ _ _ N]",Fill-in-the-Blank,train,TRAIN,Train
"It was a r _ _  of plain leather-bound journals, all obviously of the same general design, but made with subtly different leathers, and subtly different dyes that had aged independently of one another into different textures and shades. [3 Letters R _ _ _ ]",Fill-in-the-Blank,row,ROW,Row
"If she ever gets arrested, if she's ever convicted of anything more than a parking ticket, she loses her t _ _ _ t fund. [5 Letters T _ _ _ _ _ T]",Fill-in-the-Blank,trust,TRUST,Trust
"And now, look you! At last comes what the l _ _ _  has waited for all this long day, and the day before, and the day before that, when Ted Brautigan, Dinky Earnshaw, and a few others (not Sheemie, he's gone into the clearing at the end of the path, say sorry) bade her goodbye. [4 Letters L _ _ _ ]",Fill-in-the-Blank,lady,LADY,Lady
"Redcoats were spotted to the west. With a quick signal, Brigham halted his troops and scanned the distance. They were outnumbered nearly two to one, and the dragoons looked fresh. He had a c _ _ _ _ e. They could run, or they could fight. [6 Letters C _ _ _ _ _ E]",Fill-in-the-Blank,choice,CHOICE,Choice
"""He learned the error of his ways. That's Bobby's way of confirming that it's him on the other e _ _  of the text."" [3 Letters E _ _ _ ]",Fill-in-the-Blank,end,END,End
"Along with them, Major General Paul Wilkerson, Captain Whitney Mason, Lieutenant Scott Gordon, and many o _ _ _ _ s worked hard to get their stories across. [6 Letters O _ _ _ _ _ S]",Fill-in-the-Blank,others,OTHERS,Others
"I felt tears sting my eyes. I nodded and turned away, got back to w _ _ _  and missed the look Indy and Tex exchanged. [4 Letters W _ _ _ ]",Fill-in-the-Blank,work,WORK,Work
