QUESTION_TEXT,OPTION_1,OPTION_2,OPTION_3
"-"" يشرفني أن أبلغكم بأنه جرى إطلاع أعضاء مجلس الأمن على رسالتكم المؤرخة 30 تموز / يوليه 2008 والمتعلقة باعتزامكم تعيين السيد مايكل ويليامز من المملكة المتحدة لبريطانيا ا ـ ـ ـ ـ ى وآيرلندا الشمالية منسقا خاصا للأمم المتحدة لشؤون لبنان ( ) .-

- الحرف الأول [ ا ] - الحرف الأخير [ ى ] - [ ا ـ ـ ـ ـ ى ] - عدد الحروف 6 -",العظمى,والعظمى,الأعظمى
"-الفقرة الفرعية ( أ ) - ما هي التشريعات أو ا ـ ـ ـ ـ ـ ـ ر الأخرى المتبعة لتنفيذ هذه الفقرة الفرعية ؟ وما هي بخاصة الجرائم في بلدكم التي تحظر ( أ ) تجنيد أعضاء الجماعات الإرهابية و ( ب ) تزويد الإرهابيين بالسلاح ؟ وما هي ا ـ ـ ـ ـ ـ ـ ر الأخرى التي تساعد في منع هذه الأنشطة ؟-

- الحرف الأول [ ا ] - الحرف الأخير [ ر ] - [ ا ـ ـ ـ ـ ـ ـ ر ] - عدد الحروف 8 -",التدابير,والتدابير,لتدابير
"-٦ - كما قدمت ردود من اللجنة الاقتصادية والاجتماعية لآسيا والمحيط الهادئ ومركز التنمية الاجتماعية والشؤون الإنسانية ) مكتب الأمم المتحدة في فيينا ( ومعهد الأمم المتحدة الأقاليمي لأبحاث الجريمة والعدالة ، و ـ ـ ـ ـ ة الصحة العالمية ، و ـ ـ ـ ـ ة العمل الدولية .-

- الحرف الأول [ و ] - الحرف الأخير [ ة ] - [ و ـ ـ ـ ـ ة ] - عدد الحروف 6 -",ومنظمة,فمنظمة,منظمة
"-٥٨٢ - ق ـ ـ  ممثل الدولة مقدمة التقرير بتقديمه وأشار الى أن إعداد التقرير اقتضى تعاونا وثيقا بين الحكومة الاتحادية وحكومات المقاطعات والحكومات الاقليمية ، وأتاح لتلك الحكومات فرصة استعراض حالة تنفيذ الاتفاقية ضمن مجالات اختصاص كل منها .-

- الحرف الأول [ ق ] - [ ق ـ ـ  ] - عدد الحروف 3 -",قام,وقام,قاموا
"-٢ - حددت الجمعية العامة ، لدى طلبها إجراء تقييم م ـ ـ ـ ل لنظام المعلومات الإدارية المتكامل في قرارها ٦٤ / ٥٨١ باء ، غرضها بأنه "" تقييم النهج والمنهجية المعتمدين في وضع وتنفيذ المشروع وتقرير ما إذا كان من المتوقع أن يوفر المشروع الفوائد المجملة في تقارير الأمين العام وأن يسهم في تحسين كفاءة وفعالية التنظيم الإداري للمنظمة "" .-

- الحرف الأول [ م ] - الحرف الأخير [ ل ] - [ م ـ ـ ـ ل ] - عدد الحروف 5 -",مستقل,كمستقل,ومستقل
"-حيث تعمل ا ـ ـ ـ ـ ـ ب الإقليمية على وجه الخصوص بصورة مباشرة مع البلدان لتنظيم الاجتماعات الوطنية ودون الإقليمية وتقوم هذه ا ـ ـ ـ ـ ـ ب بدمج أعمال الاتفاقية ضمن برامج عملها المعتادة .-

- الحرف الأول [ ا ] - الحرف الأخير [ ب ] - [ ا ـ ـ ـ ـ ـ ب ] - عدد الحروف 7 -",المكاتب,والمكاتب,لمكاتب
"-ويمكن ممارسة السلطات الممنوحة لوزير الداخلية والتي تخول له استبعاد أو ترحيل أي شخص من المملكة المتحدة ، والمبينة في الفقرة 1 - 1 أعلاه ، لرفض توفير ا ـ ـ ـ ـ ذ الآمن للأشخاص الضالعين في أنشطة إرهابية أو أنشطة ذات صلة بالإرهاب .-

- الحرف الأول [ ا ] - الحرف الأخير [ ذ ] - [ ا ـ ـ ـ ـ ذ ] - عدد الحروف 6 -",الملاذ,الملاذي,والملاذ
"-وبوليفيا ، بصفتها طرف عامل بموجب المادة 5 من البروتوكول قد أشترط عليها تخفيض استهلاكها من رابع ك ـ ـ ـ ـ د الكربون في 2005 إلى 15 في المائة من خط أساسها الخاص بهذه المادة أي 0 . 045 طن محسوبة بدالة استنفاد الأوزون .-

- الحرف الأول [ ك ] - الحرف الأخير [ د ] - [ ك ـ ـ ـ ـ د ] - عدد الحروف 6 -",كلوريد,وكلوريد,الكلوريد
"-""وتلاحظ اللجنة استنادا إلى الفقرة ٢٨ من ا ـ ـ ـ ـ ق السادس أنه تم حساب هذا التقدير المقدر على أساس ٧ , ٥ دولارات للشخص في اليوم الواحد .""-

- الحرف الأول [ ا ] - الحرف الأخير [ ق ] - [ ا ـ ـ ـ ـ ق ] - عدد الحروف 6 -",المرفق,والمرفق,لمرفق
"-ولكن بالإضافة إلى التفاعل فيما بين كيانات الأمم المتحدة ، من الضروري تطوير شراكة عالمية بشأن مسائل الشباب ، بمشاركة الدول الأعضاء ومنظمات الشباب والمنظمات غير ا ـ ـ ـ ـ ـ ـ ة والقطاع الخاص .-

- الحرف الأول [ ا ] - الحرف الأخير [ ة ] - [ ا ـ ـ ـ ـ ـ ـ ة ] - عدد الحروف 8 -",الحكومية,والحكومية,للحكومية
"-وختاما ، أود أن أؤكد أننا نؤمن إيمانا راسخا بأن ما من غزو تم في الماضي ، أو احتلال قائم في الحاضر ، أو اقتناء غير مشروع تم بأي شكل من الأشكال ، يمكن أن يبرر ل ـ ـ ـ  طويلة احتجاز أو رفض إعادة أو رد الممتلكات الثقافية لأصحابها الحقيقيين : وهم الشعوب التي صنعت تلك الممتلكات أو بلدانها الأصلية أيا كانت الحالة .-

- الحرف الأول [ ل ] - [ ل ـ ـ ـ  ] - عدد الحروف 4 -",لمدة,ولمدة,لفترة
"-ويؤكد البيان كذلك على الحاجة إلى زيادة المشاركة السياسية للمرأة بهدف تحقيق الهدف النهائي المتمثل في المساواة بين الجنسين و ـ ـ ـ ـ ـ ض بالمرأة .-

- الحرف الأول [ و ] - الحرف الأخير [ ض ] - [ و ـ ـ ـ ـ ـ ض ] - عدد الحروف 7 -",والنهوض,النهوض,بالنهوض
"-وأعرب عدة مندوبين عن أملهم في توسيع بعض مجالات العمل ، مثل برامج بناء القدرات في مجال إحصاءات الاستثمار الأجنبي المباشر ونقل التكنولوجيا ، بشرط ت ـ ـ ـ ر التمويل اللازم .-

- الحرف الأول [ ت ] - الحرف الأخير [ ر ] - [ ت ـ ـ ـ ر ] - عدد الحروف 5 -",توافر,توافره,وتوافر
"-٩٦٢ - وقد لاحظت اللجنة أنه ، على الرغم من وجوب تهنئة حكومة بنغلاديش على إ ـ ـ ـ د تقريرها الدوري الثاني وعلى ما تحلت به من الصراحة بشأن كثير من المشاكل التي تواجه المرأة في هذا البلد ، فهناك عدد من المشاكل بصدد التقرير .-

- الحرف الأول [ إ ] - الحرف الأخير [ د ] - [ إ ـ ـ ـ د ] - عدد الحروف 5 -",إعداد,كإعداد,وإعداد
"-31 - ذكر رئيس م ـ ـ ـ ـ ة ال 20 أن المشاغل الرئيسية للمجموعة تتمثل في المسائل المالية وجهود الإصلاح في النظام المالي الدولي .-

- الحرف الأول [ م ] - الحرف الأخير [ ة ] - [ م ـ ـ ـ ـ ة ] - عدد الحروف 6 -",مجموعة,فمجموعة,وكمجموعة
"-44 - وقد عجز معدل النمو الاقتصادي في المنطقة دون الإقليمية عن ملاحقة معدل النمو السكاني في السنوات الماضية ، ولا توجد بارقة تبشر بأن الحالة ستتحسن في المستقبل القريب ، ومن ثم ، بات من المرجح أن ترتفع معدلات ا ـ ـ ـ ر التي هي مرتفعة بالفعل .-

- الحرف الأول [ ا ] - الحرف الأخير [ ر ] - [ ا ـ ـ ـ ر ] - عدد الحروف 5 -",الفقر,فالفقر,والفقر
"-وستركز هذه الأنشطة على تقنيات حفظ البيئة وحمايتها ، وتحقق هذه التقنيات فوائد م ـ ـ ـ ـ ة الأجل وطويلة الأجل على حد السواء للمجتمعات المحلية عن طريق حفظ رصيد الموارد الطبيعية وتجديد هذا الرصيد الذي تلبى منه احتياجاتها الفورية للأمن الغذائي .-

- الحرف الأول [ م ] - الحرف الأخير [ ة ] - [ م ـ ـ ـ ـ ة ] - عدد الحروف 6 -",متوسطة,ومتوسطة,المتوسطة
"-وتنطوي النشرة على سبع دراسات حالات إفرادية حول الوضع السكني للسكان الأصليين - في الممارسة ا ـ ـ ـ ـ ـ ة وفي القانون - وتستعرض السياسات والبرامج الرامية إلى معالجة أوجه ضعفها .-

- الحرف الأول [ ا ] - الحرف الأخير [ ة ] - [ ا ـ ـ ـ ـ ـ ة ] - عدد الحروف 7 -",العملية,فالعملية,والعملية
"-كما أبدو انشغالهم إزاء النطاق الضيق لأنشطتها وتساءلوا عما إذا كان بوسع المنظمة أن تساهم فعلا في أعمال المجلس ا ـ ـ ـ ـ ـ ـ ـ ي والاجتماعي .-

- الحرف الأول [ ا ] - الحرف الأخير [ ي ] - [ ا ـ ـ ـ ـ ـ ـ ـ ي ] - عدد الحروف 9 -",الاقتصادي,والاقتصادي,بالاقتصادي
"-ويمكن أن تكون ب ـ ـ ـ ـ ة أساس للمناقشات اللاحقة والخطوات الفورية اللازمة لتنفيذ التدابير المطلوبة لتحقيق الأهداف المشتركة .-

- الحرف الأول [ ب ] - الحرف الأخير [ ة ] - [ ب ـ ـ ـ ـ ة ] - عدد الحروف 6 -",بمثابة,يمثابة,وبمثابة
