QUESTION_TEXT,OPTION_1,OPTION_2,OPTION_3
"-ومن المصادر ا ـ ـ ـ ـ ـ ـ ة الأخرى المحتملة للشبكة مزودو المحتوى الموضوعي ، ومنهم هيئات مثل منظمة الأغذية والزراعة للأمم المتحدة فيما يتعلق بالغابات والأحراج وخدمات النظام الإيكولوجي ؛ والاتفاقات مثل اتفاقية رامسار فيما يتعلق بالنظم الإيكولوجية في الأراضي الرطبة .-

- الحرف الأول [ ا ] - الحرف الأخير [ ة ] - [ ا ـ ـ ـ ـ ـ ـ ة ] - عدد الحروف 8 -",الرئيسية,والرئيسية,الرئيسة
"-( أ ) أن يلتمس ويتلقى المعلومات عن جميع جوانب إعمال ا ـ ـ ـ  في الغذاء ، بما في ذلك الضرورة الملحة لاستئصال الجوع ، وأن يستجيب لهذه المعلومات ؛-

- الحرف الأول [ ا ] - [ ا ـ ـ ـ  ] - عدد الحروف 4 -",الحق,حق,والحق
"-غير أنه من المشجع تماما أن نرى العديد من البلدان ملتزمة بالاعتراف بالحق في الحصول على المياه ومرافق الصرف ا ـ ـ ـ ي بوصف ذلك حقا للإنسان ، وتتخذ ، مع التحلي بالإرادة السياسية المناسبة ، تدابير في الأجلين القصير والطويل للوفاء بهذه الأهداف .-

- الحرف الأول [ ا ] - الحرف الأخير [ ي ] - [ ا ـ ـ ـ ي ] - عدد الحروف 5 -",الصحي,والصحي,الصرف
"-وتشمل العوامل التي أثرت في زيادة الانبعاثات في كندا الزيادة في استهلاك الفحم لتوليد الكهرباء والزيادة في إنتاج ا ـ ـ ـ ـ د الأحفوري والزيادة في استهلاك الطاقة بغرض النقل .-

- الحرف الأول [ ا ] - الحرف الأخير [ د ] - [ ا ـ ـ ـ ـ د ] - عدد الحروف 6 -",الوقود,والوقود,وقود
"-13 - بالإضافة إلى معاهدات الاستثمار الثنائية ومعاهدات الازدواج الضريبي ، أصبحت قواعد الاستثمار الدولي تشكل جزءا متزايد الأهمية في ا ـ ـ ـ ـ ـ ـ ـ ت الثنائية والإقليمية والأقاليمية والشاملة لعدة أطراف التي تتناول الصفقات التجارية والمتصلة بالاستثمار وتسعى إلى تيسيرها ( الأونكتاد ، يصدر قريبا ، ب ) ( ) .-

- الحرف الأول [ ا ] - الحرف الأخير [ ت ] - [ ا ـ ـ ـ ـ ـ ـ ـ ت ] - عدد الحروف 9 -",الاتفاقات,والاتفاقات,اتفاقات
"-سادسا - ز ـ ـ ـ ة التنسيق على نطاق منظومة الأمم المتحدة ، بما في ذلك الفريق المعني بالإدارة البيئية-

- الحرف الأول [ ز ] - الحرف الأخير [ ة ] - [ ز ـ ـ ـ ة ] - عدد الحروف 5 -",زيادة,وزيادة,كزيادة
"-7 - 1 قبل النظر في أي ادعاء يرد في بلاغ ما ، يتعين على اللجنة المعنية بحقوق الإنسان ، أن تقرر وفقا للمادة 93 من نظامها الداخلي ، ما إذا كان البلاغ مقبولا أو غير مقبول ب ـ ـ ـ ب البروتوكول الاختياري للعهد .-

- الحرف الأول [ ب ] - الحرف الأخير [ ب ] - [ ب ـ ـ ـ ب ] - عدد الحروف 5 -",بموجب,وبموجب,فبموجب
"-3 - وفي الجلسة 25 ، المعقودة في 11 تموز / يوليه ، عقد المجلس حلقة مناقشة بشأن المساعدة ا ـ ـ ـ ـ ـ ـ ـ ة في حالات الطوارئ للمجموعات ذات الاحتياجات الخاصة اشترك فيها أعضاء الحلقة التالية أسماؤهم : المديرة التنفيذية لمؤسسة الأمم المتحدة لرعاية الطفولة ؛ ومفوض الأمم المتحدة السامي لشؤون اللاجئين ؛ وجان - دانيال توكس ، ممثلا للجنة الصليب الأحمر الدولية ؛ والمنسق المقيم / منسق الشؤون ا ـ ـ ـ ـ ـ ـ ـ ة للأمم المتحدة في أفغانستان .-

- الحرف الأول [ ا ] - الحرف الأخير [ ة ] - [ ا ـ ـ ـ ـ ـ ـ ـ ة ] - عدد الحروف 9 -",الإنسانية,والإنسانية,لإنسانية
"-التعاون من أجل ضمان وجود آليات للمسؤولية النووية تتسم بالفعالية والتماسك على الصعيدين ا ـ ـ ـ ـ ي والعالمي ، والتقيد بالصكوك الدولية المتعلقة بالمسؤولية عن الأضرار النووية حسب الاقتضاء .-

- الحرف الأول [ ا ] - الحرف الأخير [ ي ] - [ ا ـ ـ ـ ـ ي ] - عدد الحروف 6 -",الوطني,لوطني,والوطني
"-إن معاهدة ماستريخت تقدم شيئا جديدا تماما : إنها توفر دعامة حكومية دولية لمعالجة ا ـ ـ ـ ـ ـ ل الداخلية والمتعلقة بالعدالة ، ودعامة أخرى للجانب المتعلق بالسياسة الخارجية والأمنية ، تعمل بواسطة التعاون الطوعي بين الدول الأعضاء في الجماعة ، لتكون موازية لطريقة العمل الراسخة التي تتبعها الجماعة الأوروبية ، حيث تقترح اللجنة الأوروبية التدابير ، ثم يبت فيها مجلس الوزراء .-

- الحرف الأول [ ا ] - الحرف الأخير [ ل ] - [ ا ـ ـ ـ ـ ـ ل ] - عدد الحروف 7 -",المسائل,والمسائل,لمسائل
"-١١ - ووافق ا ـ ـ ـ ـ س ، طبقا للممارسة المتبعة ، على إشراك رئيسي لجنتي الدورة والمنسقين الاقليميين إشراكا تاما في عمل المكتب .-

- الحرف الأول [ ا ] - الحرف الأخير [ س ] - [ ا ـ ـ ـ ـ س ] - عدد الحروف 6 -",المجلس,والمجلس,لالمجلس
"-الشراكة الجديدة من أجل تنمية أفريقيا : التقدم المحرز في التنفيذ والدعم الدولي : أسباب النزاع في أفريقيا وتحقيق السلام ا ـ ـ ـ ـ م والتنمية المستدامة فيها-

- الحرف الأول [ ا ] - الحرف الأخير [ م ] - [ ا ـ ـ ـ ـ م ] - عدد الحروف 6 -",الدائم,والدائم,الدائمي
"-وقد وافقت الحكومة على أربعة مشاريع مع الصندوق العالمي لمكافحة الإيدز والسل والملاريا ، والتزمت بتوفير فرص الحصول على عقاقير العلاج بمضادات فيروسات النسخ العكسي ، وعلى الأدوية الحديثة لعلاج الملاريا والسل التي تتاح مجانا ل ـ ـ ـ  الوقت .-

- الحرف الأول [ ل ] - [ ل ـ ـ ـ  ] - عدد الحروف 4 -",لبعض,للعديد,لكثير
"-رابعا - تنفيذ التوصيات الواردة في تقرير مجلس مراجعي الحسابات بشأن ع ـ ـ ـ ـ ت الأمم المتحدة لحفظ السلام في فترات مالية سابقة-

- الحرف الأول [ ع ] - الحرف الأخير [ ت ] - [ ع ـ ـ ـ ـ ت ] - عدد الحروف 6 -",عمليات,فعمليات,كعمليات
"-"" ( ز ) استحداث مواد إ ـ ـ ـ ـ ـ ة ومواد توعية ونشرها ، بطريقة مناسبة للمتلقين المستهدفين ، بما في ذلك في المؤسسات التعليمية على جميع المستويات ، عن مختلف أشكال العنف المرتكب ضد المرأة وتوفير البرامج ذات الصلة التي تشمل معلومات عن أحكام القانون الجنائي ذات الصلة ووظيفة نظام العدالة الجنائية وآليات دعم الضحايا المتاحة والبرامج القائمة المتعلقة بالسلوك غير المتسم بالعنف والتسوية السلمية للنزاعات ؛-

- الحرف الأول [ إ ] - الحرف الأخير [ ة ] - [ إ ـ ـ ـ ـ ـ ة ] - عدد الحروف 7 -",إعلامية,وإعلامية,اعلامية
"-67 - و ـ ـ ـ ـ ل إحدى التحديات الرئيسية التي تواجه الحكومة في النقل المستدام للمشردين إلى مساكن دائمة .-

- الحرف الأول [ و ] - الحرف الأخير [ ل ] - [ و ـ ـ ـ ـ ل ] - عدد الحروف 6 -",وتتمثل,تتمثل,فتتمثل
"-12 - هل تعرضت المباني أو التربة في بلدكم للتلوث من جراء المعدات غير المناعة للتسرب و / أو النفايات التي تحتوي على أكثر 50 جزءا من المليون من المركبات ثنائية ا ـ ـ ـ ـ ـ ل متعدد الكلور ؟-

- الحرف الأول [ ا ] - الحرف الأخير [ ل ] - [ ا ـ ـ ـ ـ ـ ل ] - عدد الحروف 7 -",الفينيل,الفينيلين,والفينيل
"-إلا إذا كان ذلك وفقا لترخيص بموجب قانون ا ـ ـ ـ ـ ـ ة النارية أو قانون برلماني أو أنظمة وضعت في إطار قانون برلماني .-

- الحرف الأول [ ا ] - الحرف الأخير [ ة ] - [ ا ـ ـ ـ ـ ـ ة ] - عدد الحروف 7 -",الأسلحة,والأسلحة,لأسلحة
"-وإذ يؤكد من جديد أن الوضع القائم حاليا غير مقبول ، ويعرب عن قلقه لأن الأمم المتحدة ينبغي ألا تدخل في التزامات مفتوحة بخصوص حفظ ا ـ ـ ـ م ،-

- الحرف الأول [ ا ] - الحرف الأخير [ م ] - [ ا ـ ـ ـ م ] - عدد الحروف 5 -",السلم,والسلم,بالسلم
"-13 - وواصل القول إن حكومة إسبانيا ملتزمة ا ـ ـ ـ ـ ـ ا راسخا بالإسهام في رؤيا عالم خال من الأسلحة النووية ، وبالعمل صوب تعريف لتوافق الآراء يقوم على أساس خطوات ملموسة لا رجعة فيها صوب تحقيق الهدف الذي يسعى إليه الكثير من الشعوب والدول .-

- الحرف الأول [ ا ] - الحرف الأخير [ ا ] - [ ا ـ ـ ـ ـ ـ ا ] - عدد الحروف 7 -",التزاما,والتزاما,إلتزاما
