QUESTION_TEXT,OPTION_1,OPTION_2,OPTION_3
"-وقد تحولت المفاوضات المتعلقة بمكافحة الإغراق ، والإعانات والتدابير التعويضية ، بما فيها الإعانات المقدمة لمصائد ا ـ ـ ـ ـ ـ ك ، إلى النظر في إدخال تغييرات محددة على الاتفاقات ، ولكن احتمالات المبادلات الداخلية والروابط الخارجية محدودة ، وإن كانت هناك بعض الروابط مع الزراعة والوصول إلى الأسواق غير الزراعية .-

- الحرف الأول [ ا ] - الحرف الأخير [ ك ] - [ ا ـ ـ ـ ـ ـ ك ] - عدد الحروف 7 -",الأسماك,فالأسماك,والأسماك
"-وما فتئ يشير الى أن ولايات إضافية تكدس على عاتق المنظمة نتيجة للمناخ الجديد دون أن يصاحب ذلك رغبة في توفير الموارد ا ـ ـ ـ ـ ـ ة لتنفيذ تلك الولايات .-

- الحرف الأول [ ا ] - الحرف الأخير [ ة ] - [ ا ـ ـ ـ ـ ـ ة ] - عدد الحروف 7 -",الكافية,والكافية,الكافي
"-حيث تم تحقيق تخلص كامل من 213 طنا محسوبة بدالات ا ـ ـ ـ ـ ـ د الأوزون .-

- الحرف الأول [ ا ] - الحرف الأخير [ د ] - [ ا ـ ـ ـ ـ ـ د ] - عدد الحروف 7 -",استنفاد,واستنفاد,الاستنفاد
"-٣٩ - وشارك في هذا الاجتماع ممثلون عن السلك ا ـ ـ ـ ـ ـ ـ ـ ـ ي المعتمد لدى مكتب الأمم المتحدة في جنيف وأعضاء من الأمانة العامة للأمم المتحدة وممثلون عن المنظمات غير الحكومية .-

- الحرف الأول [ ا ] - الحرف الأخير [ ي ] - [ ا ـ ـ ـ ـ ـ ـ ـ ـ ي ] - عدد الحروف 10 -",الدبلوماسي,والدبلوماسي,للدبلوماسي
"-٧٨ - لتمكين الدول من إقامة الهياكل الأساسية الضرورية للوفاء بالمعايير الدولية لحقوق الإنسان ، يتولى مركز حقوق الإنسان ادارة برنامج للزمالات من أجل المتخصصين الذين يقومون بالعمل بصورة مباشرة في وظائف تؤثر على حقوق الإنسان ولاسيما في مجال إقامة ا ـ ـ ـ ل على الصعيد الوطني .-

- الحرف الأول [ ا ] - الحرف الأخير [ ل ] - [ ا ـ ـ ـ ل ] - عدد الحروف 5 -",العدل,لعدل,والعدل
"-( د ) المبادرة القطرية الإندونيسية السويسرية لتعزيز ف ـ ـ ـ ـ ة اتفاقية بازل-

- الحرف الأول [ ف ] - الحرف الأخير [ ة ] - [ ف ـ ـ ـ ـ ة ] - عدد الحروف 6 -",فعالية,ففعالية,وفعالية
"-1 - يحيط علما مع التقدير بأنشطة التعاون التقني التي تضطلع بها أ ـ ـ ـ ة الأونكتاد وبالتقارير التي تعدها للفرقة العاملة ، ويطلب إلى الأمانة إدخال المزيد من التحسينات على تقاريرها ، بما فيها المرفق الإحصائي في جملة أمور أخرى ؛-

- الحرف الأول [ أ ] - الحرف الأخير [ ة ] - [ أ ـ ـ ـ ة ] - عدد الحروف 5 -",أمانة,وأمانة,كأمانة
"-٣٧ - والاقتراح المتعلق بفاروشا ، على النحو الذي استكمل به في مناقشات نيويورك ، يقضي بأن توضع المنطقة المسورة تحت إدارة الأمم المتحدة اعتبارا من تاريخ متفق عليه ، ر ـ ـ ـ ا يتم الاتفاق على حل شامل متفق عليه بصورة مشتركة للمشكلة القبرصية .-

- الحرف الأول [ ر ] - الحرف الأخير [ ا ] - [ ر ـ ـ ـ ا ] - عدد الحروف 5 -",ريثما,وريثما,ريثم
"-وفي حين نرحب باعتراف مشروع الإعلان السياسي بأهمية حصول الجميع على الرعاية الصحية الإنجابية والجنسية ، نأسف لتفويت الفرصة أ ـ ـ ـ  معالجة البعد المتعلق بحقوق الإنسان لهذه المسألة .-

- الحرف الأول [ أ ] - [ أ ـ ـ ـ  ] - عدد الحروف 4 -",أمام,امام,أمامه
"-وستكون تلك النساء مسؤولات عن حشد الجهود في مجتمعاتهن لزيادة الوقاية وتوفير ا ـ ـ ـ ـ ـ ة والدعم في مجال الإصابة بفيروس نقص المناعة البشرية ، من خلال جلسات التعلم من الأقران غير الرسمية والأنشطة الإعلامية التي تستهدف المجموعات الضعيفة جدا في مخيمات المشردين والمناطق الحدودية وعلى امتداد طرق الشاحنات الرئيسية .-

- الحرف الأول [ ا ] - الحرف الأخير [ ة ] - [ ا ـ ـ ـ ـ ـ ة ] - عدد الحروف 7 -",الرعاية,ولرعاية,والرعاية
"-6 - يحث الأطراف المدرجة في المرفق الثاني على تيسير مشاركة الأطراف المدرجة في المرفق الأول ، التي تتحمل الالتزامات المنصوص عليها في المرفق باء وتمر بمرحلة انتقال إلى اقتصاد ا ـ ـ ـ ق ، في تنفيذ المشاريع في إطار المادة 6 ؛-

- الحرف الأول [ ا ] - الحرف الأخير [ ق ] - [ ا ـ ـ ـ ق ] - عدد الحروف 5 -",السوق,فالسوق,السوقة
"-ويركز برنامج العمل على أربعة مجالات هي : البحوث الرامية الى المساهمة في استجلاء الترابطات القائمة بين التجارة والبيئة لتعزيز التنمية المستدامة ؛ وبناء توافق الآراء ؛ وجمع وتحليل ونشر ا ـ ـ ـ ـ ـ ـ ـ ت المتعلقة بالتدابير البيئية التي قد يكون لها أثر على التجارة ؛ والمساعدة التقنية .-

- الحرف الأول [ ا ] - الحرف الأخير [ ت ] - [ ا ـ ـ ـ ـ ـ ـ ـ ت ] - عدد الحروف 9 -",المعلومات,المعلوماتى,ولمعلومات
"-1 - تمديد فترات ولاية القضاة المخصصين في المحكمة الجنائية الدولية لمحاكمة الأشخاص المسؤولين عن أعمال ا ـ ـ ـ ـ ـ ة الجماعية وغير ذلك من الانتهاكات الجسيمة للقانون الإنساني الدولي المرتكبة في إقليم رواندا والمواطنين الروانديين المسؤولين عن أعمال ا ـ ـ ـ ـ ـ ة الجماعية وغيرها من الانتهاكات المماثلة المرتكبة في أراضي الدول المجاورة بين 1 كانون الثاني / يناير و 31 كانون الأول / ديسمبر 1994 [ 156 ] :-

- الحرف الأول [ ا ] - الحرف الأخير [ ة ] - [ ا ـ ـ ـ ـ ـ ة ] - عدد الحروف 7 -",الإبادة,والإبادة,بالإبادة
"-وسأكون ممتنا لو تفضلتم بتعميم هذه الرسالة ومرفقها بوصفهما وثيقة من وثائق مجلس ا ـ ـ ـ ن .-

- الحرف الأول [ ا ] - الحرف الأخير [ ن ] - [ ا ـ ـ ـ ن ] - عدد الحروف 5 -",الأمن,والأمن,الامن
"-٣ - وبالتالي فانه بالنسبة للفترة ١٩٩٤ - ١٩٩٥ وما بعدها ، تعتزم الوحدة تركيز أنشطتها على التفتيش والتحقيق والتقييم في المجالات الرئيسية التالية : &apos; ١ &apos; مسائل التنظيم والميزانية والادارة ؛ &apos; ٢ &apos; الأنشطة التنفيذية لأغراض التنمية ؛ &apos; ٣ &apos; حفظ السلم ؛ &apos; ٤ &apos; المساعدة الانسانية ؛ &apos; ٥ &apos; ق ـ ـ ـ ا المرأة .-

- الحرف الأول [ ق ] - الحرف الأخير [ ا ] - [ ق ـ ـ ـ ا ] - عدد الحروف 5 -",قضايا,كقضايا,وقضايا
"-3 - لتعزيز شفافية السوق ، يقوم الأعضاء ، قدر الإمكان ، بتزويد المدير التنفيذي بالإحصاءات ذات الصلة في غ ـ ـ ـ  مهلة زمنية معقولة ، وبصورة مفصلة ودقيقة قدر المستطاع عمليا .-

- الحرف الأول [ غ ] - [ غ ـ ـ ـ  ] - عدد الحروف 4 -",غضون,بغضون,يغضون
"-6 - أبلغ فريق ا ـ ـ ـ ـ ـ ء المعني بأقل البلدان نموا بأنه ، في 31 آب / أغسطس 2006 ، تمت الموافقة على تمويل 44 من مقترحات برامج العمل الوطنية من جانب مرفق البيئة العالمية .-

- الحرف الأول [ ا ] - الحرف الأخير [ ء ] - [ ا ـ ـ ـ ـ ـ ء ] - عدد الحروف 7 -",الخبراء,والخبراء,لخبراء
"-وفي معرض ترحيبها بالقانون المقترح المتعلق بالمساواة في ا ـ ـ ـ ـ ق والفرص ، حثت الحكومة على تخصيص ميزانية لتثقيف المحاميات والجمهور بوجه عام فيما يتعلق بأحكام هذا القانون .-

- الحرف الأول [ ا ] - الحرف الأخير [ ق ] - [ ا ـ ـ ـ ـ ق ] - عدد الحروف 6 -",الحقوق,الحقوقى,فالحقوق
"-9 - يقرر فيما يخص مشاريع وتدابير التكيف التي تحصل على مساعدة مالية من صندوق التكيف أن تختار وفقا للمبادئ ا ـ ـ ـ ـ ـ ـ ـ ة التي يحددها مؤتمر الأطراف العامل بوصفه اجتماع الأطراف في بروتوكول كيوتو ؛-

- الحرف الأول [ ا ] - الحرف الأخير [ ة ] - [ ا ـ ـ ـ ـ ـ ـ ـ ة ] - عدد الحروف 9 -",التوجيهية,والتوجيهية,توجيهية
"-وييسر هذا النظام عملية اتخاذ القرارات فيما يتعلق ببرامج الاستثمار ا ـ ـ ـ ـ ـ ـ ة بتنظيم موارد المياه في سياق الأهداف الأخرى الاقتصادية والاجتماعية والبيئية .-

- الحرف الأول [ ا ] - الحرف الأخير [ ة ] - [ ا ـ ـ ـ ـ ـ ـ ة ] - عدد الحروف 8 -",المتعلقة,والمتعلقة,ومتعلقة
