QUESTION_TEXT,OPTION_1,OPTION_2,OPTION_3
"-41 - أما من الناحية السلبية ، فيساور وفده القلق بسبب انتشار الأسلحة النووية في السنوات الأخيرة ، وبسبب المشاكل ذات الصلة التي نشأت فيما يتعلق باستخدام الطاقة النووية في الأغراض السلمية ، فينبغي معالجة كل هذه الأمور بصورة جماعية وشفافة في إ ـ ـ ـ  معاهدة عدم الانتشار .-

- الحرف الأول [ إ ] - [ إ ـ ـ ـ  ] - عدد الحروف 4 -",إطار,اطار,الإطار
"-وبعد التناوب ، يجوز لنفس العميل الاستعانة ب ـ ـ ـ ـ ت المراجعين المستقلين من جديد بعد انقطاع مدته ثلاث سنوات .-

- الحرف الأول [ ب ] - الحرف الأخير [ ت ] - [ ب ـ ـ ـ ـ ت ] - عدد الحروف 6 -",بخدمات,وبخدمات,بخدماته
"-١٤ - تطلب الى الأمين العام أن يواصل التعريف بالبرنامج وأن يدعو بصورة دورية الدول الأعضاء والجامعات والمؤسسات الخيرية وغيرها من ا ـ ـ ـ ـ ـ ـ ت والمنظمات الوطنية والدولية المهتمة بالأمر ، وكذلك الأفراد ، لتقديم تبرعات من أجل تمويل البرنامج أو المساعدة بغير ذلك من الوسائل في تنفيذه وفي التوسع فيه إن أمكن ؛-

- الحرف الأول [ ا ] - الحرف الأخير [ ت ] - [ ا ـ ـ ـ ـ ـ ـ ت ] - عدد الحروف 8 -",المؤسسات,والمؤسسات,فالمؤسسات
"-وكان هذا هو السياق الذي أمرت فيه ا ـ ـ ـ ـ ـ ة الابتدائية قلم المحكمة بتعيين "" صديق للمحكمة "" للتحقيق فيما إذا كان هناك سبب يدعو إلى الاعتقاد بإقدام بعض أعضاء هيئة الادعاء على انتهاك حرمة المحكمة .-

- الحرف الأول [ ا ] - الحرف الأخير [ ة ] - [ ا ـ ـ ـ ـ ـ ة ] - عدد الحروف 7 -",الدائرة,والدائرة,بالدائرة
"-""ولا يجوز للبرلمان أن يعترض على طرح المبادرة الشعبية للاستفتاء , إلا اذا اعتبرت غير مقبولة لعيب في الشكل والموضوع أو لأنها تنتهك قواعد ا ـ ـ ـ ـ ـ ن الدولي العام .""-

- الحرف الأول [ ا ] - الحرف الأخير [ ن ] - [ ا ـ ـ ـ ـ ـ ن ] - عدد الحروف 7 -",القانون,فالقانون,والقانون
"-وقالت إن على المنظمة أن تعطي جميع الموظفين في جميع أنحاء المنظومة فرصة التنافس على كل وظيفة متاحة ، سواء أكانت على نفس المستوى أو على م ـ ـ ـ ى أعلى ، في نفس مقر العمل بالنسبة للموظفين المحليين وفي جميع مقار العمل بالنسبة للموظفين الدوليين .-

- الحرف الأول [ م ] - الحرف الأخير [ ى ] - [ م ـ ـ ـ ى ] - عدد الحروف 5 -",مستوى,فمستوى,لمستوى
"-`4 &apos; تعزيز وبناء ، حيثما كان ذلك مناسبا ، قدرات إقليمية تتعلق بالمعلومات ونشرها لتوفير المعلومات لصناعة خدمات الطاقة بشأن الفرص ا ـ ـ ـ ـ ـ ة في السوق ، والهياكل الأساسية لكفاءة استخدام الطاقة ، وتقديم المعلومات إلى المستهلكين بشأن فوائد التدابير المتخذة لتحقيق كفاءة استخدام الطاقة ؛-

- الحرف الأول [ ا ] - الحرف الأخير [ ة ] - [ ا ـ ـ ـ ـ ـ ة ] - عدد الحروف 7 -",المتاحة,والمتاحة,المتاح
"-42 - وقد تفاقم الانهيار في الأسعار الدولية للسلع الأساسية بفعل الانكماش الشديد في الطلب في ا ـ ـ ـ ـ ـ ـ ـ ـ ت المتقدمة وفي العديد من ا ـ ـ ـ ـ ـ ـ ـ ـ ت الناشئة ، مما أدى إلى انخفاضات شديدة في حجم التجارة الدولية في السلع الأساسية .-

- الحرف الأول [ ا ] - الحرف الأخير [ ت ] - [ ا ـ ـ ـ ـ ـ ـ ـ ـ ت ] - عدد الحروف 10 -",الاقتصادات,والاقتصادات,اقتصادات
"-٦ - يوافق كذلك على اقتراح الأمين العام الداعي الى وزع وانسحاب بعثة الأمم المتحدة للمساعدة في رواندا على مراحل ، ويلاحظ ، في هذا الصدد ، أن ولاية البعثة ، في حالة تمديدها ، يتوقع لها أن تنتهي عقب إجراء الانتخابات الوطنية وإقامة حكومة ج ـ ـ ـ ة في رواندا ، وهما الحدثان المقرر إجراؤهما بحلول تشرين الأول / اكتوبر ١٩٩٥ ، وفي موعد لا يتجاوز كانون الأول / ديسمبر ١٩٩٥ ؛-

- الحرف الأول [ ج ] - الحرف الأخير [ ة ] - [ ج ـ ـ ـ ة ] - عدد الحروف 5 -",جديدة,وجديدة,بجديدة
"-ويشمل ذلك ، في جملة أمور ، المصروفات المالية لحضور حلقات العمل والحلقات ا ـ ـ ـ ـ ـ ـ ة والمؤتمرات والدورات الجامعية وإيفاد مستشارين تقنيين للتدريب في الموقع .-

- الحرف الأول [ ا ] - الحرف الأخير [ ة ] - [ ا ـ ـ ـ ـ ـ ـ ة ] - عدد الحروف 8 -",الدراسية,والدراسية,الدراسيه
"-4 - واليوم ، وبذريعة أن أحد الطرفين رفض الخطط التي وضعتها الأمم المتحدة ، أو التي تفاوض بشأنها طرفا الصراع ، تحت رعاية الأمم المتحدة ، وأقرها على النحو ا ـ ـ ـ ـ ب مجلس الأمن ، تعتزم الأمم المتحدة أن تنأى بنفسها عن عملية تسوية مسألة تتعلق بإنهاء الاستعمار ، تتحمل الأمم المتحدة المسؤولية السياسية والقانونية والأخلاقية حيال الوصول بها إلى خاتمة ناجحة .-

- الحرف الأول [ ا ] - الحرف الأخير [ ب ] - [ ا ـ ـ ـ ـ ب ] - عدد الحروف 6 -",الواجب,والواجب,لواجب
"-( ب ) وينبغي اتخاذ قرارات تسهم في تهيئة الظروف الصحيحة لحفز استثمارات القطاع الخاص في الاقتصاد ا ـ ـ ـ ـ ر في البلدان النامية والبلدان التي تمر اقتصاداتها بمرحلة انتقال ؛-

- الحرف الأول [ ا ] - الحرف الأخير [ ر ] - [ ا ـ ـ ـ ـ ر ] - عدد الحروف 6 -",الأخضر,اللأخضر,والأخضر
"-واستنادا إلى الكميات الموضحة في الجدول 2 - 2 ونسبة الفقد التي تبلغ 3 . 9 في المائة فإنه يمكن تقدير الكمية التي تدخل إلى البيئة من الاثير خماسي ا ـ ـ ـ ـ م ثنائي الفينيل بهذه الطريقة بنحو 585 - 1035 طن كل عام .-

- الحرف الأول [ ا ] - الحرف الأخير [ م ] - [ ا ـ ـ ـ ـ م ] - عدد الحروف 6 -",البروم,البروميد,البرومي
"-54 - واصل الفريق المعني بسلوك الموظفين وانضباطهم في البعثة تركيزه على وضع استراتيجيات لمنع كافة أشكال سوء السلوك من قبل موظفي الأمم المتحدة وتحديدها والإبلاغ عنها والتصدي لها بشكل ف ـ ـ ـ  .-

- الحرف الأول [ ف ] - [ ف ـ ـ ـ  ] - عدد الحروف 4 -",فعال,وفعال,فعالة
"-( أ ) مشروع خطاب يدعو الأطراف والمراقبين إلى تقديم ا ـ ـ ـ ـ ـ ـ ـ ت المحددة في المرفق واو ، طبقا للمادة 8 من اتفاقية استكهولم ( يرد بالمرفق الأول لهذه المذكرة ) ؛-

- الحرف الأول [ ا ] - الحرف الأخير [ ت ] - [ ا ـ ـ ـ ـ ـ ـ ـ ت ] - عدد الحروف 9 -",المعلومات,المعلوماتى,ولمعلومات
"-وقد حثت اللجنة ، الحكومات ، في الفقرة ١ من الجزء "" رابعا "" من قرارها ٣٧ / ٧ ، على بدء الأعمال التحضيرية لإعداد تقاريرها الوطنية في أقرب و ـ ـ  ممكن ، وعلى ضمان تقديم تلك التقارير إلى المؤتمرات الإقليمية في حينها لكي تستخدم كإسهامات في عملية استعراض الاستراتيجيات وتقييمها على الصعيد الإقليمي .-

- الحرف الأول [ و ] - [ و ـ ـ  ] - عدد الحروف 3 -",وقت,لاحق,مبكر
"-المشاورات غير ا ـ ـ ـ ـ ـ ة المفتوحة بشأن مشروع القرار المقدم في إطار البند 39 من جدول الأعمال ( نحو إقامة شراكات عالمية ) ، التي ينظمها وفد بلجيكا ( باسم الاتحاد الأوروبي ) ، ستعقد اليوم ، 1 تشرين الثاني / نوفمبر ، الساعة 15 / 13 إلى الساعة 45 / 14 ، في غرفة الاجتماعات D . وجميع الوفود المهتمة مدعوة للحضور .-

- الحرف الأول [ ا ] - الحرف الأخير [ ة ] - [ ا ـ ـ ـ ـ ـ ة ] - عدد الحروف 7 -",الرسمية,والرسمية,الرسمي
"-وتقول منظمة العفو الدولية : "" إن التعذيب يمارس بشكل منتظم في جامو و ـ ـ ـ ـ ر "" .-

- الحرف الأول [ و ] - الحرف الأخير [ ر ] - [ و ـ ـ ـ ـ ر ] - عدد الحروف 6 -",وكشمير,بكشمير,لكشمير
"-وفي هذا الخصوص ، تعرب اللجنة الخاصة عن قلقها إزاء أوجه القصور التي تعاني منها غالبية البعثات في مجال الترفيه والاستجمام ، على حد ما جاء في تقرير الأمين العام عن احتياجات الترفيه والاستجمام لجميع ف ـ ـ ـ  الموظفين وتفاصيل الآثار المترتبة عليها ( A / 63 / 675 و Corr . 1 ) ، وهي تتطلع إلى أن تنظر اللجنة الخامسة في هذا التقرير وما جاء فيه من ت وصيات .-

- الحرف الأول [ ف ] - [ ف ـ ـ ـ  ] - عدد الحروف 4 -",فئات,وفئات,الفئات
"-2 - تهيب بإسرائيل أن تقبل بانطباق اتفاقية جنيف ا ـ ـ ـ ـ ـ ـ ة بحماية المدنيين وقت الحرب ، المعقودة في 12 آب / أغسطس 1949 ( 1 ) بحكم القانون على الأرض الفلسطينية المحتلة ، بما فيها القدس ، وعلى الجولان السوري المحتل ، وأن تلتزم بدقة بأحكام الاتفاقية ، وخاصة المادة 49 منها ؛-

- الحرف الأول [ ا ] - الحرف الأخير [ ة ] - [ ا ـ ـ ـ ـ ـ ـ ة ] - عدد الحروف 8 -",المتعلقة,والمتعلقة,ومتعلقة
