QUESTION_TEXT,OPTION_1,OPTION_2,OPTION_3
"-وأشعر أيضا بالقلق الشديد إزاء ا ـ ـ ـ ف بين الجماعات المختلفة في دارفور ، والذي أدى إلى وقوع أكبر عدد من الخسائر في الأرواح في أي فترة تقرير منذ نشأة العملية المختلطة .-

- الحرف الأول [ ا ] - الحرف الأخير [ ف ] - [ ا ـ ـ ـ ف ] - عدد الحروف 5 -",العنف,لعنف,والعنف
"-197 - تلاحظ اللجنة ب ـ ـ ـ ـ ـ ح أنه تم التوقيع على اتفاقين لوقف العمليات الحربية بين الحكومة ومختلف مجموعات الميليشيات في تشرين الثاني / نوفمبر وكانون الأول / ديسمبر 1999 ، ومن ثم فإن اللجنة تعرب عن أملها أن تؤدي عملية المصالحة الوطنية التي شرع فيها إلى تحقيق الاستقرار السياسي والاجتماعي وإتاحة التوصل إلى قدر أكبر من الاحترام للحقوق الاقتصادية والاجتماعية والثقافية .-

- الحرف الأول [ ب ] - الحرف الأخير [ ح ] - [ ب ـ ـ ـ ـ ـ ح ] - عدد الحروف 7 -",بارتياح,ارتياح,وارتياح
"-قد يعتقد الكثير من أبناء الأقليات أو جماعات السكان الأصليين خطأ أن الإجراء الخاص بالبلاغات في إطار الاتفاقية الدولية للقضاء على جميع أشكال التمييز العنصري هو سبيل انتصاف متاح فقط للأشخاص ا ـ ـ ـ ـ ـ ـ ن إلى مجموعة عرقية تتعرض لممارسات التمييز العنصري .-

- الحرف الأول [ ا ] - الحرف الأخير [ ن ] - [ ا ـ ـ ـ ـ ـ ـ ن ] - عدد الحروف 8 -",المنتمين,والمنتمين,منتمين
"-نود إبلاغ المتكلمين في مجلس الأمن أن تقديم نسخ مسبقة من البيانات المعدة التي يعتزمون الإدلاء بها أمام المجلس ييسر كثيرا عمل ا ـ ـ ـ ـ ـ ة العامة حيث يتيح لها توزيع عدد كاف من النسخ على جميع المشاركين في الجلسة ويمكن المترجمين الشفويين ومدوني المحاضر الحرفية والعاملين بالصحافة من الحفاظ على جودة المادة التي يقدمونها .-

- الحرف الأول [ ا ] - الحرف الأخير [ ة ] - [ ا ـ ـ ـ ـ ـ ة ] - عدد الحروف 7 -",الأمانة,والأمانة,بالأمانة
"-وقد اتجهت الآراء إلى ضرورة ا ـ ـ ـ ذ تدابير على الصعيد الإقليمي وأصبح الكلورديكون محظورا تماما بموجب الاتفاقية المعنية ببروتوكول انتقال التلوث الجوي عبر الحدود للملوثات العضوية الثابتة .-

- الحرف الأول [ ا ] - الحرف الأخير [ ذ ] - [ ا ـ ـ ـ ذ ] - عدد الحروف 5 -",اتخاذ,كاتخاذ,إتخاذ
"-وقد غدا ذلك واضحا على نحو خاص في تصدع العلاقات الاقتصادية التي كانت مستقرة منذ زمن في اتحاد الجمهوريات الاشتراكية السوفياتية السابقة ، الأمر الذي أدى الى تناقص حاد في مستويات انتاج جميع القطاعات الاقتصادية الرئيسية مما أدى ذلك بدوره الى انخفاض مستوى ا ـ ـ ـ ـ ـ ة .-

- الحرف الأول [ ا ] - الحرف الأخير [ ة ] - [ ا ـ ـ ـ ـ ـ ة ] - عدد الحروف 7 -",المعيشة,والمعيشة,لمعيشة
"-١١ - تطلب إلى الأمين العام ، آخذا في اعتباره تقرير اللجنة الاستشارية لشؤون الادارة والميزانية ) ٧ ( ، أن يدرج في التقرير المطلوب في مقررها ٧٤ / ٤٥٤ المؤرخ ٣٢ كانون الأول / ديسمبر ٢٩٩١ والذي سيقدم إلى الجمعية العامة في دورتها التاسعة والأربعين مقترحات تتعلق بإجراءات اختيار المفتشين ، بغية تحسين ع ـ ـ ـ ة الاختيار ، مع إيلاء الاعتبار الواجب لمبدأ التوزيع الجغرافي العادل ) ١٠ ( ؛-

- الحرف الأول [ ع ] - الحرف الأخير [ ة ] - [ ع ـ ـ ـ ة ] - عدد الحروف 5 -",عملية,هوعملية,وعملية
"-"" ويعيد المجلس تأكيد السيادة والسلامة الإقليمية لجمهورية أذربيجان ولجميع الدول الأخرى في المنطقة وحرمة حدودها ، ويعرب عن بالغ ق ـ ـ ـ  إزاء ما كان لهذه الأعمال العدائية من أثر على الجهود التي تبذلها مجموعة مينسك التابعة لمؤتمر الأمن والتعاون في أوروبا من أجل التوصل الى حل سلمي للنزاع .-

- الحرف الأول [ ق ] - [ ق ـ ـ ـ  ] - عدد الحروف 4 -",قلقه,يقلقه,وقلقه
"-وعلى النحو المشار إليه في التقارير السابقة ، فإن القانون رقم 798 17 ينص على عقوبات على جميع التصرفات التي تنتهكه ، والتي تتراوح ، حسب خطورة الجريمة والظروف التي ارتكبت فيها ، من عقوبات مالية إلى ا ـ ـ ـ ن مدى الحياة للجرائم المرتكبة في وقت الحرب .-

- الحرف الأول [ ا ] - الحرف الأخير [ ن ] - [ ا ـ ـ ـ ن ] - عدد الحروف 5 -",السجن,فالسجن,سجن
"-السيد باولو سيرجيو بينهيرو ( المقرر الخاص المعني بحالة حقوق الإنسان في ميانمار ) ؛ والسيد فيتيت مونتاربورن ( المقرر الخاص المعني بحالة حقوق الإنسان في جمهورية كوريا الشعبية الديمقراطية ) ؛ والسيدة سيما سمر ( المقررة الخاصة ا ـ ـ ـ ـ ـ ة بحالة حقوق الإنسان في السودان )-

- الحرف الأول [ ا ] - الحرف الأخير [ ة ] - [ ا ـ ـ ـ ـ ـ ة ] - عدد الحروف 7 -",المعنية,والمعنية,المعنين
"-49 - وبناء على طلب الهيئة الفرعية للمشورة العلمية والتكنولوجية ، أعد البرنامج تقريرا عن حلقة العمل المتعلقة بالخيارات المبتكرة لتمويل تطوير ونقل التكنولوجيات ، المعقودة في تشرين الأول / أكتوبر 2005 في بون ، وتقريرا توليفيا عن المتطلبات التكنولوجية المحددة في 23 تقريرا مكتملا عن تقييم الاحتياجات التكنولوجية و25 بلاغا وطنيا مقدمة من أطراف غير مدرجة بالمرفق الأول ، وورقة تقنية تتعلق بتطبيقات التكنولوجيات السليمة ب ـ ـ ـ ا من أجل التكيف مع تغير المناخ .-

- الحرف الأول [ ب ] - الحرف الأخير [ ا ] - [ ب ـ ـ ـ ا ] - عدد الحروف 5 -",بيئيا,وبيئيا,بيئية
"-إضافة إلى ذلك ، استخدمت اليونيفيل 390 م ـ ـ ـ ا مدنيا ، من بينهم 100 موظف دولي و 290 م ـ ـ ـ ا محليا .-

- الحرف الأول [ م ] - الحرف الأخير [ ا ] - [ م ـ ـ ـ ا ] - عدد الحروف 5 -",موظفا,وموظفا,موظفان
"-439 - قبل غزو العراق واحتلاله ل ـ ـ ـ ـ ت ، كانت البلدية تكسب دخلا من إيجار خمسة مسالخ .-

- الحرف الأول [ ل ] - الحرف الأخير [ ت ] - [ ل ـ ـ ـ ـ ت ] - عدد الحروف 6 -",للكويت,الكويت,للعراق
"-( م ) تنفذ نظام إدارة ا ـ ـ ـ ن بالأمم المتحدة داخل إدارة عمليات حفظ السلام في المقر وفي العمليات التي تقودها الإدارة .-

- الحرف الأول [ ا ] - الحرف الأخير [ ن ] - [ ا ـ ـ ـ ن ] - عدد الحروف 5 -",الأمن,والأمن,الامن
"-ففي المغرب ا ـ ـ ـ ـ ي ، ورغم جهود متواصلة منذ زهاء خمس سنوات من أجل إرساء صرح هذا التجمع الواعد بالعزة والرخاء لشعوب المنطقة ، حيث تجلى ذلك في قمة نواكشوط المنعقدة في تشرين الثاني / نوفمبر ١٩٩٢ التي تمخضت عن نتائج هامة وعملية ، لا تزال هناك قضيتان تشغلان بال قادتنا وشعوبنا .-

- الحرف الأول [ ا ] - الحرف الأخير [ ي ] - [ ا ـ ـ ـ ـ ي ] - عدد الحروف 6 -",العربي,العربيالخليج,فالعربي
"-وسيتعين علينا أيضا أن ندربهم وأن نجد لهم في أنحاء البلاد أعمالا توفيهم أجورهم مما يسهل عملية إ ـ ـ ـ ة دمجهم الاجتماعي والاقتصادي .-

- الحرف الأول [ إ ] - الحرف الأخير [ ة ] - [ إ ـ ـ ـ ة ] - عدد الحروف 5 -",إعادة,إعاد,وإعادة
"-"" يمكن للجنة أن تقترح على الطرفين أن يعينا خبراء استشاريين للاستعانة بهم في النظر في الجوانب ا ـ ـ ـ ـ ـ ة للنزاع .-

- الحرف الأول [ ا ] - الحرف الأخير [ ة ] - [ ا ـ ـ ـ ـ ـ ة ] - عدد الحروف 7 -",التقنية,فالتقنية,بالتقنية
"-62 - ونؤكد مجددا أنه ينبغي للحكومات والسلطات المحلية والجهات الشريكة الأخرى في جدول أعمال الموئل أن ترصد وتقيم أداءها بصورة منتظمة ، وأن تقوم الحكومات على جميع المستويات ، عند تنفيذها لجدول أعمال الموئل ، بتحديد ونشر أ ـ ـ ـ  الممارسات وتطبيق مؤشرات تنمية المأوى والمستوطنات البشرية .-

- الحرف الأول [ أ ] - [ أ ـ ـ ـ  ] - عدد الحروف 4 -",أفضل,وأفضل,وكأفضل
"-- حث الدول وكيانات الأمم المتحدة والمنظمات الإقليمية ودون الإقليمية والأطراف الأخرى المعنية على ضمان ز ـ ـ ـ ة تمثيل المرأة على جميع مستويات صنع القرار في المؤسسات والآليات الوطنية والإقليمية والدولية لمنع نشوب النزاعات وإدارتها وحلها .-

- الحرف الأول [ ز ] - الحرف الأخير [ ة ] - [ ز ـ ـ ـ ة ] - عدد الحروف 5 -",زيادة,وزيادة,كزيادة
"-وبهذه المناسبة ، رفضت محكمة مراجعة ا ـ ـ ـ ـ ـ م الخاصة باللاجئين ، مرة أخرى ، السماح لصاحبة البلاغ بالحصول على المعلومات المطلوبة .-

- الحرف الأول [ ا ] - الحرف الأخير [ م ] - [ ا ـ ـ ـ ـ ـ م ] - عدد الحروف 7 -",الأحكام,فالأحكام,والأحكام
