QUESTION_TEXT,OPTION_1,OPTION_2,OPTION_3
"-افتتاح معرض للصور بعنوان "" جمال الصحارى وتحدي التصحر "" بمناسبة السنة الدولية للصحارى والتصحر ، 2006 ( تنظمه أمانة اتفاقية الأمم المتحدة لمكافحة التصحر بدعم من وزارة البيئة الإيطالية والصندوق ا ـ ـ ـ ـ ي للتنمية الزراعية )-

- الحرف الأول [ ا ] - الحرف الأخير [ ي ] - [ ا ـ ـ ـ ـ ي ] - عدد الحروف 6 -",الدولي,كمالدولي,الدوليب
"-[ 9 مكرر - يطلب إلى فريق ا ـ ـ ـ ـ ـ ـ ـ ـ ـ ا والتقييم الاقتصادي رصد التطورات في أسواق الكربون الطوعية وتقديم تقارير [ بصورة مرحلية ] إلى الفريق العامل المفتوح العضوية في اجتماعه الحادي والثلاثين وتقدير استقرار هذه الأسواق ، وإمكانية التنبؤ بها [ وسلامتها البيئية ] والقدرة على توفير تدفق مستدام للموارد على المشروعات الجديدة لتدمير المواد المستنفدة للأوزون ؛ ]-

- الحرف الأول [ ا ] - الحرف الأخير [ ا ] - [ ا ـ ـ ـ ـ ـ ـ ـ ـ ـ ا ] - عدد الحروف 11 -",التكنولوجيا,فالتكنولوجيا,كتكنولوجيا
"-٣٥ - ونظرا إلى أهمية الآثار الإنسانية المترتبة على عمليات تسريح العسكريين ، يجري حاليا بذل جهود متضافرة لتحديد العوامل التي ستحسن التخطيط و ـ ـ ـ ـ ـ ـ ق بوجه عام .-

- الحرف الأول [ و ] - الحرف الأخير [ ق ] - [ و ـ ـ ـ ـ ـ ـ ق ] - عدد الحروف 8 -",والتنسيق,وبالتنسيق,التنسيق
"-8 - يحظر الأمر المتعلق بالنقل العابر للبنود ذات الاستخدام المزدوج القادمة من بلدان خارج الجماعة الأوروبية المدرجة في المرفق الأول للائحة إذا كانت البنود مخصصة أو يمكن أن تخصص لاستخدامات لها علاقة بأسلحة ا ـ ـ ـ ـ ر الشامل أو الصواريخ القادرة على إيصال تلك الأسلحة .-

- الحرف الأول [ ا ] - الحرف الأخير [ ر ] - [ ا ـ ـ ـ ـ ر ] - عدد الحروف 6 -",الدمار,والدمار,بالدمار
"-8 - وتتراوح الفترة المتوخاة لتنفيذ ا ـ ـ ـ ق بون بين سنتين وثلاث سنوات ، ومن المنتظر أن تنتهي بإنشاء حكومة متكاملة يختارها مجمل الناخبون الأفغان بحرية .-

- الحرف الأول [ ا ] - الحرف الأخير [ ق ] - [ ا ـ ـ ـ ق ] - عدد الحروف 5 -",اتفاق,كاتفاق,اتفاقة
"-وبناء عليه ، ستقترح بعثة الأمم المتحدة للإدارة المؤقتة في كوسوفو العمل على إدراج القدرة الذاتية لتلك الخدمات بصورة اعتيادية في الميزانية ا ـ ـ ـ ـ ـ ـ ة للفترة 2012 - 2013 ؛-

- الحرف الأول [ ا ] - الحرف الأخير [ ة ] - [ ا ـ ـ ـ ـ ـ ـ ة ] - عدد الحروف 8 -",المقترحة,والمقترحة,المقترح
"-رسالة مؤرخة 14 آب / أغسطس 2006 موجهة إلى الأمين العام من ا ـ ـ ـ ـ ـ ة الدائمة لفنلندا لدى الأمم المتحدة-

- الحرف الأول [ ا ] - الحرف الأخير [ ة ] - [ ا ـ ـ ـ ـ ـ ة ] - عدد الحروف 7 -",الممثلة,فالممثلة,والممثلة
"-وقد يرغب اجتماع الخبراء في أن يأذن للمقرر ، بأن يعد ، تحت إشراف الرئيس ، ا ـ ـ ـ ـ ـ ر النهائي بعد اختتام الاجتماع .-

- الحرف الأول [ ا ] - الحرف الأخير [ ر ] - [ ا ـ ـ ـ ـ ـ ر ] - عدد الحروف 7 -",التقرير,والتقرير,التقريري
"-٤٣١ - باشرت اللجنة نظرها في الفوائد العرضية ل ـ ـ ـ ـ ـ ـ ـ ـ ا الفضاء ، وفقا للفقرة ٨٣ من قرار الجمعية العامة ٨٤ / ٩٣ .-

- الحرف الأول [ ل ] - الحرف الأخير [ ا ] - [ ل ـ ـ ـ ـ ـ ـ ـ ـ ا ] - عدد الحروف 10 -",لتكنولوجيا,كتكنولوجيا,فالتكنولوجيا
"-الأنشطة الموازية - الاجتماع الرفيع المستوى ب ـ ـ ـ  استعراض منتصف المدة لتنفيذ برنامج العمل لصالح أقل البلدان نموا في العقد 2001 - 2010-

- الحرف الأول [ ب ] - [ ب ـ ـ ـ  ] - عدد الحروف 4 -",بشأن,وبشأن,بشأنه
"-فريق الخبراء المخصص المفتوح باب العضوية المكلف بالنظر في و ـ ـ  صك غير ملزم قانونا بشأن جميع أنواع الغابات-

- الحرف الأول [ و ] - [ و ـ ـ  ] - عدد الحروف 3 -",وضع,ووضع,بوضع
"-علاوة على ذلك ، ستقدم اللجنة تقريرا إلى مجلس الأمن ، استنادا إلى ا ـ ـ ـ ـ ـ ـ ر الواردة من الدول الأعضاء ، عن كيفية تنفيذ الدول للقرار 1624 ( 2005 ) .-

- الحرف الأول [ ا ] - الحرف الأخير [ ر ] - [ ا ـ ـ ـ ـ ـ ـ ر ] - عدد الحروف 8 -",التقارير,والتقارير,تقارير
"-- قامت إدارة الخزانة بوزارة الاقتصاد والمالية والصناعة بفرنسا ، وهي السلطة الفرنسية المكلفة بتنفيذ الجزاءات المالية ، بإبلاغ الرابطة الفرنسية للمصارف وكذلك ع ـ ـ ـ  الناس بالتطورات الحاصلة في اللوائح الأوروبية .-

- الحرف الأول [ ع ] - [ ع ـ ـ ـ  ] - عدد الحروف 4 -",عامة,بصفة,عامة تقع
"-وأشار إلى أن أحد مواطن القوة لدى اليونيدو يكمن في المشورة بشأن ا ـ ـ ـ ـ ـ ة العامة في الميدان ، التي تسديها إلى الحكومات ، ومن ثم فإن بلده يؤيد تماما التركيز على الإنجاز في تقديم الخدمات .-

- الحرف الأول [ ا ] - الحرف الأخير [ ة ] - [ ا ـ ـ ـ ـ ـ ة ] - عدد الحروف 7 -",السياسة,فالسياسة,والسياسة
"-36 - وسينفذ هذا العنصر بالتعاون مع الهيئة الوطنية لمكافحة فيروس نقص المناعة البشرية / الإيدز التي يرأسها وزير الصحة ، والتي تضم المؤسسات الحكومية والمنظمات غير الحكومية ذات الصلة ، وبشراكة وثيقة مع صندوق الأمم المتحدة ل ـ ـ ـ ـ ن ومنظمة الصحة العالمية .-

- الحرف الأول [ ل ] - الحرف الأخير [ ن ] - [ ل ـ ـ ـ ـ ن ] - عدد الحروف 6 -",للسكان,وللسكان,لسكان
"-بناء علي مبدأ التعاقب الجغرافي الوارد في المادة 12 ، الفقرة 2 من النظام الداخلي للجنة ، ينبغي علي المجموعات الاقليمية التالية أن تقدم مرشحين للمناصب قدر النظر في ا ـ ـ ـ ـ ة الثامنة عشرة للجنة :-

- الحرف الأول [ ا ] - الحرف الأخير [ ة ] - [ ا ـ ـ ـ ـ ة ] - عدد الحروف 6 -",الدورة,والدورة,بالدورة
"-٠٦ - شهدت العقود الأخيرة انخفاضا في متوسط معدل الوفيات وارتفاعا في متوسط العمر ا ـ ـ ـ ـ ـ ع في البلدان النامية .-

- الحرف الأول [ ا ] - الحرف الأخير [ ع ] - [ ا ـ ـ ـ ـ ـ ع ] - عدد الحروف 7 -",المتوقع,والمتوقع,المتوقعه
"-٣٤ - وفي سياق إعادة تشكيل ا ـ ـ ـ ـ ع الصناعي ، يصبح الاستثمار الأجنبي عاملا حاسما لعدد من الأسباب .-

- الحرف الأول [ ا ] - الحرف الأخير [ ع ] - [ ا ـ ـ ـ ـ ع ] - عدد الحروف 6 -",القطاع,فالقطاع,والقطاع
"-١٠٦ - وتسهم منظمة الأغذية والزراعة مساهمة فعالة في أعمال مختلف الأفرقة العاملة التابعة للفريق الحكومي الدولي المعني بتغير المناخ وتتعاون تعاونا وثيقا مع المنظمة العالمية للأرصاد الجوية في تنظيم الاجتماع الحكومي الدولي ل ـ ـ ـ ـ ـ ـ ج العالمي لتغير المناخ .-

- الحرف الأول [ ل ] - الحرف الأخير [ ج ] - [ ل ـ ـ ـ ـ ـ ـ ج ] - عدد الحروف 8 -",للبرنامج,وللبرنامج,لبرنامج
"-وينبغي اتخاذ إجراء لتعزيز الضمانات النووية التي وضعتها الوكالة الدولية للطاقة الذرية ونظام التحقق ، بما في ذلك تعميم الطابع العالمي على نظام البروتوكول الإضافي ، على النحو المتوخى في مؤتمر قمة الأمن ا ـ ـ ـ ـ ي في واشنطن .-

- الحرف الأول [ ا ] - الحرف الأخير [ ي ] - [ ا ـ ـ ـ ـ ي ] - عدد الحروف 6 -",النووي,النووين,النوويه
