QUESTION_TEXT,OPTION_1,OPTION_2,OPTION_3
"-21 - سوف يعمل المركز المعني بمنع الاجرام الدولي ، بالتعاون مع سائر المنظمات الدولية والاقليمية ذات الصلة ، حسبما يكون مناسبا ، ووفقا لقرار ا ـ ـ ـ ـ ـ ة العامة 56 / . . . ، على استحداث أنشطة للتعاون التقني ترمي إلى منع ومكافحة غسل الأموال ، بغية تقديم المساعدة الى الدول الطالبة لأجل تنفيذ هذه الأنشطة .-

- الحرف الأول [ ا ] - الحرف الأخير [ ة ] - [ ا ـ ـ ـ ـ ـ ة ] - عدد الحروف 7 -",الجمعية,في الجمعية,فالجمعية
"-- كيفية م ـ ـ ـ ـ ة التعاون على نحو أكثر ترشيدا وفعالية بين الأمم المتحدة والمنظمات الإقليمية والمنظمات الحكومية الدولية الأخرى ، بما في ذلك على وجه الخصوص ، تعزيز المشاورات وتبادل المعلومات بين مجلس الأمن وهذه المنظمات .-

- الحرف الأول [ م ] - الحرف الأخير [ ة ] - [ م ـ ـ ـ ـ ة ] - عدد الحروف 6 -",مواصلة,ومواصلة,مواصل
"-"" حالة العهد الدولي الخاص ب ـ ـ ـ ـ ـ ق الاقتصادية والاجتماعية والثقافية ، والتحفظات والإعلانات والاعتراضات بموجب العهد ""-

- الحرف الأول [ ب ] - الحرف الأخير [ ق ] - [ ب ـ ـ ـ ـ ـ ق ] - عدد الحروف 7 -",بالحقوق,والحقوق,فالحقوق
"-فلنحيي ذكرى ضحايا تجارة الرقيق عبر المحيط ا ـ ـ ـ ـ ـ ي بالتعهد بتعزيز جهودنا لمكافحة الرق العصري بجميع أشكاله .-

- الحرف الأول [ ا ] - الحرف الأخير [ ي ] - [ ا ـ ـ ـ ـ ـ ي ] - عدد الحروف 7 -",الأطلسي,والأطلسي,بالأطلسي
"-٣٦ - ومضى قائلا إن جمهورية تنزانيا المتحدة اعتمدت في كانون الثاني / يناير ١٩٩٢ سياسة سكانية وطنية ، منحت فيها الأولوية إلى تثقيف السكان بشأن عواقب النمو السكاني السريع ، بهدف تحسين نوعية القوى العاملة وقدرة السكان على تعزيز تنميتهم الذاتية وحماية ا ـ ـ ـ ـ ة وتحسين الرعاية الصحية والاجتماعية للسكان ، لا سيما النساء والأطفال منهم .-

- الحرف الأول [ ا ] - الحرف الأخير [ ة ] - [ ا ـ ـ ـ ـ ة ] - عدد الحروف 6 -",البيئة,البيئ,والبيئة
"-٤ - تطلب من الأمين العام أن يوفر من خلال ، مركز حقوق الإنسان ، بناء على طلب الحكومات ا ـ ـ ـ ـ ـ ة وكجزء من برنامج مركز الخدمات الاستشارية والمساعدة التقنية ، الخبرة الفنية المؤهلة بشأن قضايا الأقليات وحقوق الإنسان وبشأن منع المنازعات وحلها ، وذلك للمساعدة في الحالات القائمة أو المحتمل نشوؤها والمتعلقة بالأقليات ؛-

- الحرف الأول [ ا ] - الحرف الأخير [ ة ] - [ ا ـ ـ ـ ـ ـ ة ] - عدد الحروف 7 -",المعنية,والمعنية,المعنين
"-أطلعنا بدهشة واستغراب كبيرين على تقريركم المقدم إلى مجلس الأمن في 15 آب / أغسطس 2001 ( الوثيقة ( S / 2001 / 796 والذي قدم صورة غير صحيحة عن موضوع المفقودين ، وأكد ، من جديد ، استنتاجاتنا عما تتخذه دوائر ا ـ ـ ـ ـ ـ ة العامة للأمم المتحدة من إجراءات غير نزيهة وما يتخذه مجلس الأمن من سياسات غير موضوعية ومتحيزة عند تعاملهم مع العراق وذلك بضغط من الولايات المتحدة وبريطانيا .-

- الحرف الأول [ ا ] - الحرف الأخير [ ة ] - [ ا ـ ـ ـ ـ ـ ة ] - عدد الحروف 7 -",الأمانة,والأمانة,بالأمانة
"-35 - وهناك شركات مثل شركة BASF ( ألمانيا ) وSyngenta ( سويسرا ) أقامت شراكات مع بعض البلدان النامية فيما يتعلق ب ـ ـ ـ ـ ة البحث والتطوير في المجال الزراعي ( ) .-

- الحرف الأول [ ب ] - الحرف الأخير [ ة ] - [ ب ـ ـ ـ ـ ة ] - عدد الحروف 6 -",بأنشطة,بأنشطه,كأنشطة
"-76 - وبفضل وجود المنشآت ا ـ ـ ـ ـ ـ ـ ة آنفا ، تمكن الاتحاد الأوروبي والولايات المتحدة منذ عام 1993 ، من تدمير 603 114 و278 38 طنا من المواد المستنفدة للأوزون ، على التوالي .-

- الحرف الأول [ ا ] - الحرف الأخير [ ة ] - [ ا ـ ـ ـ ـ ـ ـ ة ] - عدد الحروف 8 -",المذكورة,والمذكورة,المذكور
"-( أ ) عن شكرها للحكومات الكثيرة التي تعاونت مع الفريق العامل وردت على طلباته الحصول على معلومات ، وكذلك للحكومات التي دعت الفريق العامل إلى زيارة بلدانها ، وتطلب إليها أن تولي توصيات الفريق العامل كل الاهتمام ا ـ ـ ـ ـ م ، وتدعوها إلى إبلاغه بكل ما تتخذه من إجراءات لتنفيذ هذه التوصيات ؛-

- الحرف الأول [ ا ] - الحرف الأخير [ م ] - [ ا ـ ـ ـ ـ م ] - عدد الحروف 6 -",اللازم,واللازم,اللازمة
"-وتقدر الولايات المتحدة تقديرا بالغا عمل الجمعية العامة وتؤمن بأن رئيسها يؤدي دورا قياديا هاما بصورة خاصة في خضم جهودنا المتواصلة لجعل الجمعية هيئة أوثق صلة بالواقع و ـ ـ ـ ر فعالية في التصدي للتحديات العالمية .-

- الحرف الأول [ و ] - الحرف الأخير [ ر ] - [ و ـ ـ ـ ر ] - عدد الحروف 5 -",وأكثر,أوأكثر,أكثر
"-ولا توجد جامعة عامة في لختنشتاين . غير أنه يكفل للسكان تعليم عال من خلال روابط وثيقة مع النظام التعليمي للبلدان المجاورة ، خاصة مع النظام التعليمي السويسري ونظرا لارتباط لختنشتاين بسويسرا في مجال التعليم العام وفي التدريب ا ـ ـ ـ ـ ي ، فإن لدى خريجي لختنشتاين حرية الوصول إلى التعليم في سويسرا .-

- الحرف الأول [ ا ] - الحرف الأخير [ ي ] - [ ا ـ ـ ـ ـ ي ] - عدد الحروف 6 -",المهني,والمهني,المهنين
"-إذ تحدوها الرغبة في تحقيق ا ـ ـ ـ ـ ـ ـ ة العالمية في اتفاقية الأمم المتحدة لقانون البحار المؤرخة ١٠ كانون الأول / ديسمبر ١٩٨٢ ) يشار إليها فيما بعد باسم "" الاتفاقية "" ( ) ١ ( ، وفي تشجيع التمثيل المناسب في المؤسسات التي أنشئت بموجبها ،-

- الحرف الأول [ ا ] - الحرف الأخير [ ة ] - [ ا ـ ـ ـ ـ ـ ـ ة ] - عدد الحروف 8 -",المشاركة,فالمشاركة,مشاركة
"-وعقد الاجتماع العالمي الثامن لبرامج البحار الإقليمية مباشرة عقب اجتماع ا ـ ـ ـ ـ ـ ـ ـ ض الثاني الحكومي الدولي التابع لبرنامج العمل العالمي .-

- الحرف الأول [ ا ] - الحرف الأخير [ ض ] - [ ا ـ ـ ـ ـ ـ ـ ـ ض ] - عدد الحروف 9 -",الاستعراض,والاستعراض,الاستعراضي
"-- إطلاق سراح ا ـ ـ ـ ـ ـ ء السياسيين وفق توصيات لجنة الخبراء الدوليين والبورونديين المزمع إنشاؤها ؛-

- الحرف الأول [ ا ] - الحرف الأخير [ ء ] - [ ا ـ ـ ـ ـ ـ ء ] - عدد الحروف 7 -",السجناء,لسجناء,والسجناء
"-وترى اللجنة أن الحاجة إلى ت ـ ـ ـ م دعم فعال لعملها في هذا الصدد لن تتراجع في المستقبل المنظور ، نظرا للطابع الدائم لهذه الاحتياجات .-

- الحرف الأول [ ت ] - الحرف الأخير [ م ] - [ ت ـ ـ ـ م ] - عدد الحروف 5 -",تقديم,كتقديم,تقديمك
"-30 - وبالإعلان عن تاريخ إ ـ ـ ـ ء الانتخابات ، ستركز المساعدة الانتخابية الدولية حاليا على تقديم الدعم المباشر لعملية إجرائها .-

- الحرف الأول [ إ ] - الحرف الأخير [ ء ] - [ إ ـ ـ ـ ء ] - عدد الحروف 5 -",إجراء,اجراء,إجراءه
"-وإذ تلاحظ أيضا مع الارتياح أن البرنامج ، بالصيغة المصمم بها ، قد مكن عددا متزايدا من ا ـ ـ ـ ـ ـ ـ ن العموميين ، وبوجه خاص من البلدان النامية ، من اكتساب قدر أكبر من الخبرة الفنية في مجال نزع السلاح ،-

- الحرف الأول [ ا ] - الحرف الأخير [ ن ] - [ ا ـ ـ ـ ـ ـ ـ ن ] - عدد الحروف 8 -",الموظفين,الموظفيين,والموظفين
"-: : تنفيذ 5 من مشاريع الأثر السريع بشأن حقوق ا ـ ـ ـ ـ ـ ن-

- الحرف الأول [ ا ] - الحرف الأخير [ ن ] - [ ا ـ ـ ـ ـ ـ ن ] - عدد الحروف 7 -",الإنسان,ألإنسان,الانسان
"-٣٢ - وأضاف قائلا إن اقتصادات م ـ ـ ـ  الدول الافريقية في حالة كساد .-

- الحرف الأول [ م ] - [ م ـ ـ ـ  ] - عدد الحروف 4 -",معظم,أغلب,غالبية
