QUESTION_TEXT,OPTION_1,OPTION_2,OPTION_3
"-( ج ) إتاحة إمكانية مثول الشهود وإحضار الأشخاص الآخرين المطلوب مثولهم أمام المحكمة الخاصة في ظل الشروط نفسها وتبعا للإجراءات ذاتها المعمول بها في المحكمة الجنائية الدولية ليوغوسلافيا ا ـ ـ ـ ـ ـ ة .-

- الحرف الأول [ ا ] - الحرف الأخير [ ة ] - [ ا ـ ـ ـ ـ ـ ة ] - عدد الحروف 7 -",السابقة,بالسابقة,والسابقة
"-7 - يهيب بالجانبين مواصلة مشاركتهما ، على وجه الاستعجال ومع احترام ولاية ا ـ ـ ـ ة ، في التشاور مع ا ـ ـ ـ ة بشأن تعيين حدود المنطقة العازلة وبشأن مذكرة الأمم المتحدة لعام 1989 ، بهدف التوصل إلى اتفاق مبكر بشأن المسائل التي لم تحسم بعد ؛-

- الحرف الأول [ ا ] - الحرف الأخير [ ة ] - [ ا ـ ـ ـ ة ] - عدد الحروف 5 -",القوة,والقوة,فالقوة
"-وزود بعد ذلك جميع الشركاء المحتملين ، وكذلك أوساط النقاط التجارية ، بمجموعة كاملة من ا ـ ـ ـ ـ ـ ـ ـ ت المفصلة المتعلقة بالتكليف بهذه المهمة وشروطها .-

- الحرف الأول [ ا ] - الحرف الأخير [ ت ] - [ ا ـ ـ ـ ـ ـ ـ ـ ت ] - عدد الحروف 9 -",المعلومات,المعلوماتى,ولمعلومات
"-- وفي 18 نيسان / أبريل 1995 ، أعلن وزير خارجية المملكة المتحدة أن المملكة المتحدة قد أوقفت إنتاج ا ـ ـ ـ ـ د الانشطارية لأغراض صنع ا ـ ـ ـ ـ د المتفجرة ؛-

- الحرف الأول [ ا ] - الحرف الأخير [ د ] - [ ا ـ ـ ـ ـ د ] - عدد الحروف 6 -",المواد,والمواد,كالمواد
"-ولاحظت بوجه خاص أن الحكم الوارد في قانون الإجراءات ا ـ ـ ـ ـ ـ ـ ة لعام 1998 الذي يبدو أنه يسمح لضحايا الجرائم العنيفة مثل الاغتصاب تحقيق تسويات خارج المحكمة هو أمر يتنافى تنافيا واضحا مع أحكام الصكوك الدولية ، والتي على الدولة بموجبها التزام ملاحقة مرتكبي هذه الجرائم .-

- الحرف الأول [ ا ] - الحرف الأخير [ ة ] - [ ا ـ ـ ـ ـ ـ ـ ة ] - عدد الحروف 8 -",الجنائية,والجنائية,الجنائي
"-ويشمل ذلك القدرة على التواصل مع طائفة واسعة من الأشخاص ذوي مهارات ومعارف مختلفة بشأن عمل المحكمة ، والاستجابة لمجموعة متنوعة من ط ـ ـ ـ ت الحصول على المعلومات .-

- الحرف الأول [ ط ] - الحرف الأخير [ ت ] - [ ط ـ ـ ـ ت ] - عدد الحروف 5 -",طلبات,كطلبات,وطلبات
"-49 - وفي الختام ، قدم ممثل أمانة الأونكتاد تقريرا عن الجهود التي بذلت بالفعل من أجل وضع برنامج م ـ ـ ـ ك بين الأونكتاد وبرنامج الأمم المتحدة الإنمائي في نيروبي لتنفيذ التوصيات المنبثقة عن استعراض النظراء على مدى فترة سنتين .-

- الحرف الأول [ م ] - الحرف الأخير [ ك ] - [ م ـ ـ ـ ك ] - عدد الحروف 5 -",مشترك,ومشترك,المشترك
"-200 - توصي اللجنة بأن تقوم الدولة الطرف بوضع وتنفيذ تدابير تهدف الى ضمان احترام حقوق الأطفال المعوقين ، بما في ذلك تحسين سبل حصولهم على ا ـ ـ ـ ـ ـ ت الصحية والتعليمية وعلى التدريب المهني .-

- الحرف الأول [ ا ] - الحرف الأخير [ ت ] - [ ا ـ ـ ـ ـ ـ ت ] - عدد الحروف 7 -",الخدمات,فالخدمات,كالخدمات
"-19 - وقال إن وفده يؤيد التزام الاتحاد الأوروبي بتنفيذ القرار بشأن الشرق ا ـ ـ ـ ـ ط والذي اعتمد في مؤتمر الاستعراض والتمديد عام 1995 ، والتزام جميع أعضاء شراكة أوروبا والبحر المتوسط للسعي من أجل منطقة في الشرق ا ـ ـ ـ ـ ط خالية من أسلحة الدمار الشامل ، بما في ذلك الأسلحة النووية والكيميائية والبيولوجية وأنظمة إطلاقها .-

- الحرف الأول [ ا ] - الحرف الأخير [ ط ] - [ ا ـ ـ ـ ـ ط ] - عدد الحروف 6 -",الأوسط,الشرق,الأوسطي
"-191 - وشدد على ضرورة التضامن والتعاون الدوليين لإعمال الحق في التنمية ، مع إشارة خاصة إلى إنجاز الالتزامات والأهداف المتفق عليها د ـ ـ ـ ا بشأن التنمية ، وتشمل ، من جملة أمور ، الالتزامات والأهداف المتصلة بالغذاء ، والصحة ، والتعليم الأساسي ، والقضاء على الفقر .-

- الحرف الأول [ د ] - الحرف الأخير [ ا ] - [ د ـ ـ ـ ا ] - عدد الحروف 5 -",دوليا,ودوليا,دوليآ
"-76 - وفي بعض الحالات ، تبين المستندات أن وقف تنفيذ العقد كان نتيجة غزو العراق واحتلاله ل ـ ـ ـ ـ ت وأنه كان بالإمكان أيضا استئنافه إلا أن ذلك لم يحدث لأن الطرفين لم يتفقا على ذلك .-

- الحرف الأول [ ل ] - الحرف الأخير [ ت ] - [ ل ـ ـ ـ ـ ت ] - عدد الحروف 6 -",للكويت,الكويت,للعراق
"-2 - وتحدد خطة إدارة التنفيذ المشترك الإطار الزمني لوضع الإجراءات وإنشاء المؤسسات اللازمة لعملية التنفيذ المشترك في إطار لجنة الإشراف ، وتفعيل ا ـ ـ ـ ـ ـ ة ( مثل ، اعتماد الكيانات المستقلة ، وتقييم / استعراض التقارير المتعلقة باستنتاجات وثائق تصميم المشاريع ) في أقرب وقت ممكن من الناحية ا ـ ـ ـ ـ ـ ة .-

- الحرف الأول [ ا ] - الحرف الأخير [ ة ] - [ ا ـ ـ ـ ـ ـ ة ] - عدد الحروف 7 -",العملية,فالعملية,والعملية
"-وفي نفس الوقت ، يمكن دراسة تدابير ذات أ ـ ـ ـ ة خاصة بالنسبة للمجموعات الفرعية الأصغر من الدول ؛-

- الحرف الأول [ أ ] - الحرف الأخير [ ة ] - [ أ ـ ـ ـ ة ] - عدد الحروف 5 -",أهمية,كأهمية,وأهمية
"-اتفق المشاركون أثناء الحلقة التدريبية العملية الأولى في إطار فريق الإدارة ا ـ ـ ـ ـ ـ ة على أن من شأن التوصل إلى إطار مشترك على نطاق الأمم المتحدة للضمانات ا ـ ـ ـ ـ ـ ة والاجتماعية أن :-

- الحرف الأول [ ا ] - الحرف الأخير [ ة ] - [ ا ـ ـ ـ ـ ـ ة ] - عدد الحروف 7 -",البيئية,والبيئية,البيئيه
"-15 - ورأى الأمين العام للأونكتاد أن تحسين الطاقات الإنتاجية للبلدان النامية بحيث تنتج سلعا وخدمات أكثر تطورا وتنوعا يشكل عاملا حاسما في إحراز تقديم اقتصادي مستقر ، وإيجاد فرص للعمل ، ورفع مستويات ا ـ ـ ـ ـ ـ ة ، والحد من الفقر .-

- الحرف الأول [ ا ] - الحرف الأخير [ ة ] - [ ا ـ ـ ـ ـ ـ ة ] - عدد الحروف 7 -",المعيشة,والمعيشة,لمعيشة
"-وفي 9 كانون الأول / ديسمبر 2009 ، استضاف الرئيس اجتماعا مع أتول كهاري ، ممثلي الخاص حينئذ ، ونوابه ومفوض الشرطة بغرض عرض وجهة نظر تيمور - ليشتي حول مستقبل وجود الأمم المتحدة ، وقد حضر الاجتماع أيضا كل من رئيس الوزراء ، ووزير الدولة لشؤون الأمن ، ووزير الدولة لشؤون الدفاع ، ورئيس الاستخبارات ، وقائد القوات المسلحة التيمورية ، ومدير م ـ ـ ـ  تدريب الشرطة الوطنية لتيمور - ليشتي .-

- الحرف الأول [ م ] - [ م ـ ـ ـ  ] - عدد الحروف 4 -",مركز,ومركز,مركزآ
"-وأرجو تعميم هذه الرسالة باعتبارها وثيقة من و ـ ـ ـ ق مجلس الأمن .-

- الحرف الأول [ و ] - الحرف الأخير [ ق ] - [ و ـ ـ ـ ق ] - عدد الحروف 5 -",وثائق,كوثائق,ووثائق
"-وفي ا ـ ـ ـ ـ ر نفسه ، طلب مؤتمر الأطراف من الهيئة الفرعية للتنفيذ أن تستخدم هذا التوليف كأساس لاستعراض التقدم المحرز ، بحلول عام 2005 ، بغية تقديم المشورة بشأن هذه المسألة إلى الدورة التالية لمؤتمر الأطراف العامل بوصفه اجتماع الأطراف في بروتوكول كيوتو .-

- الحرف الأول [ ا ] - الحرف الأخير [ ر ] - [ ا ـ ـ ـ ـ ر ] - عدد الحروف 6 -",المقرر,والمقرر,بالمقرر
"-العمر المتوقع عند الولادة في حالة وجود أو عدم وجود متلازمة نقص المناعة المكتسب ( الإيدز ) بالنسبة لمجموعات البلدان المتأثرة في المناطق الرئيسية والبلدان الأكثر ت ـ ـ ـ ا ، خلال الفترات 1995 - 2000 ، 2000 - 2005 ، 2010 - 2015-

- الحرف الأول [ ت ] - الحرف الأخير [ ا ] - [ ت ـ ـ ـ ا ] - عدد الحروف 5 -",تأثرا,وتأثرا,ومتأثرا
"-31 - وترد العناصر الرئيسية لكلمة ممثل الدولة ا ـ ـ ـ ـ ـ ة وتبادل وجهات النظر بين أعضاء الفريق العامل في الموجز الوارد في الاستنتاجات التي سيعتمدها الفريق رسميا في جلسته المقبلة .-

- الحرف الأول [ ا ] - الحرف الأخير [ ة ] - [ ا ـ ـ ـ ـ ـ ة ] - عدد الحروف 7 -",المعنية,والمعنية,المعنين
