QUESTION_TEXT,OPTION_1,OPTION_2,OPTION_3
"-السيدة كودينا ( أندورا ) ( تكلمت بالكاتالانية ؛ ووفر الوفد نصا باللغة الانكليزية ) : سمعنا عن فيروس نقص ا ـ ـ ـ ـ ـ ة البشرية / متلازمة نقص ا ـ ـ ـ ـ ـ ة المكتسب لأول مرة قبل عشرين عاما . واليوم وبعد عقدين ، نجتمع بوصفنا دولا أعضاء في الأمم المتحدة لنقرر ما هية التدابير التي يمكنها أن تخفف من المأساة الشخصية والمجتمعية التي ظهرت خلال هذه الفترة .-

- الحرف الأول [ ا ] - الحرف الأخير [ ة ] - [ ا ـ ـ ـ ـ ـ ة ] - عدد الحروف 7 -",المناعة,والمناعة,بالمناعة
"-وتفيد بأن المحكمة العليا استلمت من صاحب البلاغ شكوى في إطار إ ـ ـ ـ ء المراجعة الرقابية ، وقد تضمنت هذه الشكوى الحجج ذاتها الواردة في هذا البلاغ .-

- الحرف الأول [ إ ] - الحرف الأخير [ ء ] - [ إ ـ ـ ـ ء ] - عدد الحروف 5 -",إجراء,اجراء,إجراءه
"-وفي هذا الصدر ، توصي اللجنة بأن يتم وفقا للنظام المالي والقواعد المالية ذات الصلة وبالموافقة المسبقة للجنة الاستشارية إنشاء جميع المناصب الرفيعة المستوى للممثلين الخاصين والمبعوثين والمستشارين التي لا تستند الى وظائف ثابتة أو مؤقتة نظرت فيها الجمعية العامة واعتمدتها في إ ـ ـ ـ  الميزانية العادية أو في سياق نظرها في تمويل عمليات حفظ السلم ) بما فيها عن طريق حساب الدعم ( .-

- الحرف الأول [ إ ] - [ إ ـ ـ ـ  ] - عدد الحروف 4 -",إطار,اطار,الإطار
"-وفي هذا الصدد فإن التحدي يكمن في كيفية الموازنة الصحيحة بين الرغبة في ت ـ ـ ـ ق التنمية الاجتماعية والنمو الاقتصادي بالاعتماد على تكنولوجيات الشبكة الحديثة ، وضرورة تزويد المواطنين بحماية فعالة ومتواصلة للمستهلك .-

- الحرف الأول [ ت ] - الحرف الأخير [ ق ] - [ ت ـ ـ ـ ق ] - عدد الحروف 5 -",تحقيق,كتحقيق,وتحقيق
"-28 - و ـ ـ ـ ـ ـ ر بالذكر أن من بين المساهمات الهامة في نظام تعزيز حقوق الإنسان وحمايتها ، أيدت حكومة المصالحة والوحدة الوطنية ترشيح خبير من نيكاراغوا في شخص الأب ميغيل ديسكوتو بروكمان ، بوصفه عضوا في اللجنة الاستشارية لمجلس حقوق الإنسان ، الذي سيقدم مساهمات لا تقدر بثمن للنظام بالنظر إلى تاريخه الطويل في النضال من أجل حقوق الإنسان ، وبفضل خبرته مؤخرا كرئيس للجمعية العامة للأمم المتحدة .-

- الحرف الأول [ و ] - الحرف الأخير [ ر ] - [ و ـ ـ ـ ـ ـ ر ] - عدد الحروف 7 -",والجدير,بالذكر,الجدير
"-شدد العديد من المتكلمين على عبء ا ـ ـ ـ ل الكبير الواقع على عاتق لجان مجلس الأمن .-

- الحرف الأول [ ا ] - الحرف الأخير [ ل ] - [ ا ـ ـ ـ ل ] - عدد الحروف 5 -",العمل,فالعمل,العمله
"-وأسهبت أمانة الأونكتاد في عرض بند جدول الأعمال ، مشددة على أهمية الاستثمار العام في الكفاءة الإدارية لتحقيق النمو والزيادة في الطاقة الإنتاجية ( وبخاصة في أ ـ ـ ـ ت الأزمات ) ولتيسير الأعمال التجارية وتمكين الفقراء .-

- الحرف الأول [ أ ] - الحرف الأخير [ ت ] - [ أ ـ ـ ـ ت ] - عدد الحروف 5 -",أوقات,لأوقات,وأوقات
"-وهل كان هناك أي تفكير في إنشاء وظيفة لأمين ا ـ ـ ـ ـ ـ م في السجون ؟-

- الحرف الأول [ ا ] - الحرف الأخير [ م ] - [ ا ـ ـ ـ ـ ـ م ] - عدد الحروف 7 -",المظالم,والمظالم,المظال
"-بيد أن الموارد المالية المكرسة لهذه التنمية غير كافية بسبب وجود أولويات حكومية أخرى ويلزم زيادة الأموال الواردة من مصادر خارجية إلى حد كبير ، كما يلزم زيادة المساعدة التقنية ، بغية د ـ ـ  جهود هذه البلدان في تنمية مواردها البشرية .-

- الحرف الأول [ د ] - [ د ـ ـ  ] - عدد الحروف 3 -",دعم,ودعم,الدعم
"-12 - وتشمل الجهود الأخرى التي اضطلع بها المجتمع الدولي أ ـ ـ ـ ء الفترة المشمولة بالتقرير مبادرة الرئاسة الفنلندية للاتحاد الأوروبي وإن لم تحظ بالتوفيق .-

- الحرف الأول [ أ ] - الحرف الأخير [ ء ] - [ أ ـ ـ ـ ء ] - عدد الحروف 5 -",أثناء,وأثناء,اثناء
"-رابعا ، يجب توفير ت ـ ـ ـ ل التنمية للبلدان النامية التي لديها حيز مالي محدود وعجز ضخم ، بما في ذلك موارد لتحقيق الأهداف الإنمائية للألفية والاستثمار في النمو المستدام .-

- الحرف الأول [ ت ] - الحرف الأخير [ ل ] - [ ت ـ ـ ـ ل ] - عدد الحروف 5 -",تمويل,تمويله,تمويلا
"-وفى ضوء استمرار إسرائيل في رفض الانصياع لقرارات الشرعية الدولية ، وإصرارها على المضي في انتهاك قواعد القانون الدولي والقانون الدولي ا ـ ـ ـ ـ ـ ـ ي ، وفى تصعيد عدوانها على الشعب الفلسطيني وتكثيف أعمالها الاستيطانية ، والاستمرار في بناء جدار التوسع العنصري وفى تنفيذ مخططات تهويد القدس ،-

- الحرف الأول [ ا ] - الحرف الأخير [ ي ] - [ ا ـ ـ ـ ـ ـ ـ ي ] - عدد الحروف 8 -",الإنساني,والإنساني,الأنساني
"-94 - ورغم أن قرار الجمعية العامة 61 / 16 اعتمد حديثا إلى حد ما ، فمن ا ـ ـ ـ ـ ح أن هناك مجالا لتحسين تنفيذه .-

- الحرف الأول [ ا ] - الحرف الأخير [ ح ] - [ ا ـ ـ ـ ـ ح ] - عدد الحروف 6 -",الواضح,والواضح,فالواضح
"-٩٠١ - يقدم المركز في كل عام ما يزيد على مائة منحة من منح التدريب الداخلي لطلاب خريجين لتمكينهم من اكتساب معرفة مباشرة بأنشطة الأمم المتحدة وإجراءاتها في ميدان حقوق الإنسان عن طريق المشاركة ا ـ ـ ـ ـ ـ ة في عمل المركز تحت الإشراف المباشر لموظفيه .-

- الحرف الأول [ ا ] - الحرف الأخير [ ة ] - [ ا ـ ـ ـ ـ ـ ة ] - عدد الحروف 7 -",الفعلية,والفعلية,الفعليه
"-وصادق الكثير من الممثلين على انشاء لجنة تنسيق وطنية كخطوة أولى في التحضير ، وفي بلدان عدة ترأس هذه اللجنة أو ترعاها سلطات عليا ، وهي ت ـ ـ  ممثلين لمنظمات حكومية وغير حكومية .-

- الحرف الأول [ ت ] - [ ت ـ ـ  ] - عدد الحروف 3 -",تضم,وتضم,تتضم
"-74 - ووفقا للتكاليف القياسية للمرتبات التي حددتها الأمم المتحدة ، الإصدار 5 ، فإن معدل ا ـ ـ ـ ـ ـ ـ ف العامة للموظفين لعام 2011 المنطبق على لاهاي محدد بقيمة ثابتة هي 42 في المائة ، أي نفس مستوى ا ـ ـ ـ ـ ـ ـ ف القياسية لعام 2009 .-

- الحرف الأول [ ا ] - الحرف الأخير [ ف ] - [ ا ـ ـ ـ ـ ـ ـ ف ] - عدد الحروف 8 -",التكاليف,فالتكاليف,والتكاليف
"-25 - وينص دستور برمودا أيضا على إمكانية إنشاء محكمة خاصة ، كلما دعت الحاجة إلى ذلك ، لغرض ممارسة أي اختصاص يسند إليها بموجب ق ـ ـ ـ ن صادر عن السلطة التشريعية .-

- الحرف الأول [ ق ] - الحرف الأخير [ ن ] - [ ق ـ ـ ـ ن ] - عدد الحروف 5 -",قانون,فقانون,وقانون
"-97 - تلقى الفريق معلومات موثوقا بها تتعلق بما يبدو أنه مشاركة غير مشروعة واسعة النطاق من قبل عناصر تابعة للقوات المسلحة لجمهورية الكونغو ا ـ ـ ـ ـ ـ ـ ـ ـ ـ ة في تصدير منتجات الأخشاب من شرق جمهورية الكونغو ا ـ ـ ـ ـ ـ ـ ـ ـ ـ ة ، وهو سيواصل التحقيق في هذه المسألة أثناء ولايته .-

- الحرف الأول [ ا ] - الحرف الأخير [ ة ] - [ ا ـ ـ ـ ـ ـ ـ ـ ـ ـ ة ] - عدد الحروف 11 -",الديمقراطية,لديمقراطية,فالديمقراطية
"-5 - ولوحظت زيادة طفيفة في عدد الحوادث خلال الفترة ا ـ ـ ـ ـ ـ ـ ة بهذا التقرير .-

- الحرف الأول [ ا ] - الحرف الأخير [ ة ] - [ ا ـ ـ ـ ـ ـ ـ ة ] - عدد الحروف 8 -",المشمولة,المشمول,مشمولة
"-ونظمت المفوضية العليا لشؤون اللاجئين اجتماعا مع 50 من النازحات بمناسبة يوم المرأة العالمي ، وألقي الضوء خلاله على حقوق المرأة ومشاركتها في الحياة السياسية . كذلك شاركت المفوضية في أنشطة شددت على التحديات التي ت ـ ـ ـ ـ ـ ا المرأة الفلسطينية إثر انتخابات المجلس التشريعي الفلسطيني الأخيرة .-

- الحرف الأول [ ت ] - الحرف الأخير [ ا ] - [ ت ـ ـ ـ ـ ـ ا ] - عدد الحروف 7 -",تواجهها,ستواجهها,وتواجهها
