QUESTION_TEXT,OPTION_1,OPTION_2,OPTION_3
"-وأشار كذلك باقتضاب إلى العناصر الرئيسية لاتفاقية مسؤولية الالتزام والتعويض عن ا ـ ـ ـ ـ ـ ر المتعلقة بنقل المواد الخطرة والضارة بحرا واتفاقية المواد الخطرة والضارة ( 1996 ) ، والاتفاقية الدولية المعنية بالمسؤولية المدنية عن ا ـ ـ ـ ـ ـ ر الناجمة عن التلوث بزيت الوقود ( 2001 ) ، واللتين لم تدخل أي منهما حيز النفاذ بعد .-

- الحرف الأول [ ا ] - الحرف الأخير [ ر ] - [ ا ـ ـ ـ ـ ـ ر ] - عدد الحروف 7 -",الأضرار,والأضرار,بالأضرار
"-وعلى هذا فقد يتوقف الاشتراك على توافر م ـ ـ ـ د خارجة عن الميزانية أو مساهمات عينية .-

- الحرف الأول [ م ] - الحرف الأخير [ د ] - [ م ـ ـ ـ د ] - عدد الحروف 5 -",موارد,الموارد,مواردك
"-٢٣ - وطلبت اللجنة من الأمانة العامة أن ت ـ ـ ـ  قدما في إعداد التقرير الذي سيقدم الجمعية العامة في دورتها التاسعة والأربعين ، بالشكل المجمل في التقرير المؤقت ، مع مراعاة الآراء المعرب عنها خلال المناقشة .-

- الحرف الأول [ ت ] - [ ت ـ ـ ـ  ] - عدد الحروف 4 -",تمضي,ستمضي,وتمضي
"-وفي واقع الأمر ، كررت الجمعية العامة مرات عديدة ، كان آخرها في قرارها 64 / 71 ، أن من واجب الدول المرشحة بموجب الاتفاقية ، التي لديها خبراء أعضاء في اللجنة ، أن تتحمل مصروفات الخبراء الذين رشحتهم أثناء أدائهم لمهامهم في اللجنة ، وأهابت بتلك الدول أن تبذل أقصى ما في وسعها لكفالة أن يشارك هؤلاء الخبراء بصورة كاملة في أعمال اللجنة ، بما فيها اجتماعات اللجان الفرعية ، و ـ ـ ـ  للاتفاقية .-

- الحرف الأول [ و ] - [ و ـ ـ ـ  ] - عدد الحروف 4 -",وفقا,ووفقا,طبقا
"-مبلغ المطالبة الأساسي ( بدولارات ا ـ ـ ـ ـ ـ ـ ت المتحدة ) ( أ )-

- الحرف الأول [ ا ] - الحرف الأخير [ ت ] - [ ا ـ ـ ـ ـ ـ ـ ت ] - عدد الحروف 8 -",الولايات,المتحدة,المتحدةالولايات
"-113 - وترويجا للمعايير المتفق عليها والطرائق التحليلية المنسقة ، وزع اليوندسيب نسخا من دليل الطرائق الموصى بها لاختبار العقاقير ، المعجم المتعدد اللغات للمخدرات والمؤثرات العقلية الخاضعة للمراقبة الدولية ، ( 7 ) والاضافة الصادرة عليه ، وغير ذلك من المنشورات العلمية على ا ـ ـ ـ ـ ق العالمي .-

- الحرف الأول [ ا ] - الحرف الأخير [ ق ] - [ ا ـ ـ ـ ـ ق ] - عدد الحروف 6 -",النطاق,والنطاق,بالنطاق
"-كما أنه متاح في قرص مدمج ( سي دي ) وفي موقع مركز ج ـ ـ ـ  الدولي لإزالة الألغام للأغراض الإنسانية على الشبكة العالمية .-

- الحرف الأول [ ج ] - [ ج ـ ـ ـ  ] - عدد الحروف 4 -",جنيف,بجنيف,لجنيف
"-وأعرب المقرر ا ـ ـ ـ ص للسيد مازوويسكي عن رغبته في كفالة تنسيق مناسب للأعمال المنجزة أثناء النهوض بولاية كل منهما ، إما مباشرة أو عن طريق قسم الإجراءات الخاصة في مركز حقوق الانسان ، وعرض على السيد مازوويسكي كل ما يراه ضروريا من التعاون .-

- الحرف الأول [ ا ] - الحرف الأخير [ ص ] - [ ا ـ ـ ـ ص ] - عدد الحروف 5 -",الخاص,بالخاص,الخاصة
"-وإذا ثبت أن المنظمة إ ـ ـ ـ ـ ـ ة ، تصادر ممتلكاتها لمصلحة الدولة . و ( 2 ) إذا قررت المحكمة أن إحدى المنظمات المسجلة في الخارج منظمة إ ـ ـ ـ ـ ـ ة ، يحظر نشاطها في إقليم جمهورية مولدوفا ، ويصفى مكتبها أو فرعها أو تمثيلها ، وتصادر ممتلكاتها لمصلحة البلد .-

- الحرف الأول [ إ ] - الحرف الأخير [ ة ] - [ إ ـ ـ ـ ـ ـ ة ] - عدد الحروف 7 -",إرهابية,كإرهابية,أرهابية
"-) ج ( تطبيق الطريقة على نطاق واسع عند ت ـ ـ ـ ذ المشاريع والبرامج وذلك عن طريق ت ـ ـ ـ ذ قرار المجلس الاقتصادي والاجتماعي ٩٢ / ٤١ بكل دقة ؛-

- الحرف الأول [ ت ] - الحرف الأخير [ ذ ] - [ ت ـ ـ ـ ذ ] - عدد الحروف 5 -",تنفيذ,كتنفيذ,فتنفيذ
"-علاوة على ذلك ، يضطلع المكتب بدور محوري لضمان تحقيق المساءلة في مقر البعثة وقطاعاتها ب ـ ـ ـ ـ ذ تدابير وقرارات فعالة .-

- الحرف الأول [ ب ] - الحرف الأخير [ ذ ] - [ ب ـ ـ ـ ـ ذ ] - عدد الحروف 6 -",باتخاذ,باتخاذه,باتخاذها
"-( د ) تشجيع نقل وتبادل الدروس والخبرات والأدوات المستفادة من أفضل الممارسات والمشاريع الميدانية التجريبية بين بلدان ا ـ ـ ـ ـ ل والجنوب وفيما بين بلدان الجنوب ؛-

- الحرف الأول [ ا ] - الحرف الأخير [ ل ] - [ ا ـ ـ ـ ـ ل ] - عدد الحروف 6 -",الشمال,الجنوب,والشمال
"-( ه ) كيف ي ـ ـ ـ  الربط بين متطلبات التثقيف في مجالات العلم والتكنولوجيا والابتكار ومتطلبات الاقتصاد الوطني ؟ وكيف ي ـ ـ ـ  لراسمي السياسات أن يساعدوا المؤسسات التعليمية على تحسين اتصالها بالقطاعات الإنتاجية ؟-

- الحرف الأول [ ي ] - [ ي ـ ـ ـ  ] - عدد الحروف 4 -",يمكن,ويمكن,الممكن
"-٨٣ - أوصت اللجنة بأن توافق الجمعية العامة على التنقيحات ا ـ ـ ـ ـ ـ ـ ة للبرنامج ٣٤ من الخطة المتوسطة الأجل للفترة ١٩٩٢ - ١٩٩٧ .-

- الحرف الأول [ ا ] - الحرف الأخير [ ة ] - [ ا ـ ـ ـ ـ ـ ـ ة ] - عدد الحروف 8 -",المقترحة,والمقترحة,المقترح
"-62 - تشارك بوركينا ف ـ ـ ـ  في مشاريع التعاون الثنائي تهدف إلى تعزيز القدرة المؤسسية في مجال بحوث الطاقة .-

- الحرف الأول [ ف ] - [ ف ـ ـ ـ  ] - عدد الحروف 4 -",فاسو,بوركينا,بوركينافاسو
"-وطلبت الجمعية العامة في قرارها 58 / 209 المؤرخ 23 كانون الأول / ديسمبر 2003 ، ضرورة إتاحة التقارير عن عمل فريق الإدارة البيئية للجمعية في دورتها القادمة عن طريق مجلس إدارة ب ـ ـ ـ ـ ج الأمم المتحدة للبيئة .-

- الحرف الأول [ ب ] - الحرف الأخير [ ج ] - [ ب ـ ـ ـ ـ ج ] - عدد الحروف 6 -",برنامج,فبرنامج,برنامجة
"-وينبغي أن تشمل هذه المساعدة التي نطلبها - كما هو وارد في قرار الجمعية العامة ٤٧ / ١٦٩ - أنشطة الانعاش والتعمير و ـ ـ ـ ـ ـ ـ ة وتوطيد السلم في ذلك البلد .-

- الحرف الأول [ و ] - الحرف الأخير [ ة ] - [ و ـ ـ ـ ـ ـ ـ ة ] - عدد الحروف 8 -",والتنمية,فالتنمية,والتنميه
"-وعلى العكس من ذلك ، فإن مقدمي ا ـ ـ ـ ـ ـ ت التي تعود ملكيتها إلى الدولة بمقدورهم اجتذاب التمويل من القطاع الخاص ( من خلال الرسوم أو المانحين / الرعاة من القطاع الخاص مثلا ) .-

- الحرف الأول [ ا ] - الحرف الأخير [ ت ] - [ ا ـ ـ ـ ـ ـ ت ] - عدد الحروف 7 -",الخدمات,فالخدمات,كالخدمات
"-: : إجراء مفاوضات بشأن 19 مذكرة ت ـ ـ ـ م و 433 تعديلا على مذكرات ت ـ ـ ـ م مبرمة حاليا فيما يتعلق بسداد تكاليف المعدات المملوكة للوحدات-

- الحرف الأول [ ت ] - الحرف الأخير [ م ] - [ ت ـ ـ ـ م ] - عدد الحروف 5 -",تفاهم,تفاهمه,تفاهمت
"-62 - وفي شهر تشرين الأول / أكتوبر ، اعتقلت مجموعة نشطاء صحراويين معروفين سافروا إلى مخيمات تندوف ، في زيارة حظيت بتغطية إعلامية واسعة . وقد تم الاعتقال عند عودتهم ، ووجهت إليهم فيما بعد إ ـ ـ ـ  المحاكم العسكرية تهمة الخيانة .-

- الحرف الأول [ إ ] - [ إ ـ ـ ـ  ] - عدد الحروف 4 -",إحدى,فإحدى,إحدي
