QUESTION_TEXT,OPTION_1,OPTION_2,OPTION_3
"-وأفضل دليل على هذا الدعوة الموجهة الى مفوض مؤتمر الأمن والتعاون في أوروبا السامي لشؤون الأقليات القومية ، السيد فان دير ستويل الذي زار ألبانيا عدة م ـ ـ ـ  ليرى في الموقع حالة الأقلية اليونانية .-

- الحرف الأول [ م ] - [ م ـ ـ ـ  ] - عدد الحروف 4 -",مرات,مرتين,ومرتين
"-الميسر ، السيد جواد أمين منصور ( جمهورية إيران الإسلامية ) ، في إطار البند 53 ( أ ) من جدول الأعمال ( تنفيذ جدول أعمال القرن 21 ، وبرنامج مواصلة تنفيذ جدول أعمال القرن 21 ونتائج مؤتمر القمة العالمي ل ـ ـ ـ ـ ـ ة المستدامة )-

- الحرف الأول [ ل ] - الحرف الأخير [ ة ] - [ ل ـ ـ ـ ـ ـ ة ] - عدد الحروف 7 -",للتنمية,وللتنمية,للتنميه
"-ويلزم بالتالي استخلاص ا ـ ـ ـ ـ س من تجربة العقد الماضي لوضع استراتيجيات جديدة ذات أولويات جديدة .-

- الحرف الأول [ ا ] - الحرف الأخير [ س ] - [ ا ـ ـ ـ ـ س ] - عدد الحروف 6 -",الدروس,والدروس,بالدروس
"-28 - وفقا للفقرة 16 من المبادئ التوجيهية للتنفيذ المشترك ، يعمم جميع مقررات لجنة الإشراف على التنفيذ المشترك بجميع اللغات الرسمية الست للأمم المتحدة ، وذلك بإدراج هذه المقررات أو الإشارة إليها ( مع بيان موضعها في موقع التنفيذ المشترك التابع للاتفاقية الإطارية على الإنترنت ) في التقرير السنوي الذي تقدمه لجنة الإشراف إلى مؤتمر ا ـ ـ ـ ـ ـ ف العامل بوصفه اجتماع ا ـ ـ ـ ـ ـ ف .-

- الحرف الأول [ ا ] - الحرف الأخير [ ف ] - [ ا ـ ـ ـ ـ ـ ف ] - عدد الحروف 7 -",الأطراف,والأطراف,لأطراف
"-إذ تشير إلى قرار الجمعية العامة 46 / 122 المؤرخ 17 كانون الأول / ديسمبر 1991 ، الذي أنشأت الجمعية العامة بموجبه صندوق الأمم المتحدة ا ـ ـ ـ ـ ـ ـ ـ ـ ي للتبرعات بشأن أشكال الرق المعاصرة ،-

- الحرف الأول [ ا ] - الحرف الأخير [ ي ] - [ ا ـ ـ ـ ـ ـ ـ ـ ـ ي ] - عدد الحروف 10 -",الاستئماني,الاستئمان,الاستئمانية
"-١٣ - وقد أدلى م ـ ـ ـ  الهند ببيان قبل اعتماد مشروع الاستنتاجات المتفق عليها وبعد اعتماده .-

- الحرف الأول [ م ] - [ م ـ ـ ـ  ] - عدد الحروف 4 -",ممثل,وممثل,ممثلة
"-4 - يحث الدول التي لديها قدرة على مكافحة أعمال القرصنة و ـ ـ ـ ـ و المسلح في البحر على أن تتعاون في ذلك مع الحكومة الاتحادية الانتقالية ، وفقا لأحكام القرار 1816 ( 2008 ) ؛-

- الحرف الأول [ و ] - الحرف الأخير [ و ] - [ و ـ ـ ـ ـ و ] - عدد الحروف 6 -",والسطو,السطو,والسرقة
"-( أ ) تقديم الدعم للمركز الإقليمي لاتفاقية بازل في السلفادور والمركز الإقليمي لاتفاقية بازل في ترينيداد و ـ ـ ـ ـ ـ و في مجال توجيه عملية إعداد استراتيجية دون إقليمية تستند إلى ما تم أداؤه من عمل حتى الآن ( مثل قوائم الحصر ، والمشاريع الوطنية النموذجية ) .-

- الحرف الأول [ و ] - الحرف الأخير [ و ] - [ و ـ ـ ـ ـ ـ و ] - عدد الحروف 7 -",وتوباغو,توباغو,ترينيداد
"-2 - ن ـ ـ ـ  تأكيد أن تجاهل وجود التمييز والعنصرية على مستوى الدول والمجتمع على السواء يسهم بصورة مباشرة وغير مباشرة في إدامة ممارسات العنصرية والتمييز العنصري وكره الأجانب وما يتصل بذلك من تعصب ؛-

- الحرف الأول [ ن ] - [ ن ـ ـ ـ  ] - عدد الحروف 4 -",نعيد,سنعيد,لنعيد
"-: : ينبغي بذل جهود خاصة لضمان مشاركة الفتيات في وضع برامج التعليم مشاركة كاملة وعلى قدم ا ـ ـ ـ ـ ـ ـ ة مع الذكور ؛-

- الحرف الأول [ ا ] - الحرف الأخير [ ة ] - [ ا ـ ـ ـ ـ ـ ـ ة ] - عدد الحروف 8 -",المساواة,والمساواة,لمساواة
"-13 - تعتبر النرويج أن التعهد الصريح للدول الحائزة للأسلحة النووية بتحقيق إزالة تامة لترساناتها النووية أمر ج ـ ـ ـ ي للحفاظ على اتفاق معاهدة عدم الانتشار .-

- الحرف الأول [ ج ] - الحرف الأخير [ ي ] - [ ج ـ ـ ـ ي ] - عدد الحروف 5 -",جوهري,وجوهري,جوهرية
"-: : مساعدة اللجنة في رصد تنفيذ ا ـ ـ ـ ـ ـ ـ ر الواردة في الفقرتين 3 ( د ) و 3 ( ه ) من القرار 1591 ( 2005 ) ، وهي الأحكام المتصلة بالجزاءات المتعلقة بالسفر والجزاءات المالية المحددة الأهداف ؛-

- الحرف الأول [ ا ] - الحرف الأخير [ ر ] - [ ا ـ ـ ـ ـ ـ ـ ر ] - عدد الحروف 8 -",التدابير,والتدابير,لتدابير
"-ويجري في العديد من البلدان تقليص التفاوت بين اليتامى وغير اليتامى من حيث فرص ا ـ ـ ـ ـ ل إلى التعليم .-

- الحرف الأول [ ا ] - الحرف الأخير [ ل ] - [ ا ـ ـ ـ ـ ل ] - عدد الحروف 6 -",الوصول,كالوصول,والوصول
"-"" يثني مجلس الأمن على رئيس الوزراء ، تشارلز كونان باني ، للمبادرات التي اتخذها بالتعاون مع الرئيس لوران غبغابو ، والتي بثت زخما ج ـ ـ ـ ا في عملية السلام على النحو المحدد في القرار 1633 ( 2005 ) وخريطة الطريق التي وضعها الفريق العامل الدولي ، والتي يجب أن تفضي إلى إجراء انتخابات حرة ومفتوحة ونزيهة وشفافة بحلول 31 تشرين الأول / أكتوبر 2006 .-

- الحرف الأول [ ج ] - الحرف الأخير [ ا ] - [ ج ـ ـ ـ ا ] - عدد الحروف 5 -",جديدا,آخرا,تجديدا
"-وخلال الجلسة ، أشير إلى رسالة موجهة من المراقب الدائم للكرسي الرسولي لدى الأمم المتحدة إلى أسقف بنما يحثه فيها على معارضة التصديق على البروتوكول الاختياري بحجة أن ذلك سيوسع ن ـ ـ ـ  الاتفاقية وييسر اتخاذ تدابير تتنافى ومبادئ الصك نفسها .-

- الحرف الأول [ ن ] - [ ن ـ ـ ـ  ] - عدد الحروف 4 -",نطاق,كنطاق,فنطاق
"-وأشير بصورة م ـ ـ ـ ـ ة إلى أن نوعية المجتمع تكمن في الطريقة التي يعامل بها أضعف أفراده ، ومن بينهم الأطفال والمعوقون والشباب والمسنون والسكان الأصليون والمنبوذون والمهمشون .-

- الحرف الأول [ م ] - الحرف الأخير [ ة ] - [ م ـ ـ ـ ـ ة ] - عدد الحروف 6 -",متكررة,ومتكررة,المتكررة
"-142 - وفي وقت لاحق ، قام رئيس فريق الصياغة المكلف بالتوصل إلى توافق في الآراء حول نص التوصية إلى مؤتمر الأطراف ب ـ ـ ـ  إدراج الإندوسلفان في المرفق الثالث بتقديم إفادة إلى اللجنة بأن أحد أعضاء الفريق أثار شواغل ب ـ ـ ـ  التوصية واقترح تعديلها بحيث تشير إلى أن الإخطارات لم تف بالمعايير وأن مؤتمر الأطراف لا ينبغي أن يوصي بإدراج الإندوسلفان .-

- الحرف الأول [ ب ] - [ ب ـ ـ ـ  ] - عدد الحروف 4 -",بشأن,وبشأن,بشأنه
"-34 - وتحث ا ـ ـ ـ ـ ة الدولة الطرف على تخصيص حصة كبيرة من فائض الميزانية الوطنية لجهود الدولة الطرف في سبيل مكافحة الفقر .-

- الحرف الأول [ ا ] - الحرف الأخير [ ة ] - [ ا ـ ـ ـ ـ ة ] - عدد الحروف 6 -",اللجنة,فاللجنة,عضواللجنة
"-ويطلب إلى المجلس أن يوافق على الميزانية البيانية الإجمالية البالغة 000 000 4 دولار من الموارد الأخرى للفترة ا ـ ـ ـ ـ ـ ة من عام 2007 إلى عام 2010 ، رهنا بتوافر المساهمات المقدمة لأغراض محددة .-

- الحرف الأول [ ا ] - الحرف الأخير [ ة ] - [ ا ـ ـ ـ ـ ـ ة ] - عدد الحروف 7 -",الممتدة,والممتدة,وممتدة
"-فقد وضعت السياسات التي ترمي إلى جعل التجارة أكثر انفتاحا على الصعيدين المحلي والدولي ، وذلك بغية تحديث القطاع ا ـ ـ ـ ـ ـ ي وتسهيل الابتكار التكنولوجي وزيادة المنافسة ، حتى يمكن ، في نهاية المطاف ، تحقيق تكامل أكثر فعالية في الاقتصاد العالمي وفي التجارة العالمية .-

- الحرف الأول [ ا ] - الحرف الأخير [ ي ] - [ ا ـ ـ ـ ـ ـ ي ] - عدد الحروف 7 -",الصناعي,والصناعي,صناعي
