QUESTION_TEXT,OPTION_1,OPTION_2,OPTION_3
"-ومن المقرر إصدار دليل للموظفين المكلفين بإنفاذ القوانين في وقت لاحق من هذا العام ، ويجري إ ـ ـ ـ د دليل آخر للمحامين والقضاة .-

- الحرف الأول [ إ ] - الحرف الأخير [ د ] - [ إ ـ ـ ـ د ] - عدد الحروف 5 -",إعداد,كإعداد,وإعداد
"-ويؤدي الانقلاب المفاجئ في هذا العجز إلى انكماش كبير في الاقتصاد العالمي ووقوع تغيرات مهمة في أسعار صرف ا ـ ـ ـ ـ ـ ت الرئيسية ( انظر الفرع الأخير من هذا الفصل ، والإطار الأول - 1 ) .-

- الحرف الأول [ ا ] - الحرف الأخير [ ت ] - [ ا ـ ـ ـ ـ ـ ت ] - عدد الحروف 7 -",العملات,والعملات,لعملات
"-ا ـ ـ ـ ـ ـ ة الدائمة للشعب الفلسطيني في الأراضي الفلسطينية المحتلة بما فيها القدس وللسكان العرب في الجولان السوري المحتل على مواردهم الطبيعية [ 101 ]-

- الحرف الأول [ ا ] - الحرف الأخير [ ة ] - [ ا ـ ـ ـ ـ ـ ة ] - عدد الحروف 7 -",السيادة,والسيادة,ولسيادة
"-كما تلقيت رسالة من النائب الأول لرئيس مجلس الوزراء ووزير خارجية دولة قطر تفيد بأنه حرصا على تضمين البعثة الدولية بعدا عربيا ، تبدي دولة قطر استعدادها المساهمة بمبلغ مليون ونصف مليون دولار أمريكي في إنشاء وتمويل بعثة الأمم المتحدة في السودان لدعم ت ـ ـ ـ ذ اتفاق السلام الشامل في السودان .-

- الحرف الأول [ ت ] - الحرف الأخير [ ذ ] - [ ت ـ ـ ـ ذ ] - عدد الحروف 5 -",تنفيذ,كتنفيذ,فتنفيذ
"-وتشتمل المشاريع الرامية إلى خفض انبعاثات غازات الدفيئة على زيادة استخدام الغاز الطبيعي ، ورفع كفاية محطات توليد ا ـ ـ ـ ـ ـ ـ ء ، ومعالجة النفايات والحمأة ، وتوليد ا ـ ـ ـ ـ ـ ـ ء والحرارة معا ، والبدء باستخدام البنزين الخالي من الرصاص .-

- الحرف الأول [ ا ] - الحرف الأخير [ ء ] - [ ا ـ ـ ـ ـ ـ ـ ء ] - عدد الحروف 8 -",الكهرباء,الكهرباءيه,لكهرباء
"-ولذلك فمن ا ـ ـ ـ ـ ـ ة العملية ، إذا سمح بإعادة تدوير المواد المحتوية على الملوثات العضوية الثابتة - مركبات الإيثير الثنائية الفينيل المبرومة فمن المرجح أن تكون استعادة هذه الملوثات العضوية الثابتة أكثر صعوبة ، وربما تكون مستحيلة .-

- الحرف الأول [ ا ] - الحرف الأخير [ ة ] - [ ا ـ ـ ـ ـ ـ ة ] - عدد الحروف 7 -",الناحية,والناحية,الناحي
"-23 - ت ـ ـ ـ  اللجنة الخاصة إجراء تقييم لسير عمل مكتب الشؤون العسكرية لتنظر فيه في الدورة الموضوعية المقبلة .-

- الحرف الأول [ ت ] - [ ت ـ ـ ـ  ] - عدد الحروف 4 -",تطلب,ستطلب,وتطلب
"-وفي ذلك الوقت ، نشأ التنظيم الحالي للدولة القائم على أساس مبدأ الفصل بين السلطات ؛ والنظام البرلماني ذو المجلسين المستوحى من نموذج الولايات المتحدة يسعى الى ت ـ ـ ـ ق توازن بين الاتجاهين المركزي والفدرالي .-

- الحرف الأول [ ت ] - الحرف الأخير [ ق ] - [ ت ـ ـ ـ ق ] - عدد الحروف 5 -",تحقيق,كتحقيق,وتحقيق
"-وقد لاحظ الأمين العام في تقريره عن الدورة الاستثنائية "" أن عملية إجراء ا ـ ـ ـ ـ ـ ـ ـ ض والتقييم وانعقاد الدورة الاستثنائية قد اتسما بمشاركة واسعة من جانب منظومة الأمم المتحدة وباشتراك مجموعة كبيرة من منظمات المجتمع المدني .-

- الحرف الأول [ ا ] - الحرف الأخير [ ض ] - [ ا ـ ـ ـ ـ ـ ـ ـ ض ] - عدد الحروف 9 -",الاستعراض,والاستعراض,الاستعراضي
"-وانتهى إلى أن الحالة تتراوح من بلدان لديها قدرة كبيرة إلى حد ما على الاضطلاع بتنفيذ مشاريع التعاون التقني المتعددة الأطراف إلى بلدان ليس لديها تلك القدرة بعد مع وجود بعض البلدان المستفيدة في وضع وسط بينها ، وإن وكالات الأمم المتحدة تقوم بدور حيوي في تدريب ا ـ ـ ـ ـ ـ ـ ن الوطنيين .-

- الحرف الأول [ ا ] - الحرف الأخير [ ن ] - [ ا ـ ـ ـ ـ ـ ـ ن ] - عدد الحروف 8 -",الموظفين,الموظفيين,والموظفين
"-ولدى برنامج العمل العالمي أيضا مجال واسع لزيادة تطوير النهج المتبع حيال "" المجالات المثيرة للقلق "" على النحو المحدد في برنامج العمل العالمي ، وذلك لضمان أن المناطق المحمية الساحلية والبحرية ، والموائل الهامة لمصائد ا ـ ـ ـ ـ ـ ك والموائل للأنواع المحمية بموجب صكوك دولية ، مدمجة في التخطيط الوطني والإقليمي .-

- الحرف الأول [ ا ] - الحرف الأخير [ ك ] - [ ا ـ ـ ـ ـ ـ ك ] - عدد الحروف 7 -",الأسماك,فالأسماك,والأسماك
"-41 - وأبرز الممثل الخاص للأمين العام تعيين مستشار بشأن تماسك المعونات وإعادة ت ـ ـ ـ م فرع لتماسك المعونات في البعثة .-

- الحرف الأول [ ت ] - الحرف الأخير [ م ] - [ ت ـ ـ ـ م ] - عدد الحروف 5 -",تنظيم,كتنظيم,تنظيمة
"-وينبغي أن تتخذ أقل البلدان نموا مزيجا من التدابير الاستراتيجية الحصيفة في مجالات الاقتصاد الكلي والتجارة والاستثمار ، وأن تحقق توازنا بين إصلاحات السوق والتدخلات في م ـ ـ ـ  السياسة العامة .-

- الحرف الأول [ م ] - [ م ـ ـ ـ  ] - عدد الحروف 4 -",مجال,بمجال,فمجال
"-وكان معروضا عليها تقرير اللجنة التحضيرية عن دورتها ا ـ ـ ـ ـ ـ ـ ـ ة ودورتها الأولى ) ١ ( .-

- الحرف الأول [ ا ] - الحرف الأخير [ ة ] - [ ا ـ ـ ـ ـ ـ ـ ـ ة ] - عدد الحروف 9 -",التنظيمية,والتنظيمية,تنظيمية
"-159 - ينبغي للأونكتاد أيضا أن يسهم في بناء توافق في الآراء في المناقشات الدولية بشأن تسخير العلم والتكنولوجيا ل ـ ـ ـ ـ ض التنمية ، بما في ذلك تكنولوجيات المعلومات والاتصالات وتأثيراتها على التنمية ، وأن يواصل تقديم الدعم بوصفه أمانة اللجنة المعنية بتسخير العلم والتكنولوجيا ل ـ ـ ـ ـ ض التنمية .-

- الحرف الأول [ ل ] - الحرف الأخير [ ض ] - [ ل ـ ـ ـ ـ ض ] - عدد الحروف 6 -",لأغراض,ولأغراض,أغراض
"-ومن شأن إعادة ت ـ ـ ـ ل الريف ، وظهور منظمات الفلاحين حول شبكات الإنتاج والمناطق الطبيعية ، وتأسيس الغرف الإقليمية الزراعية أن يساعد على تنفيذ هذه السياسة .-

- الحرف الأول [ ت ] - الحرف الأخير [ ل ] - [ ت ـ ـ ـ ل ] - عدد الحروف 5 -",تشكيل,تكوين,كتشكيل
"-7 - تلاحظ أن التقديرات الأولية للميزانية البرنامجية المقترحة المقدمة من الأمين العام لم تتضمن اعتمادا لاحتياجات فترة السنتين 2002 - 2003 بشأن تنفيذ تقرير الفريق المعني بعمليات الأمم المتحدة للسلام ( ) ، وأن هذه الاحتياجات لا تزال قيد نظر الجمعية العامة ، وأنه ينبغي إدراج الاحتياجات المتعلقة بالميزانية العادية في الميزانية البرنامجية لفترة السنتين 2002 - 2003 ، رهنا ب ـ ـ ـ ـ ـ ة الجمعية العامة ؛-

- الحرف الأول [ ب ] - الحرف الأخير [ ة ] - [ ب ـ ـ ـ ـ ـ ة ] - عدد الحروف 7 -",بموافقة,وبموافقة,بموافقته
"-73 - قد يكون هناك شيء من الغموض بشأن معايير العمل الأساسية ؛ فمنظمة العمل الدولية قد درست بهمة المسائل المتعلقة بالعمل وبحقوق الإنسان ذات الصلة ل ـ ـ ـ  طويلة جدا .-

- الحرف الأول [ ل ] - [ ل ـ ـ ـ  ] - عدد الحروف 4 -",لمدة,ولمدة,لفترة
"-إن البرازيل تشارك في تقديم مشروع ا ـ ـ ـ ـ ر المعروض علينا ، والذي ستمكن أحكامه اتفاقية عام ١٩٨٢ من أن تصبح مقبولة عالميا ، وبالتالي ستكفل الإنشاء الكامل لنظام دولي متوازن وشامل لقاع البحار .-

- الحرف الأول [ ا ] - الحرف الأخير [ ر ] - [ ا ـ ـ ـ ـ ر ] - عدد الحروف 6 -",القرار,والقرار,فالقرار
"-و ـ ـ ـ د صاحب البلاغ أن محكمة الاستئناف حكمت فعلا ببراءته من خلال إلغاء إدانته وتبرئته .-

- الحرف الأول [ و ] - الحرف الأخير [ د ] - [ و ـ ـ ـ د ] - عدد الحروف 5 -",ويؤكد,ويؤكدون,فيؤكد
