QUESTION_TEXT,OPTION_1,OPTION_2,OPTION_3
"-وكما حدث في الدورات ا ـ ـ ـ ـ ـ ة ، ستقوم الأمانة بتلخيص مناقشات الاستعراضين في التقرير الختامي للجنة .-

- الحرف الأول [ ا ] - الحرف الأخير [ ة ] - [ ا ـ ـ ـ ـ ـ ة ] - عدد الحروف 7 -",السابقة,بالسابقة,والسابقة
"-وعلى نحو مماثل قدم صندوق الأمم المتحدة ل ـ ـ ـ ـ ن الدعم لجهود الشرطة الوطنية من أجل معالجة ومنع العنف الجنساني بطريقة أكثر فعالية وشمل ذلك تشجيع تعيين وترقية المرأة في صفوف الشرطة .-

- الحرف الأول [ ل ] - الحرف الأخير [ ن ] - [ ل ـ ـ ـ ـ ن ] - عدد الحروف 6 -",للسكان,وللسكان,لسكان
"-"" 2 - يدعو المنظمات الحكومية الدولية التابعة للأمم المتحدة ، ومنظمة الأمم المتحدة للتربية والعلم والثقافة وسائر المنظمات الحكومية الدولية ذات الصلة إلى اعتماد ن ـ ـ  على مستوى المنظومة فيما يتعلق بعقد الأمم المتحدة للتعليم في مجال حقوق الإنسان ؛-

- الحرف الأول [ ن ] - [ ن ـ ـ  ] - عدد الحروف 3 -",نهج,كنهج,لنهج
"-وقرر المجلس ، في جلسته 6119 ، المعقودة في 5 أيار / مايو 2009 ، دعوة ممثل نيبال للاشتراك ، دون أن يكون له حق التصويت ، وفقا للمادة 37 من نظامه الداخلي المؤقت ، في م ـ ـ ـ ـ ة البند المعنون :-

- الحرف الأول [ م ] - الحرف الأخير [ ة ] - [ م ـ ـ ـ ـ ة ] - عدد الحروف 6 -",مناقشة,مناقش,المناقشة
"-5 - وبسبب مواصلة أعمال القتال من ج ـ ـ ـ  قوات التحرير الوطنية بزعامة أغاثون رواسا ، هي آخر الحركات المتمردة النشطة ، شرعت حكومة بوروندي ، برعاية المبادرة الإقليمية ، في مفاوضات مع قوات التحرير الوطنية . وأسفرت هذه المفاوضات عن توقيع اتفاق شامل لوقف إطلاق النار في 7 أيلول / سبتمبر 2006 .-

- الحرف الأول [ ج ] - [ ج ـ ـ ـ  ] - عدد الحروف 4 -",جانب,بجانب,بالإضافة
"-125 - ينبغي للفريق العامل المفتوح العضوية أن يبحث مجالات العمل ذات الأولوية على الصعيد الدولي التي اقترحها البنك الدولي في ت ـ ـ ـ ـ ه الأخير وبرنامج الأمم المتحدة الإنمائي في ت ـ ـ ـ ـ ه عن التنمية البشرية لعام 2000 .-

- الحرف الأول [ ت ] - الحرف الأخير [ ه ] - [ ت ـ ـ ـ ـ ه ] - عدد الحروف 6 -",تقريره,وتقريره,بتقريره
"-657 - من الهام التأكيد على أن الحصبة ، ش ـ ـ ـ ا شأن الجدري أو شلل الأطفال ، هي مرض يمكن القضاء عليه وذلك بسبب خصائصها الوبائية ؛ فهي لا تصيب إلا الإنسان ؛ وهناك لقاح فعال للوقاية منها ؛ وليست هناك إصابات دون سريرية بها ؛ والمناعة ضدها طويلة الأمد بعد التطعيم أو الإصابة .-

- الحرف الأول [ ش ] - الحرف الأخير [ ا ] - [ ش ـ ـ ـ ا ] - عدد الحروف 5 -",شأنها,شأنه,لشأنها
"-27 - وفي الجلسة ن ـ ـ ـ ا ، اعتمد المجلس مشروع القرار .-

- الحرف الأول [ ن ] - الحرف الأخير [ ا ] - [ ن ـ ـ ـ ا ] - عدد الحروف 5 -",نفسها,بنفسها,تنفسها
"-3 - وانخفض عدد الانتهاكات الجوية للمنطقة العازلة التابعة للأمم المتحدة من 47 انتهاكا في ا ـ ـ ـ ـ ة المشمولة بالتقرير السابق إلى 33 انتهاكا .-

- الحرف الأول [ ا ] - الحرف الأخير [ ة ] - [ ا ـ ـ ـ ـ ة ] - عدد الحروف 6 -",الفترة,والفترة,فالفترة
"-فالممثل عضو في اللجنة ا ـ ـ ـ ـ ـ ـ ة الذي تقر وثيقة التوجيهات التكميلية بدوره كمدافع عن المشردين داخليا ، ودوره في تقديم توصيات من أجل تحسين الاستجابة لاحتياجاتهم ، ويعرض هذان الدوران بالتفصيل في مرفق ورقة اللجنة الدائمة ا ـ ـ ـ ـ ـ ـ ة بين الوكالات بشأن السياسة العامة في مجال حماية المشردين داخليا .-

- الحرف الأول [ ا ] - الحرف الأخير [ ة ] - [ ا ـ ـ ـ ـ ـ ـ ة ] - عدد الحروف 8 -",المشتركة,والمشتركة,مشتركة
"-وتكون الدول الأطراف ملزمة بعد ذلك بتقديم مزيد من التقارير بصفة دورية وفقا لأحكام كل معاهدة بشأن التقدم ا ـ ـ ـ ـ ز في الفترة التي تغطيها هذه التقارير .-

- الحرف الأول [ ا ] - الحرف الأخير [ ز ] - [ ا ـ ـ ـ ـ ز ] - عدد الحروف 6 -",المحرز,المحرزة,المحرزي
"-5 - فى الختام ، ووفقا لطلبات الاجتماع السادس عشر للأطراف تضمن التقرير ا ـ ـ ـ ـ ـ ي للفريق لعام 2006 قائمة بالافتراضات المعيارية الكامنة وراء التوصيات بشأن تعيينات الاستخدامات الحرجة ويمكن العثور على هذه القائمة على الصفحتين 7 و9 من التقرير ا ـ ـ ـ ـ ـ ي .-

- الحرف الأول [ ا ] - الحرف الأخير [ ي ] - [ ا ـ ـ ـ ـ ـ ي ] - عدد الحروف 7 -",النهائي,بالنهائي,والنهائي
"-وليس لدى أغلب البلدان النامية سوى موارد مالية محدودة لاستعمالها في البرامج ا ـ ـ ـ ـ ـ ـ ة بالسكان والصحة الإنجابية وليس بوسعها إيجاد الاعتمادات اللازمة لتنفيذ تلك البرامج .-

- الحرف الأول [ ا ] - الحرف الأخير [ ة ] - [ ا ـ ـ ـ ـ ـ ـ ة ] - عدد الحروف 8 -",المتعلقة,والمتعلقة,ومتعلقة
"-ويجب عقد انتخابات عامة في غضون ثلاثة أ ـ ـ ـ  بعد حل المجلس ويجب أن يجتمع المجلس الجديد في غضون شهر بعد كل انتخابات عامة .-

- الحرف الأول [ أ ] - [ أ ـ ـ ـ  ] - عدد الحروف 4 -",أشهر,وأشهر,اشهر
"-الرسم البياني ٦ - مكتب خدمات ا ـ ـ ـ ـ ـ ـ ع : تنفيذ ا ـ ـ ـ ـ ـ ـ ع وموظفو الفئة الفنية-

- الحرف الأول [ ا ] - الحرف الأخير [ ع ] - [ ا ـ ـ ـ ـ ـ ـ ع ] - عدد الحروف 8 -",المشاريع,والمشاريع,مشاريع
"-ويؤكد الفريق العامل على القيمة المحتملة لهذه الشراكات بوصفها ميثاقا إنمائيا يقضي بإضفاء الطابع المؤسسي على عملية المشاركة الشاملة والتدقيق العام الشفاف ، التي تؤدي إلى إ ـ ـ ـ ل الحق في التنمية .-

- الحرف الأول [ إ ] - الحرف الأخير [ ل ] - [ إ ـ ـ ـ ل ] - عدد الحروف 5 -",إعمال,وإعمال,إعمالها
"-ويتوقع أن تسفر هذه الظاهرة عن ز ـ ـ ـ ـ ت كبيرة في الحالات الصحية الناجمة عن السمنة مع بلوغ هؤلاء الأطفال متوسط العمر .-

- الحرف الأول [ ز ] - الحرف الأخير [ ت ] - [ ز ـ ـ ـ ـ ت ] - عدد الحروف 6 -",زيادات,الزيادات,وزيادات
"-* إن حيازة ا ـ ـ ـ ـ ـ ة النارية أو الاتجار بها أو استيرادها أو تصديرها في دولة قطر منظم بموجب القانون رقم 14 لسنة 1999 بشأن ا ـ ـ ـ ـ ـ ة والذخائر والمتفجرات .-

- الحرف الأول [ ا ] - الحرف الأخير [ ة ] - [ ا ـ ـ ـ ـ ـ ة ] - عدد الحروف 7 -",الأسلحة,والأسلحة,لأسلحة
"-وأعلن الرئيس أنه قد أذن له ، عقب مشاورات أجراها المجلس ، بأن يدلي ب ـ ـ ـ ن باسم المجلس ، وتلا نص ذلك البيان ( للاطلاع على النص ، انظر الوثيقة S / PRST / 2006 / 55 التي ستصدر ضمن الوثائق الرسمية لمجلس الأمن ، قرارات ومقررات مجلس الأمن ، 1 آب / أغسطس 2006 - 31 تموز / يوليه 2007 ) .-

- الحرف الأول [ ب ] - الحرف الأخير [ ن ] - [ ب ـ ـ ـ ن ] - عدد الحروف 5 -",ببيان,ببيانه,بالبيان
"-1 - الرئيس : قال إنه تلقى طلبا إضافيا للإدلاء ببيان أ ـ ـ ـ ء المناقشة العامة من ممثل الوكالة البرازيلية - الأرجنتينية لحصر ومراقبة المواد النووية .-

- الحرف الأول [ أ ] - الحرف الأخير [ ء ] - [ أ ـ ـ ـ ء ] - عدد الحروف 5 -",أثناء,وأثناء,اثناء
