QUESTION_TEXT,OPTION_1,OPTION_2,OPTION_3
"-( أ ) التوافر : يجب أن توفر الدولة الطرف القدر ا ـ ـ ـ ـ ي من المرافق العامة المعنية بالصحة العامة والرعاية الصحية وكذلك من السلع والخدمات والبرامج .-

- الحرف الأول [ ا ] - الحرف الأخير [ ي ] - [ ا ـ ـ ـ ـ ي ] - عدد الحروف 6 -",الكافي,بالكافي,الكافيجي
"-( أ ) نشر المعلومات عن جميع أنشطة منظومة الأمم المتحدة ا ـ ـ ـ ـ ـ ـ ة بقضية فلسطين ، بما في ذلك التقارير ا ـ ـ ـ ـ ـ ـ ة بالأعمال التي تضطلع بها منظمات الأمم المتحدة ذات الصلة ؛-

- الحرف الأول [ ا ] - الحرف الأخير [ ة ] - [ ا ـ ـ ـ ـ ـ ـ ة ] - عدد الحروف 8 -",المتعلقة,والمتعلقة,ومتعلقة
"-269 - أشاد الوزراء بإسهام بعثة الاتحاد الأفريقي في الصومال في تحقيق السلام والاستقرار الدائمين وعبروا عن امتنانهم للالتزام المتواصل الذي أبدته حكومتا أوغندا وبوروندي تجاه الصومال ، ودعوا أعضاء المجتمع الدولي إلى تقديم الموارد لها لكي ت ـ ـ ـ  بمهمتها على نحو أفضل .-

- الحرف الأول [ ت ] - [ ت ـ ـ ـ  ] - عدد الحروف 4 -",تقوم,وتقوم,ستقوم
"-وبالإضافة إلى ذلك شاركت اللجنة ، في عام ١٩٩٣ ، في تأسيس شبكة معاهد ا ـ ـ ـ ث والتدريب والإعلام في مجال المستوطنات البشرية بآسيا والمحيط الهادئ .-

- الحرف الأول [ ا ] - الحرف الأخير [ ث ] - [ ا ـ ـ ـ ث ] - عدد الحروف 5 -",البحث,البحثة,البحثى
"-وبغية مواجهة التحديات الخارجية والداخلية المستجدة ، لا بد للقاعدة الصناعية في سري لانكا من اعتماد استراتيجية مدمجة بشأن إعادة البناء ، وتنويع المنتجات بالابتعاد عن هيمنة قطاع الملابس والتحرك صوب مجالات ذات ق ـ ـ ـ  مضافة أعلى ، وتعزيز قدرات البلد التكنولوجية .-

- الحرف الأول [ ق ] - [ ق ـ ـ ـ  ] - عدد الحروف 4 -",قيمة,وقيمة,القيمة
"-٤٦٠ - إن التوصل إلى حل وسط ، وكذلك التسامح والمصالحة الوطنية ، هي ، برأيي ، العناصر ا ـ ـ ـ ـ ـ ـ ة لتحقيق تحول سلمي في أنغولا .-

- الحرف الأول [ ا ] - الحرف الأخير [ ة ] - [ ا ـ ـ ـ ـ ـ ـ ة ] - عدد الحروف 8 -",الرئيسية,والرئيسية,الرئيسة
"-&apos; 2` لا ي ـ ـ ـ ي لأي شخص أن يحمل أية أسلحة إلا إذا كان بإذن من لجنة وقف إطلاق النار وبمرافقة اليوناميد ؛-

- الحرف الأول [ ي ] - الحرف الأخير [ ي ] - [ ي ـ ـ ـ ي ] - عدد الحروف 5 -",ينبغي,يجب,وينبغي
"-7 - وقد يود الفريق ا ـ ـ ـ ـ ل المفتوح العضوية أن ينشئ في إطار هذا البند من جدول الأعمال ، فريق اتصال للنظر في مشروع إطار العمل الاستراتيجي الجديد ، ونتائج فريق التنسيق ومشروع المقرر المقترح على النحو الوارد في الوثيقة UNEP / CHW / OEWG / 7 / 3 .-

- الحرف الأول [ ا ] - الحرف الأخير [ ل ] - [ ا ـ ـ ـ ـ ل ] - عدد الحروف 6 -",العامل,فالعامل,كالعامل
"-( ب ) التدابير التي يعتزم الطرف تنفيذها بغية الوفاء ب ـ ـ ـ ـ ـ ـ ـ ت تحديد أو خفض الانبعاثات المحددة كميا في فترة الالتزام اللاحقة مع إيلاء الأولوية للسياسات والتدابير الوطنية ؛-

- الحرف الأول [ ب ] - الحرف الأخير [ ت ] - [ ب ـ ـ ـ ـ ـ ـ ـ ت ] - عدد الحروف 9 -",بالتزامات,بالالتزامات,التزامات
"-31 - وفي 2 نيسان / أبريل 2006 ، قدمت حكومة اليمن ، تمشيا مع روح ومضمون التعاون القائم بينها وبين فريق الرصد ، معلومات مفصلة سلمت فيها بأنها قامت بشحن البزات المذكورة إلى ا ـ ـ ـ ـ ـ ة الاتحادية الانتقالية في الصومال .-

- الحرف الأول [ ا ] - الحرف الأخير [ ة ] - [ ا ـ ـ ـ ـ ـ ة ] - عدد الحروف 7 -",الحكومة,فالحكومة,والحكومة
"-أولا - اتفاقية روتردام المتعلقة بتطبيق إجراء الموافقة المسبقة عن علم على مواد كيميائية ومبيدات آ ـ ـ ـ  معينة خطرة متداولة في التجارة الدولية-

- الحرف الأول [ آ ] - [ آ ـ ـ ـ  ] - عدد الحروف 4 -",آفات,لآفات,بآفات
"-يتوقع لهذا البرنامج الفرعي أن يحقق هدفه وإنجازاته المتوقعة على افتراض أنه ستكون هناك ، أولا ، إرادة سياسية والتزام من جانب الحكومات ورغبة في إقامة الهياكل الوطنية المؤسسية والإدارية التي تدعم قضايا إدارة الموارد الطبيعية وتخفف من التدهور البيئي للنظم الإيكولوجية الطبيعية ، وثانيا ، تقديم الدعم الفعال للشركاء ، وثالثا عدم السماح بوجود أوجه قصور رئيسية في مستوى المساهمات في ص ـ ـ ـ ق البيئة وفي التمويل الخارجي الآخر تؤثر على تنفيذ برنامج العمل .-

- الحرف الأول [ ص ] - الحرف الأخير [ ق ] - [ ص ـ ـ ـ ق ] - عدد الحروف 5 -",صندوق,صندوقه,كصندوق
"-نود إبلاغ المتكلمين في مجلس الأمن أن تقديم نسخ مسبقة من البيانات المعدة التي يعتزمون الإدلاء بها أمام المجلس ييسر كثيرا عمل الأمانة العامة حيث يتيح لها توزيع عدد كاف من النسخ على جميع المشاركين في الجلسة ويمكن المترجمين الشفويين ومدوني المحاضر الحرفية والعاملين ب ـ ـ ـ ـ ـ ـ ة من الحفاظ على جودة المادة التي يقدمونها .-

- الحرف الأول [ ب ] - الحرف الأخير [ ة ] - [ ب ـ ـ ـ ـ ـ ـ ة ] - عدد الحروف 8 -",بالصحافة,كالصحافة,والصحافة
"-118 - وعلى الرغم من التسليم بالأثر الكبير للتدابير التي فرضها مجلس الأمن على جمهورية كوريا الشعبية الديمقراطية وقادتها ، فمن الصعب أن تنسب إلى هذه التدابير الظروف الاقتصادية القاسية التي تؤثر على السكان في جمهورية كوريا الشعبية الديمقراطية بصفة ع ـ ـ ـ  .-

- الحرف الأول [ ع ] - [ ع ـ ـ ـ  ] - عدد الحروف 4 -",عامة,بصفة,عامة تقع
"-الميسر ، السيد جواد أمين منصور ( جمهورية إيران الإسلامية ) ، في إطار البند 53 ( أ ) من ج ـ ـ ـ  الأعمال ( تنفيذ ج ـ ـ ـ  أعمال القرن 21 ، وبرنامج مواصلة تنفيذ ج ـ ـ ـ  أعمال القرن 21 ونتائج مؤتمر القمة العالمي للتنمية المستدامة )-

- الحرف الأول [ ج ] - [ ج ـ ـ ـ  ] - عدد الحروف 4 -",جدول,كجدول,لجدول
"-وسيعاد تقديم العطاءات للحصول على عقود التوظيف الميداني العالمية خلال الفترة 2011 / 2012 ، ويلزم التماس مشورة الخبراء من جهات ثالثة مستقلة فيما يتعلق باستعراض العمليات الراهنة ، والتوصية بإعمال أفضل الممارسات القطاعية في عملية تقديم العطاءات الجديدة المقبلة التي سيكون من شأنها أن تلبي ا ـ ـ ـ ـ ـ ـ ت المنظمة .-

- الحرف الأول [ ا ] - الحرف الأخير [ ت ] - [ ا ـ ـ ـ ـ ـ ـ ت ] - عدد الحروف 8 -",احتياجات,واحتياجات,أحتياجات
"-وفي أيلول / سبتمبر 2008 ، أقر الأمين العام توصية ممثل مكتب لجنة ا ـ ـ ـ ـ ـ ق المستقلة بتمديد ولاية المكتب لغاية 31 كانون الأول / ديسمبر 2010 ؛-

- الحرف الأول [ ا ] - الحرف الأخير [ ق ] - [ ا ـ ـ ـ ـ ـ ق ] - عدد الحروف 7 -",التحقيق,والتحقيق,التحقيقي
"-وتتمثل الدعامة الثانية في منع توفير الملاذ الآمن ل ـ ـ ـ ـ ء الأشخاص في إنفاذ القوانين داخل كندا .-

- الحرف الأول [ ل ] - الحرف الأخير [ ء ] - [ ل ـ ـ ـ ـ ء ] - عدد الحروف 6 -",لهؤلاء,ولهؤلاء,كهؤلاء
"-"" 5 - أن تعرض الاختصاصات المذكورة ، على ا ـ ـ ـ ـ ـ ف أثناء الاجتماع السادس والعشرين للفريق العامل مفتوح العضوية وتدبير الموارد لهذا الغرض عند تجديد موارد الصندوق متعدد ا ـ ـ ـ ـ ـ ف للفترة 2006 - 2008 . ""-

- الحرف الأول [ ا ] - الحرف الأخير [ ف ] - [ ا ـ ـ ـ ـ ـ ف ] - عدد الحروف 7 -",الأطراف,والأطراف,لأطراف
"-( أ ) لجنة استعراض ا ـ ـ ـ ـ ـ ـ ت العضوية الثابتة ، وتجتمع سنويا لبحث أي مقترحات يقدمها الأطراف بإضافة مواد كيميائية جديدة إلي الاتفاقية ؛-

- الحرف الأول [ ا ] - الحرف الأخير [ ت ] - [ ا ـ ـ ـ ـ ـ ـ ت ] - عدد الحروف 8 -",الملوثات,والملوثات,لملوثات
