QUESTION_TEXT,OPTION_1,OPTION_2,OPTION_3
"-36 - ويؤكد توافق آراء مونتيري لعام 2002 أيضا الدور ا ـ ـ ـ ـ ي للمساعدة الإنمائية الرسمية لتحقيق التنمية والأهداف الإنمائية للألفية .-

- الحرف الأول [ ا ] - الحرف الأخير [ ي ] - [ ا ـ ـ ـ ـ ي ] - عدد الحروف 6 -",الحيوي,والحيوي,الحيويه
"-وفي هذا السياق ، ينبغي لمؤسسات التمويل المتعددة الأطراف وغيرها من الجهات المانحة التقليدية أن تواصل التركيز على تمويل مشاريع ا ـ ـ ـ ى التحتية والتجهيزات .-

- الحرف الأول [ ا ] - الحرف الأخير [ ى ] - [ ا ـ ـ ـ ى ] - عدد الحروف 5 -",البنى,والبنى,البنية
"-ونتيجة لذلك ، قمت بوصفي رئيسا لتلك اللجنة ، بتقديم مشروع قرار باسم استراليا ، يرد في الوثيقة A / 48 / L . 7 ؛ وهو يدعو ببساطة الجمعية لأن تحتفل في جلستها العامة ا ـ ـ ـ ـ ـ ـ ة في ١ تشرين الثاني / نوفمبر من هذا العام بإعلان الدول الأربع الذي اعتمد في موسكو في ٣٠ تشرين الأول / أكتوبر ١٩٤٣ .-

- الحرف الأول [ ا ] - الحرف الأخير [ ة ] - [ ا ـ ـ ـ ـ ـ ـ ة ] - عدد الحروف 8 -",المعقودة,المعقود,معقودة
"-وتقرر أيضا أن تقوم اللجنة بالإشراف على التنفيذ الفعال للبرنامج على المستوى القطري ، آخذة بعين الاعتبار القدرة المحدودة لأعضاء لجنة التنسيق ا ـ ـ ـ ـ ـ ـ ة على الصعيد الميداني ، وأن تكفل التفاعل مع آليات التنسيق ذات الصلة مثل مجموعة الأمم المتحدة الإنمائية .-

- الحرف الأول [ ا ] - الحرف الأخير [ ة ] - [ ا ـ ـ ـ ـ ـ ـ ة ] - عدد الحروف 8 -",الإدارية,والإدارية,الإداريه
"-1 - إننا ملتزمون بالقضاء على الفقر وتحسين نوعية حياة الناس في أقل البلدان نموا عن طريق تعزيز قدراتهم على بناء م ـ ـ ـ ـ ل أفضل لأنفسهم وتنمية بلدانهم .-

- الحرف الأول [ م ] - الحرف الأخير [ ل ] - [ م ـ ـ ـ ـ ل ] - عدد الحروف 6 -",مستقبل,ومستقبل,كمستقبل
"-وقد خلص التقييم الخارجي لمبادرة تعليم ا ـ ـ ـ ـ ت الأفريقيات إلى أن جهود اليونيسيف وشركائها قد أثرت على مجال السياسات ، وعززت موقع قضايا الجنسين ضمن مسار التعليم في جميع أنحاء أفريقيا .-

- الحرف الأول [ ا ] - الحرف الأخير [ ت ] - [ ا ـ ـ ـ ـ ت ] - عدد الحروف 6 -",البنات,والبنات,بالبنات
"-وهناك ع ـ ـ  عوامل مسؤولة عن هذه الظاهرة وهي : ) أ ( زيادة اعتماد العديد من البلدان على الموارد الخارجية بسبب التغيرات الهيكلية في الاقتصاد العالمي وإخفاق السياسات الماضية ؛ ) ب ( زيادة تعرض العديد من الاقتصادات النامية للهزات الخارجية بسبب الافتقار إلى التنوع وانخفاض المرونة في قاعدتها الانتاجية ؛ ) ج ( أزمة الديون الراهنة ، الأمر الذي عزز تبعيتها الاقتصادية .-

- الحرف الأول [ ع ] - [ ع ـ ـ  ] - عدد الحروف 3 -",عدة,عديدة,لعدة
"-9 - ويبشر الالتزام البناء من ج ـ ـ ـ  البلدان النامية بالخير لهذا العمل المستقبلي ، فهذا هو الالتزام الذي سعى الأونكتاد إلى النهوض به ليكون سمة خاصة للمفاوضات التي تجرى في إطار الدورة الاستثنائية للجنة التجارة والبيئة .-

- الحرف الأول [ ج ] - [ ج ـ ـ ـ  ] - عدد الحروف 4 -",جانب,بجانب,بالإضافة
"-( أ ) وضع وتنفيذ استراتيجيات لتوظيف المرشحين المؤهلين تأهيلا عاليا الذين سبق فحصهم ، في ا ـ ـ ـ ـ ـ ـ ت الميدانية ، مع إيلاء اهتمام خاص لزيادة توظيف المرشحات المؤهلات ؛-

- الحرف الأول [ ا ] - الحرف الأخير [ ت ] - [ ا ـ ـ ـ ـ ـ ـ ت ] - عدد الحروف 8 -",العمليات,والعمليات,فالعمليات
"-ويأتي التمويل الرئيسي من الموارد الأساسية لموئل الأمم المتحدة ( مؤسسة الموئل والمستوطنات البشرية ) في ظل الطبيعة المعيارية التي تغلب على عمل مدراء برنامج الموئل ، وكذلك من خلال ا ـ ـ ـ ـ ـ ج العالمية والموارد العامة المتولدة عن تنفيذ المشاريع .-

- الحرف الأول [ ا ] - الحرف الأخير [ ج ] - [ ا ـ ـ ـ ـ ـ ج ] - عدد الحروف 7 -",البرامج,فالبرامج,كالبرامج
"-ويشير الفريق إلى أن أعضاء اللجنة لم يقدموا دوما ، أ ـ ـ ـ ء الاستعراض ، سببا لتبرير عدم موافقتهم على مقترح لشطب اسم ما من القائمة ، ولم يفصحوا علنا عن أي سبب بشأن أي من هذه الحالات .-

- الحرف الأول [ أ ] - الحرف الأخير [ ء ] - [ أ ـ ـ ـ ء ] - عدد الحروف 5 -",أثناء,وأثناء,اثناء
"-١٩ - ووافقت الجمعية العامة في قرارها ٤٧ / ١٩١ المؤرخ ٢٢ كانون الأول / ديسمبر ١٩٩٢ ، على التوصيات الواردة في جدول أعمال القرن ٢١ بشأن ا ـ ـ ـ ـ ـ ـ ـ ت المؤسسية لمتابعة أعمال المؤتمر وطلبت من المجلس الاقتصادي والاجتماعي أن ينشئ لجنة رفيعة المستوى معنية بالتنمية المستدامة وفقا لما أوصي به في جدول أعمال القرن ٢١ .-

- الحرف الأول [ ا ] - الحرف الأخير [ ت ] - [ ا ـ ـ ـ ـ ـ ـ ـ ت ] - عدد الحروف 9 -",الترتيبات,والترتيبات,بالترتيبات
"-وعززت البعثة حوارها مع قوات الدفاع والأمن ب ـ ـ ـ  القضايا المتعلقة بحقوق الطفل والعنف الجنسي في المناطق الواقعة تحت سيطرتها .-

- الحرف الأول [ ب ] - [ ب ـ ـ ـ  ] - عدد الحروف 4 -",بشأن,وبشأن,بشأنه
"-( و ) وضع استراتيجيات لإنجاز أفضل صلة بين النقل ا ـ ـ ـ ي والسياحة ؛-

- الحرف الأول [ ا ] - الحرف الأخير [ ي ] - [ ا ـ ـ ـ ي ] - عدد الحروف 5 -",الجوي,والجوي,الجوى
"-( ب ) إيلاء اهتمام خاص لعملية اختيار الدراسات التي تطلبها اللجنة على وجه التحديد ، على أن تركز اهتمامها في الوقت نفسه على سبل ت ـ ـ ـ ن تطبيق المعايير الحالية ووقته ؛-

- الحرف الأول [ ت ] - الحرف الأخير [ ن ] - [ ت ـ ـ ـ ن ] - عدد الحروف 5 -",تحسين,وتحسين,لتحسين
"-وقد عرض اختبار فيروس نقص المناعة البشرية على جميع النساء ا ـ ـ ـ ـ ـ ل ، بينما تقدم الرعاية الطبية المجانية للنساء ا ـ ـ ـ ـ ـ ل المصابات ، فضلا عن توفير العلاج الوقائي الذي يمنع انتقال العدوى رأسيا من الأم الحامل إلى الطفل .-

- الحرف الأول [ ا ] - الحرف الأخير [ ل ] - [ ا ـ ـ ـ ـ ـ ل ] - عدد الحروف 7 -",الحوامل,والحوامل,حوامل
"-: : تدريب جميع موظفي البعثة الجدد تدريبا تمهيديا على المسائل المتصلة ب ـ ـ ـ ـ ن وتدريبا أوليا على مكافحة الحرائق-

- الحرف الأول [ ب ] - الحرف الأخير [ ن ] - [ ب ـ ـ ـ ـ ن ] - عدد الحروف 6 -",بالأمن,والأمن,كالأمن
"-لكن هذا كان في الحقيقة كشفا سافرا وبغير قناع على منصات الأمم المتحدة عن عزم اليابان الذي أضمرته على انتاج وامتلاك أسلحة نووية وتمهيد السبيل أمام عدوان يتم فيما وراء ا ـ ـ ـ ـ ر بحيث يتاح لهم استخدامها في حالة الطوارئ .-

- الحرف الأول [ ا ] - الحرف الأخير [ ر ] - [ ا ـ ـ ـ ـ ر ] - عدد الحروف 6 -",البحار,لبحار,والبحار
"-وهذه المشاركة على م ـ ـ ـ ى المقر تقابلها مشاركة مماثلة على الصعيد القطري ، وذلك ، مثلا ، من خلال تعزيز قدرة مكتب الممثل التنفيذي للأمم المتحدة في سيراليون ودعم نشر البعثات المتكاملة في مناطق ذلك البلد .-

- الحرف الأول [ م ] - الحرف الأخير [ ى ] - [ م ـ ـ ـ ى ] - عدد الحروف 5 -",مستوى,فمستوى,لمستوى
"-وتغطي معاهدة راروتونغا ، جنبا إلى جنب مع معاهدة تلاتيلولكو التي تغطي أمريكا اللاتينية ومنطقة معاهدة أنتاركتيكا ، مناطق متجاورة تشكل ن ـ ـ ـ  كبيرة جدا من مساحة الكرة الأرضية .-

- الحرف الأول [ ن ] - [ ن ـ ـ ـ  ] - عدد الحروف 4 -",نسبة,ونسبة,فنسبة
