QUESTION_TEXT,OPTION_1,OPTION_2,OPTION_3
"-٢٥ طاء - ٣٥ ستعمل الدائرة كحلقة اتصال بالدوائر الأخرى لتجهيز البيانات داخل مركز ف ـ ـ ـ ا الدولي وكمنسق للعلاقات معها .-

- الحرف الأول [ ف ] - الحرف الأخير [ ا ] - [ ف ـ ـ ـ ا ] - عدد الحروف 5 -",فيينا,بفيينا,لفيينا
"-ووفقا للمقرر 2006 / 14 ، قرر المجلس أن يجري اختيار أعضاء المكتب الجديد قبل عقد ا ـ ـ ـ ـ ـ ـ ع المشترك ، وبناء عليه ستعقد جلسة رسمية للمجلس التنفيذي لبرنامج الأمم المتحدة الإنمائي وصندوق الأمم المتحدة للسكان ، يوم الخميس ، 11 كانون الثاني / يناير ، من الساعة 00 / 11 إلى 00 / 12 في غرفة الاجتماعات 5 .-

- الحرف الأول [ ا ] - الحرف الأخير [ ع ] - [ ا ـ ـ ـ ـ ـ ـ ع ] - عدد الحروف 8 -",الاجتماع,اجتماع,الإجتماع
"-ستعرض على المجلس تقارير المجالس ا ـ ـ ـ ـ ـ ـ ـ ة لبرنامج الأمم المتحدة الإنمائي / صندوق الأمم المتحدة للسكان ، ومنظمة الأمم المتحدة للطفولة ، وبرنامج الأغذية العالمي ، وتقرير الأمين العام عن القضايا التي انبثقت عن المجالس ا ـ ـ ـ ـ ـ ـ ـ ة لصناديق الأمم المتحدة وبرامجها ، بما في ذلك صورتها المالية العامة ، إلى جانب التقارير السنوية للصناديق والبرامج الأربعة .-

- الحرف الأول [ ا ] - الحرف الأخير [ ة ] - [ ا ـ ـ ـ ـ ـ ـ ـ ة ] - عدد الحروف 9 -",التنفيذية,والتنفيذية,تنفيذية
"-ولا تتحمل منظمة الأمم المتحدة للأغذية و ـ ـ ـ ـ ـ ـ ة وبرنامج الأمم المتحدة للبيئة أي مسؤولية عن أي أذى أو ضرر أو خسارة أو ضير من أي نوع يحدث نتيجة لاستيراد هذه المادة الكيميائية أو حظر استيرادها .-

- الحرف الأول [ و ] - الحرف الأخير [ ة ] - [ و ـ ـ ـ ـ ـ ـ ة ] - عدد الحروف 8 -",والزراعة,والزراع,كالزراعة
"-وطلب المجلس إلى البرنامج أن يحيل ا ـ ـ ـ ـ ـ ـ ـ ت وتوصيات اجتماعات لجنة المنظمات المشاركة في الرعاية ومجلس تنسيق البرنامج إلى المجلس الاقتصادي والاجتماعي وإلى هيئات إدارة المنظمات المشاركة في الرعاية .-

- الحرف الأول [ ا ] - الحرف الأخير [ ت ] - [ ا ـ ـ ـ ـ ـ ـ ـ ت ] - عدد الحروف 9 -",استنتاجات,واستنتاجات,الاستنتاجات
"-واسترعى انتباه أعضاء اللجنة إلى م ـ ـ ـ ة رئيس لجنة القضاء على التمييز العنصري الواردة في التقرير A / 48 / 18 وقال إن وفد اليابان يرجو أن تتخذ الجمعية العامة في هذه الدورة القرار قيد النظر الذي يأخذ في الاعتبار التغيرات التي طرأت في العالم وأن تعتمد اللجنة الثالثة انطلاقا من نفس هذا المفهوم قرارات أخرى بشأن مختلف المواضيع المعروضة عليها وهذا من شأنه أن يعزز الثقة في أعمالها .-

- الحرف الأول [ م ] - الحرف الأخير [ ة ] - [ م ـ ـ ـ ة ] - عدد الحروف 5 -",مذكرة,ومذكرة,لمذكرة
"-والهدف من زيارتهم هو الحصول على معلومات مباشرة عن عمل ا ـ ـ ـ ـ ـ ة ، وتعزيز قدرات منظمات المجتمع المدني في رواندا في مجال القانون الإنساني الدولي والفقه الجنائي .-

- الحرف الأول [ ا ] - الحرف الأخير [ ة ] - [ ا ـ ـ ـ ـ ـ ة ] - عدد الحروف 7 -",المحكمة,محكمة,فالمحكمة
"-4 - معلومات مقدمة من أمانة الصندوق بشأن مقررات اللجنة التنفيذية وثيقة ا ـ ـ ـ ة وبشأن الأنشطة التي اضطلعت بها الوكالات المنفذة ( برنامج الأمم المتحدة الإنمائي ، برنامج الأمم المتحدة للبيئة ، منظمة الأمم المتحدة للتنمية الصناعية والبنك الدولي ) لتيسير امتثال الأطراف .-

- الحرف الأول [ ا ] - الحرف الأخير [ ة ] - [ ا ـ ـ ـ ة ] - عدد الحروف 5 -",الصلة,صلة,والصلة
"-63 - وأثناء الفترة المشمولة بالاستعراض ، دخلت العملية ا ـ ـ ـ ـ ـ ـ ة للاتحاد الأفريقي والأمم المتحدة في دارفور في حوار مع أطراف النزاع للخروج بالتزامات بوضع خطط عمل ترمي لإنهاء تجنيد الجنود الأطفال واستخدامهم .-

- الحرف الأول [ ا ] - الحرف الأخير [ ة ] - [ ا ـ ـ ـ ـ ـ ـ ة ] - عدد الحروف 8 -",المختلطة,والمختلطة,ومختلطة
"-&apos; 3` تحديد أفضل الممارسات في مجال بناء ا ـ ـ ـ ـ ـ ت وتعميمها على الدول الأعضاء ؛-

- الحرف الأول [ ا ] - الحرف الأخير [ ت ] - [ ا ـ ـ ـ ـ ـ ت ] - عدد الحروف 7 -",القدرات,والقدرات,بالقدرات
"-ويقترح إعادة تصنيف وظيفة من ا ـ ـ ـ ـ ة المحلية الى وظيفة من ا ـ ـ ـ ـ ة ف - ٢ ، اقتصادي ، وهي الوظيفة التي صنفت ضمن ا ـ ـ ـ ـ ة الفنية في إطار ممارسة تصنيف وظائف الخدمات العامة المضطلع بها في إطار المعايير التي وضعتها لجنة الخدمة المدنية الدولية .-

- الحرف الأول [ ا ] - الحرف الأخير [ ة ] - [ ا ـ ـ ـ ـ ة ] - عدد الحروف 6 -",الرتبة,فالرتبة,والرتبة
"-ويزيد من حدة المشكلة ارتفاع عدد العمال الذين يعملون في المؤسسات ا ـ ـ ـ ـ ـ ـ ة الخاصة .-

- الحرف الأول [ ا ] - الحرف الأخير [ ة ] - [ ا ـ ـ ـ ـ ـ ـ ة ] - عدد الحروف 8 -",التجارية,والتجارية,التجاري
"-وتعبيرا عن هذا القرار ، دعا و ـ ـ ـ ء خارجية بلدان عدم الانحياز ، عند اجتماعهم في أوائل الشهر الحالي ، القوى السياسية الرئيسية لأن تواصل جهودها صوب الحوار المثمر من أجل تحقيق عملية إعادة البناء الاقتصادي والاجتماعي في نيكاراغوا .-

- الحرف الأول [ و ] - الحرف الأخير [ ء ] - [ و ـ ـ ـ ء ] - عدد الحروف 5 -",وزراء,كوزراء,بوزراء
"-3 - وبالإضافة إلى ذلك ، طلب مجلس الأمن صراحة إلى إسرائيل ، بموجب أحكام قراره 487 ( 1981 ) ، أن تخضع م ـ ـ ـ ـ ـ ا النووية لنظام ضمانات الوكالة .-

- الحرف الأول [ م ] - الحرف الأخير [ ا ] - [ م ـ ـ ـ ـ ـ ا ] - عدد الحروف 7 -",منشآتها,منشآته,منشآتهم
"-إدانة الاعتداءات على الصحفيين والإعلاميين والأفراد المرتبطين بهم العاملين في ح ـ ـ ـ ت النزاع المسلح والدعوة إلى الكف عن تلك الاعتداءات فورا .-

- الحرف الأول [ ح ] - الحرف الأخير [ ت ] - [ ح ـ ـ ـ ت ] - عدد الحروف 5 -",حالات,كحالات,فحالات
"-الرئيسة بالنيابة ( تكلمت بالإنكليزية ) : بذلك تكون ا ـ ـ ـ ـ ـ ة العامة قد اختتمت هذه المرحلة من نظرها في البند 135 من جدول الأعمال .-

- الحرف الأول [ ا ] - الحرف الأخير [ ة ] - [ ا ـ ـ ـ ـ ـ ة ] - عدد الحروف 7 -",الجمعية,في الجمعية,فالجمعية
"-( و ) تعزيز الشراكات مع القطاع الخاص في إ ـ ـ ـ  نظام متكامل يربط بين التعليم والتدريب والعمل ، بما في ذلك العمل الحر ؛-

- الحرف الأول [ إ ] - [ إ ـ ـ ـ  ] - عدد الحروف 4 -",إطار,اطار,الإطار
"-وعملا بما نصت عليه الوثيقة ا ـ ـ ـ ـ ـ ـ ة لمؤتمر استعراض معاهدة عدم الانتشار في عام 2000 ، على سبيل المساهمة في الجهود التي يبذلها المجتمع الدولي في مجال نزع السلاح ، قدمت الأرجنتين أثناء المؤتمر السابع لاستعراض معاهدة عدم الانتشار تقريرها بشأن تنفيذ المادة السادسة من هذه المعاهدة ( ثلاث خطوات ) .-

- الحرف الأول [ ا ] - الحرف الأخير [ ة ] - [ ا ـ ـ ـ ـ ـ ـ ة ] - عدد الحروف 8 -",الختامية,الختامي,ختامية
"-وأود بصفة خاصة أن أشير إلى قرار مجلس الأمن 1177 ( 1998 ) وإلى الفقرة 8 منه التي أنشأ المجلس فيها صندوقا استئمانيا لدعم تخطيط ورسم الحدود ا ـ ـ ـ ـ ـ ـ ة بين البلدين وإلى الفقرة 49 من تقرير الأمين العام عن إثيوبيا وإريتريا ( S / 2001 / 202 ) ، بتاريخ 7 آذار / مارس 2001 ، التي وجه فيها نداء عاجلا للدول الأعضاء لتقديم تبرعات للصندوق .-

- الحرف الأول [ ا ] - الحرف الأخير [ ة ] - [ ا ـ ـ ـ ـ ـ ـ ة ] - عدد الحروف 8 -",المشتركة,والمشتركة,مشتركة
"-وتم تعزيز خدمات الدعم العسكري والمدني المتكاملة وإنشاء مرافق مكينة للاتصالات والدعم الإلكتروني في سائر مناطق عمليات ا ـ ـ ـ ـ ة .-

- الحرف الأول [ ا ] - الحرف الأخير [ ة ] - [ ا ـ ـ ـ ـ ة ] - عدد الحروف 6 -",البعثة,والبعثة,بالبعثة
