QUESTION_TEXT,OPTION_1,OPTION_2,OPTION_3
"-وتعمل المحاكم حسب ما نص عليه ا ـ ـ ـ ـ ـ ر والقانون ، ولا توجد في كولومبيا أية منطقة ، بما في ذلك المنطقة المنزوعة السلاح ، لا تشملها السيادة أو لا يعمل فيها النظام القضائي .-

- الحرف الأول [ ا ] - الحرف الأخير [ ر ] - [ ا ـ ـ ـ ـ ـ ر ] - عدد الحروف 7 -",الدستور,فالدستور,والدستور
"-مساهمات في تقرير الأمين العام بشأن م ـ ـ ـ ـ ة نتائج المؤتمر الدولي لتمويل التنمية .-

- الحرف الأول [ م ] - الحرف الأخير [ ة ] - [ م ـ ـ ـ ـ ة ] - عدد الحروف 6 -",متابعة,كمتابعة,ولمتابعة
"-فريق الخبراء الحكومي الدولي المعني ب ـ ـ ـ ـ ـ ن وسياسات المنافسة ، الدورة الحادية عشرة ( حلقة عمل تعقد في اليوم الرابع )-

- الحرف الأول [ ب ] - الحرف الأخير [ ن ] - [ ب ـ ـ ـ ـ ـ ن ] - عدد الحروف 7 -",بقوانين,بقوانينه,كقوانين
"-قبل أن نبدأ في البت في التوصيات الواردة في تقارير اللجنة الخامسة ، أود أن أبلغ الممثلين بأننا سنمضي في البت في المقررات بنفس ا ـ ـ ـ ـ ـ ة التي اتبعت في اللجنة .-

- الحرف الأول [ ا ] - الحرف الأخير [ ة ] - [ ا ـ ـ ـ ـ ـ ة ] - عدد الحروف 7 -",الطريقة,والطريقة,فالطريقة
"-21 - وسيظل كل من البرامج القطاعية على درجة عالية من التأهب لحالات ا ـ ـ ـ ـ ـ ئ ويحتفظ بالإمدادات الأساسية والمعدات المخصصة للطوارئ والتي لا غنى عنها لسد احتياجات السكان المعرضين للتأثر الذين تحل بهم الأزمات .-

- الحرف الأول [ ا ] - الحرف الأخير [ ئ ] - [ ا ـ ـ ـ ـ ـ ئ ] - عدد الحروف 7 -",الطوارئ,لطوارئ,والطوارئ
"-وخصصت الموارد لتقوية وحدات التنسيق الإقليمية لإتفاقية أبيدجان للتعاون في حماية وتنمية البيئة البحرية والساحلية لمنطقة غرب ووسط أفريقيا ، وإتفاقية نيروبي للبيئة البحرية والساحلية لشرق أفريقيا ، وإتفاقية كارتاخينا لمنطقة البحر الكاريبي الأوسع ، وخطة عمل بحار شرق آسيا ، وخطة العمل لشمال غرب ا ـ ـ ـ ـ ط الهادئ .-

- الحرف الأول [ ا ] - الحرف الأخير [ ط ] - [ ا ـ ـ ـ ـ ط ] - عدد الحروف 6 -",المحيط,الهادئ,والمحيط
"-ويتعلق المبدأ الأساسي لهذه الشبكة المعتمدة من قبل مراكز التنسيق الوطنية ، بالحاجة إلى إضفاء الشفافية على إدارة وتوزيع واستخدام المياه في النظم الإيكولوجية المعنية بالجفاف ، وإشراك جميع أصحاب المصلحة والأطراف المؤثرة المعنية في هذه العمليات ، وذلك بتزويدهم بالمعلومات والتثقيف والمعارف التي يحتاجونها للمشاركة في عملية ص ـ ـ  القرار وتنفيذ الإجراءات المتعلقة بإدارة المياه وحفظها .-

- الحرف الأول [ ص ] - [ ص ـ ـ  ] - عدد الحروف 3 -",صنع,وصنع,يصنع
"-18 - وأنشأت الحكومة في عام 1996 لجنة التنسيق المعنية بشؤون المرأة ب ـ ـ ـ  ضمان المساواة في الحقوق بين الرجال والنساء ، وتعمل اللجنة بوصفها آلية مؤسسية وطنية تقوم بدور هيئة التنسيق والمبادرة والاستشارة لدى الحكومة لدعم مصالح المرأة في جميع مجالات حياة المجتمع .-

- الحرف الأول [ ب ] - [ ب ـ ـ ـ  ] - عدد الحروف 4 -",بغية,وبغية,بهدف
"-3 - لابد من ضمان المشاركة الكاملة للمرأة في جميع ع ـ ـ ـ ـ ت اتخاذ القرار العام والخاص في جميع المجالات ؛-

- الحرف الأول [ ع ] - الحرف الأخير [ ت ] - [ ع ـ ـ ـ ـ ت ] - عدد الحروف 6 -",عمليات,فعمليات,كعمليات
"-إيفاد بعثات ، بناء على طلب ا ـ ـ ـ ـ ـ ـ ت ، للتعامل مع قضايا نوعية ذات أهمية بالنسبة لها بما في ذلك إسداء المشورة بشأن صياغة المشاريع الممولة من مرفق البيئة العالمية وغيره من مصادر التمويل ( 6 بعثات ) ، ( مقرر مجلس الإدارة 22 / 21 ) ، ( الشركاء الخارجيون : مؤتمر الوزراء العرب المسؤولين عن شؤون البيئة والسلطات الوطنية المعينة )-

- الحرف الأول [ ا ] - الحرف الأخير [ ت ] - [ ا ـ ـ ـ ـ ـ ـ ت ] - عدد الحروف 8 -",الحكومات,فالحكومات,والحكومات
"-١٠ - وعند التخلي عن فكرة استئصال الملاريا ، سحب العديد من منظمات الأمم المتحدة والوكالات الانمائية الثنائية الدعم من البرامج الوطنية لمكافحة الملاريا ؛ مما جرد برامج عديدة من الموارد اللازمة لإنجاز التغيير ، الأمر الذي أفضى في أحيان كثيرة الى استخدام الموارد ا ـ ـ ـ ـ ـ ة بشكل يفتقر الى الكفاءة الى حد كبير ، ولا سيما المبيدات الحشرية .-

- الحرف الأول [ ا ] - الحرف الأخير [ ة ] - [ ا ـ ـ ـ ـ ـ ة ] - عدد الحروف 7 -",المتاحة,والمتاحة,المتاح
"-نعرب عن ارتياحنا لإقامة الشبكة البرلمانية المعنية باتفاقية الأمم المتحدة لمكافحة التصحر - برعاية الاتحاد البرلماني الدولي - ولإنشاء ل ـ ـ ـ  توجيهية لرصد عمل البرلمانيين في إطار الاتفاقية ؛-

- الحرف الأول [ ل ] - [ ل ـ ـ ـ  ] - عدد الحروف 4 -",لجنة,ولجنة,بلجنة
"-17 - تعرب اليابان وجامعة الأمم المتحدة ، من خلال هذه الورقة المشتركة ، عن التزامهما بالتعاون مع المجتمع المدني ، وتناشدان المجتمع الدولي اتخاذ إجراءات متضافرة من أجل ترسيخ الشراكات مع المجتمع المدني لتعزيز التثقيف في مجال ن ـ ـ  السلاح وعدم انتشار الأسلحة وإحراز تقدم نحو إقامة عالم خال من الأسلحة النووية .-

- الحرف الأول [ ن ] - [ ن ـ ـ  ] - عدد الحروف 3 -",نزع,لنزع,النزع
"-ولئن كنا نعتبر ، عن روية ، أن تنفيذ إتفاق أديس أبابا يمثل الطريق السليم الوحيد صوب الحل السياسي للأزمة الصومالية ، ف ـ ـ ـ ا نرى أيضا أن عملية الأمم المتحدة في الصومال تمثل ضمانا يكفل عدم إنزلاق الصومال الى حالة من الفوضى .-

- الحرف الأول [ ف ] - الحرف الأخير [ ا ] - [ ف ـ ـ ـ ا ] - عدد الحروف 5 -",فإننا,وإننا,فأننا
"-٨ - في سياق مناقشة عن التحديات الجديدة التي تمثلها التسعينات بالنسبة للتعاون الدولي وعن ضرورة تعزيز تنسيق السياسات على ا ـ ـ ـ ـ ـ ـ ن الوطني والدولي على حد سواء ، اتخذت ، في الدورة العادية الأولى لعام ١٩٩٢ للجنة التنسيق الإدارية ، المبادرة الداعية إلى إجراء استعراض لأداء لجنة التنسيق الإدارية وأساليب عملها ، بغرض التوصل إلى نهج جديد وأكثر تكاملا تجاه بناء السلم والتنمية الاقتصادية والاجتماعية .-

- الحرف الأول [ ا ] - الحرف الأخير [ ن ] - [ ا ـ ـ ـ ـ ـ ـ ن ] - عدد الحروف 8 -",الصعيدين,الصعيد,الصعيدي
"-كما قدمت لجمهورية كوريا الشعبية الديمقراطية قائمة بأنشطة التفتيش المزمع تنفيذها ، وأوضحت أن القيام بجميع هذه الأنشطة خلال عملية التفتيش يمثل بالنسبة للوكالة أ ـ ـ ـ  أساسيا لبلوغ أهداف التفتيش ، وأنه يكتسب أهمية خاصة نظرا للقيود التي فرضت على عمليات التفتيش التي تمت مؤخرا .-

- الحرف الأول [ أ ] - [ أ ـ ـ ـ  ] - عدد الحروف 4 -",أمرا,الأمرا,أمر
"-39 - وأثيرت بعض المسائل بشأن إ ـ ـ ـ ة البرامج في التقييم الذي أجراه مكتب خدمات الرقابة الداخلية في عام 1998 .-

- الحرف الأول [ إ ] - الحرف الأخير [ ة ] - [ إ ـ ـ ـ ة ] - عدد الحروف 5 -",إدارة,فإدارة,إلإدارة
"-البلدان نموا على المشاركة في المؤتمر العالمي المعني بالتنمية المستدامة للدول ا ـ ـ ـ ـ ـ ة الجزرية الصغيرة وعمليته التحضيرية-

- الحرف الأول [ ا ] - الحرف الأخير [ ة ] - [ ا ـ ـ ـ ـ ـ ة ] - عدد الحروف 7 -",النامية,والنامية,النامي
"-ووفقا للإعلان ، فإن السياحة الإيكولوجية تشتمل على مبادئ السياحة المستدامة . . . والمبادئ ا ـ ـ ـ ـ ـ ة التالية والتي تميزها عن المفهوم الأوسع للسياحة المستدامة ذلك أنها :-

- الحرف الأول [ ا ] - الحرف الأخير [ ة ] - [ ا ـ ـ ـ ـ ـ ة ] - عدد الحروف 7 -",المحددة,والمحددة,المحدده
"-وهي مقتنعة بأن الحالة تدعو إلى تحسينها ب ـ ـ ـ  عاجلة كي تستطيع الأمم المتحدة مواصلة القيام بدورها الرئيسي في صيانة السلم والأمن الدوليين .-

- الحرف الأول [ ب ] - [ ب ـ ـ ـ  ] - عدد الحروف 4 -",بصفة,وبصفة,فبصفة
