QUESTION_TEXT,OPTION_1,OPTION_2,OPTION_3
"-ويساعد الصندوق ا ـ ـ ـ ـ ـ د الأطراف لتنفيذ بروتوكول مونتريال البلدان النامية على الامتثال لالتزاماتها بشأن التخلص التدريجي وذلك بتقديم المساعدة المالية والتقنية على شكل هبات أو قروض بشروط تفاضلية .-

- الحرف الأول [ ا ] - الحرف الأخير [ د ] - [ ا ـ ـ ـ ـ ـ د ] - عدد الحروف 7 -",المتعدد,والمتعدد,لمتعدد
"-يشترط الحصول على تراخيص التصدير إذا كان للأصناف المصدرة أو المنقولة "" استعمال ذو صلة "" ب ـ ـ ـ ـ ة الدمار الشامل .-

- الحرف الأول [ ب ] - الحرف الأخير [ ة ] - [ ب ـ ـ ـ ـ ة ] - عدد الحروف 6 -",بأسلحة,وبأسلحة,وأسلحة
"-ويمكن تجميع معظم هذه الأنشطة تحت الأعمال الموضحة بمصفوفة الأعمال الموجهة نحو تنفيذ استراتيجية موريشيوس الواردة بمرفق تقرير الأمين العام بشأن استراتيجية موريشيوس لمواصلة تنفيذ برنامج العمل المعنى بالتنمية المستدامة في الدول ا ـ ـ ـ ـ ـ ة الصغيرة النامية ( A / 60 / 401 ) .-

- الحرف الأول [ ا ] - الحرف الأخير [ ة ] - [ ا ـ ـ ـ ـ ـ ة ] - عدد الحروف 7 -",الجزرية,والجزرية,جزرية
"-وفي الوقت ا ـ ـ ـ ـ ي فإن الحال ، فيما يبدو ، ليست أفضل ولا أسوأ .-

- الحرف الأول [ ا ] - الحرف الأخير [ ي ] - [ ا ـ ـ ـ ـ ي ] - عدد الحروف 6 -",الحالي,والحالي,لحالي
"-وستبحث اللجنة أيضا تجربة التجمعات الإقليمية في مجال تحرير التجارة في الخدمات والتحديات الرئيسية التي يجب التصدي لها ، بما في ذلك عن طريق ا ـ ـ ـ ل المتواصل للأونكتاد ، لتيسير الترتيبات الإقليمية من أجل دعم جهود التنمية الوطنية .-

- الحرف الأول [ ا ] - الحرف الأخير [ ل ] - [ ا ـ ـ ـ ل ] - عدد الحروف 5 -",العمل,فالعمل,العمله
"-241 - وللاطلاع على الوثائق الصادرة في إطار البند 10 من جدول الأعمال ، انظر ا ـ ـ ـ ـ ق السادس من هذا التقرير .-

- الحرف الأول [ ا ] - الحرف الأخير [ ق ] - [ ا ـ ـ ـ ـ ق ] - عدد الحروف 6 -",المرفق,والمرفق,لمرفق
"-لكن ا ـ ـ ـ ـ ة تعرب عن قلقها لأنه في الوقت الذي تبذل الحكومات جهدا كبيرا وتنفق موارد كثيرة لتعزيز الاتجاهات والسياسات المرتبطة بالعولمة ، لا تبذل الجهود الكافية لابتكار نهوج جديدة أو تكميلية من شأنها أن تعزز اتساق القدرة التنافسية .-

- الحرف الأول [ ا ] - الحرف الأخير [ ة ] - [ ا ـ ـ ـ ـ ة ] - عدد الحروف 6 -",اللجنة,فاللجنة,عضواللجنة
"-21 - وترحب بولندا بالتقدم الذي حققته الولايات المتحدة الأمريكية والاتحاد الروسي بشأن إبرام م ـ ـ ـ ـ ة جديدة ، من شأنها مواصلة خفض عدد الرؤوس الحربية المنتشرة بشكل استراتيجي على كلا الجانبين .-

- الحرف الأول [ م ] - الحرف الأخير [ ة ] - [ م ـ ـ ـ ـ ة ] - عدد الحروف 6 -",معاهدة,ومعاهدة,كمعاهدة
"-) ب ( طالبت باكمال خطة العمل المستكملة على نطاق المنظومة في وقت يتسنى معه للجنة المخدرات استعراضها في دورتها السابعة والثلاثين وتقديم توصيات ب ـ ـ ـ ـ ا ، ولكي ينظر فيها المجلس الاقتصادي والاجتماعي في دورته العادية لعام ١٩٩٤ والجمعية العامة في دورتها التاسعة والأربعين ؛-

- الحرف الأول [ ب ] - الحرف الأخير [ ا ] - [ ب ـ ـ ـ ـ ا ] - عدد الحروف 6 -",بشأنها,بشأنه,بشأنهم
"-وإننا نجدد التزامنا الذي أعلناه في مؤتمر القمة ا ـ ـ ـ ـ ي بالأمن النووي لعام 2010 بتعزيز الأمن النووي والحد من خطر الإرهاب النووي .-

- الحرف الأول [ ا ] - الحرف الأخير [ ي ] - [ ا ـ ـ ـ ـ ي ] - عدد الحروف 6 -",المعني,والمعني,المعنيه
"-ويكون رؤساء المجالس الى جانب رئيس كونغرس الاقليم والمفوض السامي الفرنسي ا ـ ـ ـ ـ ز التنفيذي للاقليم .-

- الحرف الأول [ ا ] - الحرف الأخير [ ز ] - [ ا ـ ـ ـ ـ ز ] - عدد الحروف 6 -",الجهاز,فالجهاز,كالجهاز
"-وبناء عليه ، ففي معاهد التعليم التابعة للدولة والبلديات ، لا ي ـ ـ ـ  تدريس مواد دينية أو تقديم تعليم ديني أو إقامة شعائر أو طقوس دينية ، ولا يحتفل أيضا بالأعياد الدينية .-

- الحرف الأول [ ي ] - [ ي ـ ـ ـ  ] - عدد الحروف 4 -",يجوز,فيجوز,ويجوز
"-112 - وانتقل إلى حالة فييت نام التي أثارها وفدا سويسرا وهولندا ، فقال إن اليونيدو تعتمد اعتمادا شديدا ب ـ ـ ـ  دائم على التشارك في المباني مع المنظمات الأخرى التابعة للأمم المتحدة في الميدان .-

- الحرف الأول [ ب ] - [ ب ـ ـ ـ  ] - عدد الحروف 4 -",بشكل,وبشكل,فبشكل
"-ولكن لسوء الحظ ، أظهر الكثير من البلدان المتقدمة النمو عدم مبالاته بضرورة تدريب أشخاص من البلدان النامية ، بل فرض حصصا تحد من عدد الطلاب الأجانب الذين يمكن ل ـ ـ ـ  البلدان أن تستقبلهم ، كما زادت من مصروفات التعليم للأجانب .-

- الحرف الأول [ ل ] - [ ل ـ ـ ـ  ] - عدد الحروف 4 -",لهذه,لتلك,للهذه
"-ومع ذلك لم تقتف الدراسة ، بصورة محددة ، مآل ا ـ ـ ـ ـ ـ ـ ـ ـ ـ ت المكلورة قصيرة السلسلة بمرور الوقت بعد نشر الحمأة في التربة ، ومن ثم تكون أهمية هذه النتائج مشكوك فيها .-

- الحرف الأول [ ا ] - الحرف الأخير [ ت ] - [ ا ـ ـ ـ ـ ـ ـ ـ ـ ـ ت ] - عدد الحروف 11 -",البارافينات,البرافينات,البارافين
"-) ب ( تشمل ٦ وظائف لدعم عمليات ح ـ ـ  السلم ) وظيفة واحدة من الرتبة ف - ٢ ، و ٥ وظائف من فئة الخدمات العامة "" الرتب الأخرى "" ( و ١٩ وظيفة لدعم الهياكل الادارية الخارجة عن الميزانية ) وظيفة واحدة من الرتبة ف - ٤ ووظيفة واحدة من الرتبة ف - ٣ و ١٧ وظيفة من فئة الخدمات العامة "" ٤ من الرتبة الرئيسية "" ( .-

- الحرف الأول [ ح ] - [ ح ـ ـ  ] - عدد الحروف 3 -",حفظ,إحفظ,وحفظ
"-21 - وينبغي للوكالات المانحة الثنائية والمتعددة الأطراف أن تقدم لأنشطة التجارة الإلكترونية دعما ماليا يمكن للمؤسسات في البلدان النامية ، و ـ ـ ـ ة أقل البلدان نموا ، من الحصول على التكنولوجيا واكتساب مهارات بشرية ووضع سياسات تشجع المنافسة والاستثمار .-

- الحرف الأول [ و ] - الحرف الأخير [ ة ] - [ و ـ ـ ـ ة ] - عدد الحروف 5 -",وخاصة,وخصوصا,خصوصا
"-( 3 ) تستكمل بالنسبة للنقل داخل منطقة منظمة التعاون والتنمية في ا ـ ـ ـ ـ ـ ن الاقتصادي وفقط إذا كانت باء &apos; 2` تنطبق-

- الحرف الأول [ ا ] - الحرف الأخير [ ن ] - [ ا ـ ـ ـ ـ ـ ن ] - عدد الحروف 7 -",الميدان,والميدان,بالميدان
"-46 - وأشيد برئيس الوزراء ، الحريري ، لتعهده بتحسين أوضاع اللاجئين الفلسطينيين في لبنان ، بدون التأثير في حل مسألة اللاجئين الفلسطينيين في إطار اتفاق سلام ش ـ ـ ـ  .-

- الحرف الأول [ ش ] - [ ش ـ ـ ـ  ] - عدد الحروف 4 -",شامل,وشامل,شاملة
"-بدون الأمن المناسب للجميع ، من الصعب أن نرى كيف ي ـ ـ ـ  تحقيق أي تقدم مجد في مجالات التنمية الاقتصادية والتوظيف والسلام والاستقرار ، ومجالات أخرى مماثلة .-

- الحرف الأول [ ي ] - [ ي ـ ـ ـ  ] - عدد الحروف 4 -",يمكن,ويمكن,الممكن
