QUESTION_TEXT,OPTION_1,OPTION_2,OPTION_3
"-29 - دون المساس بأحكام اتفاق السلام الشامل المتعلق بالحدود بين الشمال والجنوب وأي ا ـ ـ ـ ـ ـ ت دولية سارية بين حكومة جمهورية السودان والبلدان المجاورة ، تعود الحدود الشمالية لدارفور لما كانت عليه في 1 كانون الثاني / يناير 1956 .-

- الحرف الأول [ ا ] - الحرف الأخير [ ت ] - [ ا ـ ـ ـ ـ ـ ت ] - عدد الحروف 7 -",اتفاقات,الاتفاقات,واتفاقات
"-ويلقى اتباع نهج المجموعات في الاستجابة لحالات الطوارئ ، وهو جهد وافقت عليه اللجنة ا ـ ـ ـ ـ ـ ة المشتركة بين الوكالات لتحسين الاستجابة الفعالة ، مسؤولية أكبر على كاهل قادة المجموعات العالمية .-

- الحرف الأول [ ا ] - الحرف الأخير [ ة ] - [ ا ـ ـ ـ ـ ـ ة ] - عدد الحروف 7 -",الدائمة,والدائمة,الدائم
"-وتشير تقديرات الأمم المتحدة إلى أن هناك على ن ـ ـ ـ  العالم أكثر من 100 مليون شخص يفتقرون إلى المأوى وأكثر من مليار شخص يعيشون في مساكن غير ملائمة ( ) .-

- الحرف الأول [ ن ] - [ ن ـ ـ ـ  ] - عدد الحروف 4 -",نطاق,كنطاق,فنطاق
"-٤٦ - الرئيس : قال إنه علم مؤخرا أن اللجنة الاستشارية قررت ، في ضوء محتوى هذا التقرير ، أنه على الرغم من أنها كانت تفضل اعطاءها الوقت والفرصة لتقديم رأيها في التقرير إلى اللجنة الخامسة ، فإنها لا ترى وجود ضرورة مطلقة لذلك ، ولهذا ، إذا قررت اللجنة الخامسة أن تمضي قدما في المناقشة ، فإن اللجنة الاستشارية لن تقدم ت ـ ـ ـ ـ ا عن هذه الوثيقة .-

- الحرف الأول [ ت ] - الحرف الأخير [ ا ] - [ ت ـ ـ ـ ـ ا ] - عدد الحروف 6 -",تقريرا,تقريران,تقريرة
"-( ه ) الجرائم المحددة في المادتين 68 و 74 من قانون المحافظة على ا ـ ـ ـ ـ ـ ـ ـ ت الثقافية والطبيعية ،-

- الحرف الأول [ ا ] - الحرف الأخير [ ت ] - [ ا ـ ـ ـ ـ ـ ـ ـ ت ] - عدد الحروف 9 -",الممتلكات,والممتلكات,لممتلكات
"-وتفيد المعلومات الواردة بأن اللجنة تتابع التحقيقات التي يجريها المدعي العام للاتحاد الروسي في نحو 00 3 حالة من حالات انتهاك حقوق ا ـ ـ ـ ـ ـ ن .-

- الحرف الأول [ ا ] - الحرف الأخير [ ن ] - [ ا ـ ـ ـ ـ ـ ن ] - عدد الحروف 7 -",الإنسان,ألإنسان,الانسان
"-مسائل حقوق الإنسان ، بما في ذلك النهج ا ـ ـ ـ ـ ـ ة لتحسين التمتع الفعلي بحقوق الإنسان والحريات الأساسية [ 67 ( ب ) ]-

- الحرف الأول [ ا ] - الحرف الأخير [ ة ] - [ ا ـ ـ ـ ـ ـ ة ] - عدد الحروف 7 -",البديلة,والبديلة,البديل
"-35 - وتميل ب ـ ـ ـ ن نامية كثيرة ، ولا سيما ب ـ ـ ـ ن أفريقيا النامية ، إلى نثر مواردها المالية والبشرية المحدودة عبر قطاعات التكنولوجيا الأحيائية ووكالات البحوث .-

- الحرف الأول [ ب ] - الحرف الأخير [ ن ] - [ ب ـ ـ ـ ن ] - عدد الحروف 5 -",بلدان,بلدانا,وبلدان
"-ومن المتوخى أن يكون 57 بلدا قد أنجز التقييم القطري المشترك بحلول عام 2001 ، وأن يكون عدد التقييمات القطرية ا ـ ـ ـ ـ ـ ـ ة التي هي قيد التنفيذ 55 تقييما .-

- الحرف الأول [ ا ] - الحرف الأخير [ ة ] - [ ا ـ ـ ـ ـ ـ ـ ة ] - عدد الحروف 8 -",المشتركة,والمشتركة,مشتركة
"-ولا يمكن للأمم المتحدة والمجتمع الدولي أن يتحملا فشل هذا الجهد المبذول لمساعدة شعب شجاع مرسته المعارك ، على كسر قبضة القهر والذل الخانقة ، وعلى النهوض بحرية وكرامة في ظل العملية ا ـ ـ ـ ـ ـ ـ ـ ـ ـ ة .-

- الحرف الأول [ ا ] - الحرف الأخير [ ة ] - [ ا ـ ـ ـ ـ ـ ـ ـ ـ ـ ة ] - عدد الحروف 11 -",الديمقراطية,لديمقراطية,فالديمقراطية
"-فقد قادت الأزمة الآسيوية إلى تدهور في خدمات التعليم والرعاية ا ـ ـ ـ ـ ة في عدد كبير من البلدان .-

- الحرف الأول [ ا ] - الحرف الأخير [ ة ] - [ ا ـ ـ ـ ـ ة ] - عدد الحروف 6 -",الصحية,والصحية,الرعاية
"-ولم تشهد مشاركة القوة العاملة أي تغير ملحوظ في السنوات الأخيرة ( يبلغ المعدل ا ـ ـ ـ ـ ـ ـ ي للنشاط حوالي 41 في المائة ) .-

- الحرف الأول [ ا ] - الحرف الأخير [ ي ] - [ ا ـ ـ ـ ـ ـ ـ ي ] - عدد الحروف 8 -",الإجمالي,لإجمالي,الإجماليه
"-وثمة اعتراف بذلك ويجري العمل حاليا لمعالجته من خلال برامج تدريبية محددة لتحسين الكفاءة في مجال ا ـ ـ ـ ـ ـ ـ ت الاجتماعية ( انظر أدناه ) .-

- الحرف الأول [ ا ] - الحرف الأخير [ ت ] - [ ا ـ ـ ـ ـ ـ ـ ت ] - عدد الحروف 8 -",السياسات,والسياسات,فالسياسات
"-وتقترح اللجنة الاستشارية ، في تقريرها ، أن يعاود الأمين العام تقديم اقتراح منقح الى الجمعية العامة بشأن تدبير الاعتمادات المتعلقة بمساهمة الأمم المتحدة في تمويل أنشطة دوائر الاتصال للمنظمات غير الحكومية ) ا ـ ـ ـ ـ ع نفسه ، الفقرة رابعا - ١٥ ( .-

- الحرف الأول [ ا ] - الحرف الأخير [ ع ] - [ ا ـ ـ ـ ـ ع ] - عدد الحروف 6 -",المرجع,والمرجع,لمرجع
"-وبالإضافة إلى ذلك ، قدم 78 مراقبا عسكريا من هيئة الأمم المتحدة لمراقبة الهدنة المساعدة إلى القوة في الاضطلاع ب ـ ـ ـ ـ ـ ا .-

- الحرف الأول [ ب ] - الحرف الأخير [ ا ] - [ ب ـ ـ ـ ـ ـ ا ] - عدد الحروف 7 -",بمهامها,مهامها,ومهامها
"-المخزونات العتيقة من م ـ ـ ـ ـ ت الآفات ( مشروع مشترك مع شعبة الكيماويات في إدارة التكنولوجيا والصناعة والاقتصاد باليونيب )-

- الحرف الأول [ م ] - الحرف الأخير [ ت ] - [ م ـ ـ ـ ـ ت ] - عدد الحروف 6 -",مبيدات,كمبيدات,بمبيدات
"-ويتضمن التقرير معلومات بشأن أنشطة تقاسم التكاليف ، ومركز صندوق التدابير الخاصة لصالح أقل ا ـ ـ ـ ـ ـ ن نموا ، وموارد البرنامج الخاصة ، وتوظيف أموال برنامج الأمم المتحدة الإنمائي ، والاحتياطي التشغيلي ، واستخدام العملات المتجمعة غير القابلة للتحويل .-

- الحرف الأول [ ا ] - الحرف الأخير [ ن ] - [ ا ـ ـ ـ ـ ـ ن ] - عدد الحروف 7 -",البلدان,فالبلدان,والبلدان
"-إلا أن هذه الحصة قد انخفضت على م ـ ـ  العقد الماضي وبلغت خلال السنتين الأخيرتين أدنى مستوياتها .-

- الحرف الأول [ م ] - [ م ـ ـ  ] - عدد الحروف 3 -",مدى,لمدى,ومدى
"-ومما يساعد الآن في مواجهة هذه الاحتياجات النموذج الذي يقدمه البرنامج ا ـ ـ ـ ص للبحث والتدريب في مجال الأمراض المدارية ، الذي يشارك في رعايته برنامج الأمم المتحدة الإنمائي والبنك الدولي ومنظمة الصحة العالمية ، والذي يحتجز نحو ٢٥ في المائة من موارده لتعزيز القدرة على البحث في البلدان النامية .-

- الحرف الأول [ ا ] - الحرف الأخير [ ص ] - [ ا ـ ـ ـ ص ] - عدد الحروف 5 -",الخاص,بالخاص,الخاصة
"-وفي كثير من الحالات كان الأثر محسوسا في حجم ا ـ ـ ـ ـ ـ د التي كرستها الحكومات لتنمية ا ـ ـ ـ ـ ـ د البشرية .-

- الحرف الأول [ ا ] - الحرف الأخير [ د ] - [ ا ـ ـ ـ ـ ـ د ] - عدد الحروف 7 -",الموارد,والموارد,المواردى
