QUESTION_TEXT,OPTION_1,OPTION_2,OPTION_3
"-رسالة مؤرخة 10 كانون الثاني / يناير 2001 موجهة إلى رئيس اللجنة التحضيرية لمؤتمر الأمم المتحدة المعني بالاتجار غير المشروع بالأسلحة الصغيرة والأسلحة الخفيفة من جميع جوانبه من الممثل الدائم لجنوب أفريقيا لدى الأمم المتحدة بصفته رئيس مكتب تنسيق ح ـ ـ ـ  بلدان عدم الانحياز-

- الحرف الأول [ ح ] - [ ح ـ ـ ـ  ] - عدد الحروف 4 -",حركة,وحركة,فحركة
"-وأشير إلى أن على ا ـ ـ ـ ـ ـ ء المنتخبين ، لكي يتسنى لهم تحقيق أهدافهم ، إطلاع سائر أعضاء المجلس على هذه الأهداف .-

- الحرف الأول [ ا ] - الحرف الأخير [ ء ] - [ ا ـ ـ ـ ـ ـ ء ] - عدد الحروف 7 -",الأعضاء,فالأعضاء,والأعضاء
"-23 - وواصلت القوات المسلحة اللبنانية والقوة المؤقتة اتخاذ تدابير منسقة تهدف تحديدا إلى ضمان عدم وجود عناصر مسلحة في المنطقة ، واكتشاف وإزالة جميع الأسلحة والأعتدة ذات الصلة التي قد تكون موجودة ، ومنع احتمال نقل الأسلحة المأذون بها عبر نهر ا ـ ـ ـ ـ ـ ـ ي .-

- الحرف الأول [ ا ] - الحرف الأخير [ ي ] - [ ا ـ ـ ـ ـ ـ ـ ي ] - عدد الحروف 8 -",الليطاني,الحاصباني,المليطانية
"-4 - ودون الإخلال بتطبيق أحكام المادة 19 من المرفق السادس لاتفاقية الأمم المتحدة لقانون البحار فيما يتعلق بمساهمة السلطة الدولية لقاع البحار في ميزانيات المحكمة المقبلة ، ستمول جميع الدول والمنظمات الدولية الأطراف في الاتفاقية م ـ ـ ـ ـ ـ ة المحكمة للفترة-

- الحرف الأول [ م ] - الحرف الأخير [ ة ] - [ م ـ ـ ـ ـ ـ ة ] - عدد الحروف 7 -",ميزانية,وميزانية,وبميزانية
"-وفي الوقت نفسه خطﱢطت تلك الولاية كعملية من عمليات حفظ السلم التقليدية المجربة ، عملية تقوم على اتفاق الاطراف وتعاونهم ، وتعتمد على ا ـ ـ ـ ـ ة السياسية والاقناع وليس على القوة .-

- الحرف الأول [ ا ] - الحرف الأخير [ ة ] - [ ا ـ ـ ـ ـ ة ] - عدد الحروف 6 -",السلطة,فالسلطة,ولسلطة
"-واقتناعا منها بضرورة أن يوجد على الصعيد الإقليمي ، حسب الاقتضاء ، توجه قوي في مجال البحوث والتكنولوجيا العلمية البحرية ، ومن خلال المنظمات والترتيبات والبرامج الإقليمية الموجودة ، نحو ضمان استغلال الموارد المتاحة بأقصى قدر من الفعالية ، وحماية البيئة البحرية وحفظها ، بالعمل بوجه خاص على ت ـ ـ ـ  الازدواجية واعتماد نهج كلي في الدراسة العلمية للمحيطات ومواردها ،-

- الحرف الأول [ ت ] - [ ت ـ ـ ـ  ] - عدد الحروف 4 -",تجنب,اتجنب,وتجنب
"-13 - واعترافا بخطورة وضع ا ـ ـ ـ ـ ه العذبة في الكثير من أنحاء العالم ، وحقيقة أن تحسين إدارة ا ـ ـ ـ ـ ه يعتبر عنصرا أساسيا في تحقيق أهداف التنمية الاقتصادية الأوسع نطاقا ، اعتمد المشاركون في القمة العالمية المعنية بالتنمية المستدامة عام 2002 هدفا يدعو إلى وضع خطط متكاملة لإدارة موارد ا ـ ـ ـ ـ ه وتحقيق كفاءة استخدام ا ـ ـ ـ ـ ه قبل عام 2005 .-

- الحرف الأول [ ا ] - الحرف الأخير [ ه ] - [ ا ـ ـ ـ ـ ه ] - عدد الحروف 6 -",المياه,مياه,المياة
"-وظلت معظم المكاتب الميدانية في أفريقيا الشرقية والقرن الأفريقي تعمل في إطار ا ـ ـ ـ ـ ـ ة الأمنية الثالثة للأمم المتحدة .-

- الحرف الأول [ ا ] - الحرف الأخير [ ة ] - [ ا ـ ـ ـ ـ ـ ة ] - عدد الحروف 7 -",المرحلة,والمرحلة,فالمرحلة
"-في المشاورات المفتوحة وغير الرسمية التي عقدت يوم الخميس الماضي بناء على طلب المنسق الخاص المعني بتحسين عمل المؤتمر وزيادة فعاليته ، ممثل سري لانكا الموقر ، السفير براساد كارياواسام ، لاحظنا أن الوفود تشارك م ـ ـ ـ ـ ة نشطة للغاية .-

- الحرف الأول [ م ] - الحرف الأخير [ ة ] - [ م ـ ـ ـ ـ ة ] - عدد الحروف 6 -",مشاركة,المشاركة,كمشاركة
"-يدعو حكومة [ البلد المتأثر ] إلى أن تواصل العمل ، بمساعدة من المجتمع الدولي ، من أجل إنشاء نظام للعدالة يتسم بالنزاهة والشفافية ، بما في ذلك إعادة بناء منظومة السجون وإصلاحها ، بغية تعزيز س ـ ـ ـ ة القانون في كل أنحاء البلد ، والقضاء على الإفلات من العقاب ؛-

- الحرف الأول [ س ] - الحرف الأخير [ ة ] - [ س ـ ـ ـ ة ] - عدد الحروف 5 -",سيادة,وسيادة,ولسيادة
"-وتبين من تجربة البلدان المتقدمة النمو والبلدان النامية على السواء ، أن إلغاء القيود القانونية المفروضة على دخول الأسواق حيث لا يوجد احتكار طبيعي ، يمكن أن تؤدي إلى تحسين أداء ا ـ ـ ـ ـ ـ ـ ت العامة تحسينا كبيرا .-

- الحرف الأول [ ا ] - الحرف الأخير [ ت ] - [ ا ـ ـ ـ ـ ـ ـ ت ] - عدد الحروف 8 -",المؤسسات,والمؤسسات,فالمؤسسات
"-( ب ) استدامة مصائد الأسماك ، بطرق منها اتفاق عام 1995 لتنفيذ ما تتضمنه اتفاقية الأمم المتحدة لقانون البحار ا ـ ـ ـ ـ ـ ة 10 كانون الأول / ديسمبر 1982 من أحكام بشأن حفظ وإدارة الأرصدة السمكية المتداخلة المناطق والأرصدة السمكية الكثيرة الارتحال والصكوك ذات الصلة-

- الحرف الأول [ ا ] - الحرف الأخير [ ة ] - [ ا ـ ـ ـ ـ ـ ة ] - عدد الحروف 7 -",المؤرخة,والمؤرخة,للمؤرخة
"-وشروط استخدام الأجانب في الجمهورية التشيكية ينظمها قانون العمالة الذي ينص على جواز استخدام الأجانب أو الأشخاص عديمي الجنسية في الجمهورية التشيكية شريطة حصولهم على رخصة عمل من مكتب العمل ( بموجب قانون العمالة واختصاص سلطات الجمهورية التشيكية في قطاع العمل ) ، وعلى رخصة إقامة من و ـ ـ ـ ة الداخلية ( بموجب القانون الخاص بإقامة الأجانب في الجمهورية التشيكية ( 126 ) ) .-

- الحرف الأول [ و ] - الحرف الأخير [ ة ] - [ و ـ ـ ـ ة ] - عدد الحروف 5 -",وزارة,كوزارة,لوزارة
"-ونظمت اجتماعا حول موضوع التهميش مقابل الازدهار في مدينة البندقية في أيلول / سبتمبر ، حضره مسؤولون حكوميون بارزون ، ورجال أعمال ، وخبراء أكاديميون ، وممثلون لمؤسسات بريتون وودز ، حيث عرضوا آراءهم بشأن أنجع السياسات ل ـ ـ ـ ـ ز التنمية في ضوء التحديات العالمية مثل التغير التكنولوجي ، وخفض معدلات الفقر ، والاجحاف ، والتدهور البيئي .-

- الحرف الأول [ ل ] - الحرف الأخير [ ز ] - [ ل ـ ـ ـ ـ ز ] - عدد الحروف 6 -",لتعزيز,للتعزيز,ولتعزيز
"-138 - كانت للفريق اتصالات شبه يومية مع كل من المديرية التنفيذية للجنة مكافحة ا ـ ـ ـ ـ ـ ب والخبراء الذين يقدمون خدمات الدعم للجنة المنشأة عملا بالقرار 1540 ( 2004 ) .-

- الحرف الأول [ ا ] - الحرف الأخير [ ب ] - [ ا ـ ـ ـ ـ ـ ب ] - عدد الحروف 7 -",الإرهاب,فالإرهاب,الإرهابى
"-واللجنة الاستشارية ليست في وضع يمكنها من إصدار حكم مشروط فيما يتعلق بالاحتياجات العامة المقترحة تحت بند المساعدة المؤقتة العامة نظرا لعدم توافر المعلومات في التقرير ا ـ ـ ـ ـ م وإضافته بشأن احصاءات عبء العمل وبرنامج عمل المحكمة خلال الفترة ٤٩٩١ - ٥٩٩١ .-

- الحرف الأول [ ا ] - الحرف الأخير [ م ] - [ ا ـ ـ ـ ـ م ] - عدد الحروف 6 -",المقدم,والمقدم,بالمقدم
"-ولهذه الغاية ، ي ـ ـ ـ ي لهذه الأطراف أن تستخدم منهجيات واستمارات يوافق عليها مؤتمر الأطراف لتقدير بيانات قوائم الجرد والإبلاغ بها .-

- الحرف الأول [ ي ] - الحرف الأخير [ ي ] - [ ي ـ ـ ـ ي ] - عدد الحروف 5 -",ينبغي,يجب,وينبغي
"-3 - يدعو الجانبين إلى الاستفادة بشكل كامل من جميع الآليات الموجودة على النحو المبين في قرارات مجلس الأمن ذات الصلة سعيا إلى تحقيق تسوية سلمية ، والامتثال امتثالا تاما للاتفاقات والتفاهمات السابقة المتعلقة ب ـ ـ ـ  إطلاق النار ، وعدم اللجوء إلى العنف ، وتدابير بناء الثقة ،-

- الحرف الأول [ ب ] - [ ب ـ ـ ـ  ] - عدد الحروف 4 -",بوقف,بوقفه,بوقفها
"-إن ضرورة السعي إلى تحقيق الأرباح المرتفعة للغاية تستبعد معظم المشاريع الصغيرة و ـ ـ ـ ـ ـ ـ ـ ة الحجم والمشاريع الناشئة التي ليس في مقدورها أن تصبح من الشركات العملاقة في المستقبل ، وهذا هو أحد أسباب تركيز رأس المال الاستثماري في قطاعات التكنولوجيا العالية .-

- الحرف الأول [ و ] - الحرف الأخير [ ة ] - [ و ـ ـ ـ ـ ـ ـ ـ ة ] - عدد الحروف 9 -",والمتوسطة,المتوسطة,بالمتوسطة
"-وإذ تشير إلى أنه في الوثيقة الختامية للمؤتمر الثاني عشر ل ـ ـ ـ ـ ء دول أو حكومات بلدان عدم الانحياز ، المعقود في دوربان ، جنوب أفريقيا ، في الفترة من 29 آب / أغسطس إلى 3 أيلول / سبتمبر 1998 ( ) ، قد لوحظ مع القلق استمرار فرض قيود دونما موجب على الصادرات إلى البلدان النامية من المواد والمعدات والتكنولوجيا للأغراض السلمية ،-

- الحرف الأول [ ل ] - الحرف الأخير [ ء ] - [ ل ـ ـ ـ ـ ء ] - عدد الحروف 6 -",لرؤساء,للرؤساء,والرؤساء
