QUESTION_TEXT,OPTION_1,OPTION_2,OPTION_3
"-وقد أحرزت البلد تقدما كبيرا في تحسين م ـ ـ ـ ـ ت الالتحاق ، على الرغم من أن التعليم ليس إجباريا .-

- الحرف الأول [ م ] - الحرف الأخير [ ت ] - [ م ـ ـ ـ ـ ت ] - عدد الحروف 6 -",معدلات,فمعدلات,ومعدلات
"-١٠ - ويتوقع أن يتم وزع ٦٦٧ ٢٧ فردا من أفراد الوحدات من القوام ا ـ ـ ـ ـ ـ ن به وهو ٧٠٠ ٣٤ بنهاية فترة الولاية الحالية .-

- الحرف الأول [ ا ] - الحرف الأخير [ ن ] - [ ا ـ ـ ـ ـ ـ ن ] - عدد الحروف 7 -",المأذون,المأذونة,المأذونية
"-تعقد دورات ا ـ ـ ـ ـ ة في الأحوال العادية في مقر الأمم المتحدة أو في المكاتب الأخرى التابعة للأمم المتحدة .-

- الحرف الأول [ ا ] - الحرف الأخير [ ة ] - [ ا ـ ـ ـ ـ ة ] - عدد الحروف 6 -",اللجنة,فاللجنة,عضواللجنة
"-19 - وستقوم اللجنة ، بما في ذلك عن طريق المديرية التنفيذية ، بتكثيف التعاون مع المنظمات الدولية والإقليمية ودون ا ـ ـ ـ ـ ـ ـ ـ ة ذات الصلة بغية تعزيز قدرة الدول الأعضاء على التنفيذ التام للقرار 1373 ( 2001 ) وتيسير تقديم المساعدة التقنية .-

- الحرف الأول [ ا ] - الحرف الأخير [ ة ] - [ ا ـ ـ ـ ـ ـ ـ ـ ة ] - عدد الحروف 9 -",الإقليمية,والإقليمية,الأقليمية
"-ومع ذلك ، وحتى الآن لم تنفذ تلك القرارات ولم تحترم أحكامها ، وتتدهور الأوضاع على أرض الواقع ، وتتصاعد الأعمال العسكرية ، ويسعى المعتدون لتعزيز مكاسبهم الإقليمية تدريجيا مع السعي لفرضها كأمر واقع ليس فقط على الدولة ضحية العدوان بل أيضا على المجتمع ا ـ ـ ـ ـ ي بأسره .-

- الحرف الأول [ ا ] - الحرف الأخير [ ي ] - [ ا ـ ـ ـ ـ ي ] - عدد الحروف 6 -",الدولي,كمالدولي,الدوليب
"-ت ـ ـ ـ ر الموارد المالية والتقنية الكافية لدعم مشروعات بناء القدرات الوطنية والإقليمية الخاصة بالنظام الموحد عالميا لتصنيف المواد الكيميائية ووضع البطاقات التعريفية عليها في البلدان النامية والبلدان التي تمر اقتصاداتها بمرحلة انتقال .-

- الحرف الأول [ ت ] - الحرف الأخير [ ر ] - [ ت ـ ـ ـ ر ] - عدد الحروف 5 -",توافر,توافره,وتوافر
"-وإذ يسلم مرة أخرى بطابع الترابط الذي يسم التحديات الماثلة في أفغانستان ، وإذ يؤكد من جديد أن أوجه التقدم المستدام في م ـ ـ ـ ـ ت الأمن والحكم والتنمية ، وكذلك بشأن المسألة الشاملة لعدة قطاعات والخاصة بمكافحة المخدرات ، يعزز كل منها الآخر ، وإذ يرحب بالجهود المتواصلة التي تبذلها الحكومة الأفغانية والمجتمع الدولي للتصدي لهذه التحديات ،-

- الحرف الأول [ م ] - الحرف الأخير [ ت ] - [ م ـ ـ ـ ـ ت ] - عدد الحروف 6 -",مجالات,كمجالات,ومجالات
"-وفي نهاية ش ـ ـ  نيسان / ابريل قامت شعبة المباني والخدمات التجارية التابعة لمكتب الخدمات العامة بإبلاع الإدارة بأنها اتصلت بالمهندسين المعماريين الأصليين لمجمع مباني المقر الدائم وطلبت آراءهم بشأن الاقتراح القاضي ببناء طابق إضافي فوق مبنى الكافتيريا .-

- الحرف الأول [ ش ] - [ ش ـ ـ  ] - عدد الحروف 3 -",شهر,غلشهر,الشهر
"-وتحيط اللجنة علما ، بصفة خاصة ، بالأهداف والغايات التي تسعى الدولة الطرف إلى تحقيقها في س ـ ـ ـ  إطار الأمم المتحدة للمساعدة الإنمائية الذي يهدف إلى تحسين مستويات المعيشة من خلال الحد من التفاوتات الاجتماعية - الاقتصادية والإقليمية وتعزيز القدرات المؤسسية من أجل التصدي لتحديات التنمية .-

- الحرف الأول [ س ] - [ س ـ ـ ـ  ] - عدد الحروف 4 -",سياق,وسياق,السياق
"-( ه ) بذل قدر أكبر من الجهود لتشجيع وتوسيع برامج إ ـ ـ ـ ة التأهيل المجتمعية ، بما في ذلك جماعات دعم الوالدين ، والتعليم الشامل للأطفال المصابين بجميع أشكال الإعاقة ؛-

- الحرف الأول [ إ ] - الحرف الأخير [ ة ] - [ إ ـ ـ ـ ة ] - عدد الحروف 5 -",إعادة,إعاد,وإعادة
"-ينبغي الإشارة إلى أن لكسمبرغ تشارك مشاركة ن ـ ـ ـ  في أعمال الاتحاد الأوروبي الرامية إلى اعتماد قائمة مصطلحات مشتركة رشيدة واستراتيجية اتصالات مع وسائط الإعلام في إطار تنفيذ خطة عمل لمكافحة التطرف وتجنيد الإرهابيين .-

- الحرف الأول [ ن ] - [ ن ـ ـ ـ  ] - عدد الحروف 4 -",نشطة,ونشطة,النشطة
"-ودعوا المجتمع الدولي من جديد إلى تقديم دعم إضافي لتعزيز سلطة الحكومة المؤقتة ، وذلك بعدة و ـ ـ ـ ل من بينها حث المجتمع الدولي على التهديد بفرض عقوبات محددة الأهداف على العناصر التي تعطل مجرى الانتخابات .-

- الحرف الأول [ و ] - الحرف الأخير [ ل ] - [ و ـ ـ ـ ل ] - عدد الحروف 5 -",وسائل,ووسائل,فوسائل
"-"" 11 - تطلب أيضا إلى م ـ ـ ـ  الأمم المتحدة المعني بالمخدرات والجريمة أن يتخذ ما يناسب من الخطوات لضمان نشر قواعد بانكوك على نطاق واسع ، باعتبارها قواعد تكميلية للقواعد النموذجية الدنيا لمعاملة السجناء وقواعد الأمم المتحدة النموذجية الدنيا للتدابير غير الاحتجازية ( قواعد طوكيو ) ، وتكثيف الأنشطة الإعلامية في هذا المجال ؛-

- الحرف الأول [ م ] - [ م ـ ـ ـ  ] - عدد الحروف 4 -",مكتب,كمكتب,المكتب
"-وتشير حوادث اختطاف المركبات التي وقعت م ـ ـ ـ ا إلى وجود شبكات جريمة منظمة ضالعة في بيع المركبات المتخصصة على نطاق منطقة غرب أفريقيا ، وهي مركبات يمكن الحصول عليها حسب الطلب ، من خلال نصب كمائن للمنظمات غير الحكومية ولمركبات الأمم المتحدة وبعثة الاتحاد الأفريقي في السودان .-

- الحرف الأول [ م ] - الحرف الأخير [ ا ] - [ م ـ ـ ـ ا ] - عدد الحروف 5 -",مؤخرا,فمؤخرا,ومؤخرا
"-٣٩ - ونبه أحد الوفود الى أن ت ـ ـ ـ ض حجم الوثائق هو أحد المطالب التي تكرر تقديمها الى مجلس الادارة على مر السنين ، ومع ذلك ، طلب المكتب من الأمانة اجتماع في أيلول / سبتمبر ١٩٩٢ إعداد تقرير مرحلي مؤقت عن مبادرة باماكو ضد مشيئة المجلس .-

- الحرف الأول [ ت ] - الحرف الأخير [ ض ] - [ ت ـ ـ ـ ض ] - عدد الحروف 5 -",تخفيض,التخفيض,كتخفيض
"-فعلى م ـ ـ  السنوات القليلة الماضية توصلنا من أجل تفسير وتبرير الشلل الطويل الأمد للمؤتمر إلى تفسير مفاده أن مؤتمر نزع السلاح لا يستطيع أن يقوم بمهمته إلا إذا كان المناخ الأمني الإجمالي يساعد على تحقيق ذلك ، ومعنى هذا أنه على الرغم من كوننا محفلا متعدد الأطراف فإننا رهائن للعلاقات الثنائية الرئيسية .-

- الحرف الأول [ م ] - [ م ـ ـ  ] - عدد الحروف 3 -",مدى,لمدى,ومدى
"-وواضح من تقرير التقييم وتعليقات مؤسسات منظومة الأمم المتحدة أن تأثير برنامج مبادرة الأمم المتحدة الخاصة المتعلقة بأفريقيا كان محدودا على الرغم من الإمكانيات المتاحة له وأن ذلك يعزى أساسا إلى مختلف الجوانب المتعلقة ب ـ ـ ـ ـ د مفاهيمه وتخطيطه .-

- الحرف الأول [ ب ] - الحرف الأخير [ د ] - [ ب ـ ـ ـ ـ د ] - عدد الحروف 6 -",بتحديد,بتحديده,بتحديدها
"-ويعترف بعض الممثلين القطريين بأن مقار وكالاتهم أو هياكلهم الفرعية الإقليمية لا تدعم إطار عمل الأمم المتحدة للمساعدة الإنمائية دعما تاما ، على الرغم من أن التقييم ا ـ ـ ـ ـ ي المشترك وإطار عمل الأمم المتحدة للمساعدة الإنمائية أسفرا عن زيادة مشاركة الوكالات المتخصصة في التحليل المنسق والتخطيط الاستراتيجي .-

- الحرف الأول [ ا ] - الحرف الأخير [ ي ] - [ ا ـ ـ ـ ـ ي ] - عدد الحروف 6 -",القطري,والقطري,القطريب
"-11 - وأقر الرئيس بأن العديد من المهام ذات الأولوية الواردة في البرنامج الانتقالي ، بما فيها إصلاح القطاع الأمني والمصالحة ا ـ ـ ـ ـ ـ ة ، لن يتحقق قبل الانتخابات .-

- الحرف الأول [ ا ] - الحرف الأخير [ ة ] - [ ا ـ ـ ـ ـ ـ ة ] - عدد الحروف 7 -",الوطنية,لوطنية,بالوطنية
"-إذ تسترشد بالمبادئ الواردة في ميثاق الأمم المتحدة ، والإعلان العالمي لحقوق الإنسان ، وإعلان مبادئ القانون الدولي المتصلة بالعلاقات الودية والتعاون فيما بين الدول وفقا لميثاق الأمم المتحدة ، والعهدين الدوليين الخاصين بحقوق الإنسان ، وغيرها من ا ـ ـ ـ ـ ك الدولية والإقليمية المتصلة بحقوق الإنسان والقانون الإنساني الدولي ،-

- الحرف الأول [ ا ] - الحرف الأخير [ ك ] - [ ا ـ ـ ـ ـ ك ] - عدد الحروف 6 -",الصكوك,والصكوك,للصكوك
