QUESTION_TEXT,OPTION_1,OPTION_2,OPTION_3
"-وبالإضافة إلى ذلك ، ذكر الوفد أنه بينما قررت الجمعية العامة أن تطبق على قضاة محكمة العدل الدولية المنهجية التي تتبعها لجنة الخدمة المدنية الدولية فيما يخص موظفي الأمم المتحدة ، فإن اجتماع الدول الأطراف لم يتخذ مقررا مماثلا بالنسبة لقضاة المحكمة الدولية لقانون البحار لأنه لم يكن في مقدور الدول الأطراف أن تتخذ قرارات مستنيرة ب ـ ـ ـ  إمكانية تطبيق هذه المنهجية على المحكمة .-

- الحرف الأول [ ب ] - [ ب ـ ـ ـ  ] - عدد الحروف 4 -",بشأن,وبشأن,بشأنه
"-2 - ت ـ ـ ـ ز الإدارة السليمة بيئيا للنفايات والكيماويات الخطرة عبر التنسيق الأفضل مع أمانتي اتفاقيتي روتردام واستكهولم .-

- الحرف الأول [ ت ] - الحرف الأخير [ ز ] - [ ت ـ ـ ـ ز ] - عدد الحروف 5 -",تعزيز,وتعزيز,لتعزيز
"-وفيما يتعلق بالمساعدة الإنمائية الرسمية ، ينبغي أن تكون جميع المساعدات غير مقيدة بشروط ، كما ينبغي ل ـ ـ ـ ـ ـ ن المانحة تنفيذ أهداف المساعدة الإنمائية الرسمية ؛ وينبغي لأقل البلدان نموا أن تركز على توزيع المساعدة الإنمائية الرسمية توزيعا فعالا في سبيل القضاء على الفقر .-

- الحرف الأول [ ل ] - الحرف الأخير [ ن ] - [ ل ـ ـ ـ ـ ـ ن ] - عدد الحروف 7 -",للبلدان,لبلدان,البلدان
"-33 - وفي التحليل السالف ا ـ ـ ـ ر ، لا بد من ضرورة التمييز بين الطرق المباشرة وغير المباشرة لخلق فرص العمل عن طريق إقامة الروابط بين القطاعات .-

- الحرف الأول [ ا ] - الحرف الأخير [ ر ] - [ ا ـ ـ ـ ر ] - عدد الحروف 5 -",الذكر,فالذكر,كالذكر
"-أيدت جمهورية أفريقيا الوسطى ، ش ـ ـ ـ ا شأن الدول الأعضاء في الأمم المتحدة ، إعلان الالتزام بشأن فيروس نقص المناعة البشرية / متلازمة نقص المناعة المكتسب ( الإيدز ) ، الذي اعتمدته الدول الأعضاء في عامي 2001 و 2006 .-

- الحرف الأول [ ش ] - الحرف الأخير [ ا ] - [ ش ـ ـ ـ ا ] - عدد الحروف 5 -",شأنها,شأنه,لشأنها
"-وتحقيقا لهذه ا ـ ـ ـ ـ ة ، أطلقت فرنسا مشروع الاتحاد من أجل المتوسط ، الذي عقدت أول قمة له في 13 تموز / يوليه 2008 .-

- الحرف الأول [ ا ] - الحرف الأخير [ ة ] - [ ا ـ ـ ـ ـ ة ] - عدد الحروف 6 -",الغاية,والغاية,فالغاية
"-وأقر المجلس ، في مقرره 99 / 22 ، بالنسبة لصندوق الأمم المتحدة للمشاريع الإنتاجية بأن الإفراط في الاعتماد على عدد محدود من المانحين يتضمن مخاطرات تتصل بالاستدامة المالية ل ـ ـ ـ ـ ـ ق على الصعيد الطويل الأجل ، ودعا جميع البلدان التي تستطيع التبرع إلى الصندوق أن تقوم بذلك لضمان التمويل الملائم .-

- الحرف الأول [ ل ] - الحرف الأخير [ ق ] - [ ل ـ ـ ـ ـ ـ ق ] - عدد الحروف 7 -",للصندوق,لصندوق,والصندوق
"-52 - للحصول على معلومات بشأن التحليل ، أنظر الفرع رابعا - هاء - 2 من ا ـ ـ ـ ـ ـ ئ التوجيهية التقنية العامة .-

- الحرف الأول [ ا ] - الحرف الأخير [ ئ ] - [ ا ـ ـ ـ ـ ـ ئ ] - عدد الحروف 7 -",المبادئ,والمبادئ,المباديء
"-وقد أوضح الطرف أن الهالونات تم استيرادها في عام 2004 من جانب وزارة ا ـ ـ ـ ـ ع للاستخدام في القوات الجوية ووحدات الدبابات وكذلك في الطيران المدني .-

- الحرف الأول [ ا ] - الحرف الأخير [ ع ] - [ ا ـ ـ ـ ـ ع ] - عدد الحروف 6 -",الدفاع,الدفاعة,فالدفاع
"-اتفاقية روتردام المتعلقة بتطبيق إجراء الموافقة المسبقة عن علم على مواد كيميائية ومبيدات آ ـ ـ ـ  معينة خطرة متداولة في التجارة الدولية-

- الحرف الأول [ آ ] - [ آ ـ ـ ـ  ] - عدد الحروف 4 -",آفات,لآفات,بآفات
"-( ه ) زيادة الاستخدام الفعال للمتطوعين ، ولا سيما م ـ ـ ـ ـ و الأمم المتحدة - وجهت عناية فريق كبار الاستشاريين بصورة متكررة إلى أن برنامج متطوعي الأمم المتحدة يشكل مصدرا للقدرات المتنوعة والمختبرة ميدانيا .-

- الحرف الأول [ م ] - الحرف الأخير [ و ] - [ م ـ ـ ـ ـ و ] - عدد الحروف 6 -",متطوعو,متطوعون,المتطوعون
"-( أ ) انتخاب أعضاء م ـ ـ ـ  الاجتماع الثالث عشر للأطراف في بروتوكول مونتريال بشأن المواد المستنفدة لطبقة الأوزون ؛-

- الحرف الأول [ م ] - [ م ـ ـ ـ  ] - عدد الحروف 4 -",مكتب,كمكتب,المكتب
"-12 - شدد أيضا رؤساء الأركان العامة للجماعة الاقتصادية ل ـ ـ ـ  غرب أفريقيا على ضرورة الاستمرار في توعية قيادة الجيش بشأن مفهوم إصلاح قطاع الأمن ، وأهمية معالجة العلاقة المعقدة بين السلطتين المدنية والعسكرية ، وما ينتج عن ذلك من تفشي ظاهرة الإفلات من العقاب على الأفعال التي يرتكبها الجيش ، بما فيها تلك التي ارتكبت في 1 نيسان / أبريل ، فضلا عن الآثار الخطيرة لتهريب المخدرات والجريمة المنظمة والفساد على استقرار البلد .-

- الحرف الأول [ ل ] - [ ل ـ ـ ـ  ] - عدد الحروف 4 -",لدول,للدول,آلدول
"-ولتنفيذ هذه السياسات ، بدأت الأمانات إجراءات لتعزيز البرمجة القطرية وتفويض السلطة ، وإيصال لا مركزية الأنشطة إلى ا ـ ـ ـ ـ ـ ى الميداني .-

- الحرف الأول [ ا ] - الحرف الأخير [ ى ] - [ ا ـ ـ ـ ـ ـ ى ] - عدد الحروف 7 -",المستوى,والمستوى,كالمستوى
"-إذا لم يقبل طرفا النزاع نفس الإجراء أو لم يقبلا أيا من الإجراءات المتوخاة في الفقرة 2 ، وإذا لم يتمكنا من تسوية نزاعهما خلال 6 أشهر بعد قيام أحد الطرفين بإخطار الطرف الآخر بوجود نزاع بينهما ، يعرض النزاع للتوفق بناء على طلب أي من ط ـ ـ ـ  النزاع ، وفقا للإجراءات المعتمدة .-

- الحرف الأول [ ط ] - [ ط ـ ـ ـ  ] - عدد الحروف 4 -",طرفي,بطرفي,وطرفي
"-وفي هذا السياق ، أعدت أمانة الأونكتاد تقريرا مرحليا عن تنفيذ التوصيات المتفق عليها التي اعتمدت في ا ـ ـ ـ ـ ة التاسعة للجنة .-

- الحرف الأول [ ا ] - الحرف الأخير [ ة ] - [ ا ـ ـ ـ ـ ة ] - عدد الحروف 6 -",الدورة,والدورة,بالدورة
"-ولأن هذه المسألة ستطبق على نطاق منظومة الأمم المتحدة ككل ، أثيرت في دورة حزيران / يونيه 2010 للشبكة المشتركة بين الوكالات لإدارة المسائل الأمنية ، التي أحالتها إلى ا ـ ـ ـ ـ ة الإدارية الرفيعة المستوى .-

- الحرف الأول [ ا ] - الحرف الأخير [ ة ] - [ ا ـ ـ ـ ـ ة ] - عدد الحروف 6 -",اللجنة,فاللجنة,عضواللجنة
"-4 - طوال الفترة المشمولة بالتقرير ، ظلت ا ـ ـ ـ ـ ة الأمنية في كوسوفو هادئة ولكنها متوترة ، بسبب بعض الأحداث البسيطة والمنعزلة .-

- الحرف الأول [ ا ] - الحرف الأخير [ ة ] - [ ا ـ ـ ـ ـ ة ] - عدد الحروف 6 -",الحالة,فالحالة,وبالحالة
"-يقدم هذا التقرير معلومات بشأن تنفيذ أحكام ا ـ ـ ـ ق أكرا المتعلقة بمجالات العمل الواردة في الفقرة 162 الخاصة بالبرامج المشتركة بين الشعب لبناء القدرات .-

- الحرف الأول [ ا ] - الحرف الأخير [ ق ] - [ ا ـ ـ ـ ق ] - عدد الحروف 5 -",اتفاق,كاتفاق,اتفاقة
"-المادة 1 - يسري العهد الدولي الخاص بالحقوق ا ـ ـ ـ ـ ـ ة والسياسية ، الذي صدق عليه بالقانون رقم 29 / 78 المؤرخ 12 حزيران / يونيه ، والعهد الدولي الخاص بالحقوق الاقتصادية والاجتماعية والثقافية ، الذي صدق عليه بالقانون رقم 45 / 78 المؤرخ 11 تموز / يوليه ، على إقليم ماكاو .-

- الحرف الأول [ ا ] - الحرف الأخير [ ة ] - [ ا ـ ـ ـ ـ ـ ة ] - عدد الحروف 7 -",المدنية,لمدنية,والمدنية
