QUESTION_TEXT,QUESTION_TYPE,OPTION_1,OPTION_2,OPTION_3
"Winkle knew he had won. Bork thought for several minutes, but it was inevitable. He got up and returned to the castle, strapped on his old armor, took his huge ax and his shield, and, with his sword b _ _ _ _ d at his waist, walked into the courtyard of the castle. [6 Letters B _ _ _ _ _ D]",Fill-in-the-Blank,belted,BELTED,Belted
"He'd gone straight through and s _ _ _ d on the porch, his hands braced on the rail. The rain Lil had scented that morning pattered the ground, soaked the fields waiting for plowing. [5 Letters S _ _ _ _ _ D]",Fill-in-the-Blank,stood,STOOD,Stood
"The Seanchan might have been willing to l _ _  Balwer go with his pass, but not with decent mounts. [3 Letters L _ _ _ ]",Fill-in-the-Blank,let,LET,Let
"I c _ _ _ _ d my eyes and concentrated hard. When I opened them again, Willy was crouched there beside me. [6 Letters C _ _ _ _ _ D]",Fill-in-the-Blank,closed,CLOSED,Closed
The look in his eyes was now hot and fierce as he s _ _  her on her feet. It was the same look she'd seen last night when he'd come to her rescue. [3 Letters S _ _ _ ],Fill-in-the-Blank,set,SET,Set
"I leaned over to t _ _ _ h her hair and heard her murmuring under her breath, so soft, ""Please, please, please."" You would have had to be colder than even I was to ignore that soft pleading. [5 Letters T _ _ _ _ _ H]",Fill-in-the-Blank,touch,TOUCH,Touch
"she will stay nowhere else, not in Kharbranth. Yalb here will s _ _ _  you the way. We can deliver your trunk later."" [4 Letters S _ _ _ ]",Fill-in-the-Blank,show,SHOW,Show
"There was no willow, only the rotted stump of one. Fear tickled the back of her throat, but she swallowed it. G _ _ _ g with instinct, she rose up on her toes and laid her lips warmly on his. [5 Letters G _ _ _ _ _ G]",Fill-in-the-Blank,going,GOING,Going
He g _ _  in his car and headed for his club. [3 Letters G _ _ _ ],Fill-in-the-Blank,got,GOT,Got
"""Sorry,"" he said, tail flicking out behind him. ""What are you d _ _ _ g tonight? This is a kind of dull place and -"" [5 Letters D _ _ _ _ _ G]",Fill-in-the-Blank,doing,DOING,Doing
"""Hold your fire,"" Eve ordered as one of the cops t _ _ _  aim. ""Hold your goddamn fire. This is my op. This is my collar."" She sensed rather than saw Roarke land behind her. ""Mine."" She all but growled it. [4 Letters T _ _ _ ]",Fill-in-the-Blank,took,TOOK,Took
"If that didn't seduce sleep, there was a plump daybed in misty blue satin that angled toward the french doors and o _ _ _ _ _ d a view of moonlight. [7 Letters O _ _ _ _ _ D]",Fill-in-the-Blank,offered,OFFERED,Offered
"I looked at him, so suddenly, that I stumbled, and he caught my arm. I r _ _ _ _ _ _ d in that moment that I didn't know that much about Bobby Lee, not really. ""You work for Rafael, you can't be a white supremacist."" [8 Letters R _ _ _ _ _ D]",Fill-in-the-Blank,realized,REALIZED,Realized
The black knight nodded. Ron t _ _ _ _ d to the other two. [6 Letters T _ _ _ _ _ D],Fill-in-the-Blank,turned,TURNED,Turned
"The pestle s _ _ _ _ d harmless, but the two items composed a set, so she took both to the trash can. The granite mortar was cold in her cupped hand. [6 Letters S _ _ _ _ _ D]",Fill-in-the-Blank,seemed,SEEMED,Seemed
Jake's hand moved from the bed so he could use it to c _ _  my jaw. [3 Letters C _ _ _ ],Fill-in-the-Blank,cup,CUP,Cup
"He p _ _ _ _ d himself free of her arms, stepped through the door into the ram, closed the door and hurried down the drive toward the stables. [6 Letters P _ _ _ _ _ D]",Fill-in-the-Blank,pulled,PULLED,Pulled
"They were parked on a patch of hard-packed red earth, along a road bounded by dense greenery on both sides. Wally made a mental note to a _ _  Jerusha about the trees; everything was so green. [3 Letters A _ _ _ ]",Fill-in-the-Blank,ask,ASK,Ask
"He raised an eyebrow, and I felt ashamed. Wilson didn't deserve snappishness; he was an excellent servant, and an excellent person. It wasn't easy to find house staff willing to p _ _  up with my . . . particularities. [3 Letters P _ _ _ ]",Fill-in-the-Blank,put,PUT,Put
"They l _ _ _ _ d at each other, a sudden depth of feeling between them, the dweller upon his dust-puff-dry ground, the gunslinger on the hardpan that shelved down to the desert. He reached for his flint. [6 Letters L _ _ _ _ _ D]",Fill-in-the-Blank,looked,LOOKED,Looked
