QUESTION_TEXT,QUESTION_TYPE,OPTION_1,OPTION_2,OPTION_3
Its last energies were committed to maintaining the secrecy of its race's presence in the midst of ordinary men. The gargoyle was gone. A dead man l _ _  in the gloom before me. A dead man whom I had killed. [3 Letters L _ _ _ ],Fill-in-the-Blank,lay,LAY,Lay
"""Sorry, but when you s _ _ _ d most of your life hunting vampires, you get very aware of where the sun is in the sky."" [5 Letters S _ _ _ _ _ D]",Fill-in-the-Blank,spend,SPEND,Spend
"The red-uniformed man o _ _ _ _ d his mouth, then took a good look at Lan's eyes and stepped back. He caught himself immediately, with a glance at Moiraine and her. [6 Letters O _ _ _ _ _ D]",Fill-in-the-Blank,opened,OPENED,Opened
"""The fastest on the river to be sure, my Lady,"" he said, and returned to shouting at his crew. He already had half the gold, and only needed to show respect enough to e _ _ _ _ e he got the rest. [6 Letters E _ _ _ _ _ E]",Fill-in-the-Blank,ensure,ENSURE,Ensure
"I l _ _ _ _ d over my shoulder and saw her burst from the tall grass, Dogs at her back. One of them carried a hammer that looked near as big as I was. [6 Letters L _ _ _ _ _ D]",Fill-in-the-Blank,looked,LOOKED,Looked
"""Goons,"" I said. ""More like a cult, really. Nicodemus had a number of followers whose tongues had been removed. They were fanatics, heavily armed, and crazy enough to c _ _ _ _ t suicide rather than be captured by his enemies."" [6 Letters C _ _ _ _ _ T]",Fill-in-the-Blank,commit,COMMIT,Commit
"I s _ _ _ _ d in breath then cried out, ""Casey, no!"" as Gray's moment of inattention put him off-guard giving Casey the opportunity to get the drop on him and he did. Casey dipped a shoulder and lunged. [6 Letters S _ _ _ _ _ D]",Fill-in-the-Blank,sucked,SUCKED,Sucked
They took the bus out to the beach and people k _ _ _  crowding on and Nick got jammed in the back with Gloria instead of Loretta. [4 Letters K _ _ _ ],Fill-in-the-Blank,kept,KEPT,Kept
"""No, don't. She needs peace and most of all, she needs quiet. She has to fight this on her own. She told me they only last a few hours, she just n _ _ _ s sleep."" [5 Letters N _ _ _ _ _ S]",Fill-in-the-Blank,needs,NEEDS,Needs
"I stood up so I could reach across the desk and t _ _ _ h his hand. ""It's okay, I know what it's like to have the powerful demi-fey affect you."" [5 Letters T _ _ _ _ _ H]",Fill-in-the-Blank,touch,TOUCH,Touch
"""It's a place to be proud of. I've felt at home since I w _ _ _ _ d in the door."" Except for one small incident with your granddaughter, Noah thought, but decided it wouldn't be politic to mention it. [6 Letters W _ _ _ _ _ D]",Fill-in-the-Blank,walked,WALKED,Walked
"He could say what he felt right out loud, could articulate what they surely must know he felt-we m _ _ _  a mistake, and staying here is compounding it-but saw no point. [4 Letters M _ _ _ ]",Fill-in-the-Blank,made,MADE,Made
"Kevin knew nothing about what his old man did, at least not the sort of details that were required on the witness stand. But if he did, Francis would just bite the bullet and t _ _ _  the fall. [4 Letters T _ _ _ ]",Fill-in-the-Blank,take,TAKE,Take
"""When you cornered us in the apartment, you did not give us the option to e _ _ _ _ _ n things to you,"" Maria said angrily. [7 Letters E _ _ _ _ _ N]",Fill-in-the-Blank,explain,EXPLAIN,Explain
"At the end of the alley, she paused to button her blouse and p _ _  on a pair of sunglasses. She turned right into the street. [3 Letters P _ _ _ ]",Fill-in-the-Blank,put,PUT,Put
"he declared ponderously after he had k _ _ _ _ d both her cheeks. ""No man alive is fit to don his armor, that is plain. We all grieve for him."" [6 Letters K _ _ _ _ _ D]",Fill-in-the-Blank,kissed,KISSED,Kissed
It was a real tribute to both Army aviators and USAF CAS pilots that they were able to g _ _ _  us so many air attacks. [4 Letters G _ _ _ ],Fill-in-the-Blank,give,GIVE,Give
"She went to the balcony, but there was nothing to be seen out on the rivers, but she could h _ _ _  the voices more clearly from outside, the sound of many horses, the clink of armor, and here and there a cheer. [4 Letters H _ _ _ ]",Fill-in-the-Blank,hear,HEAR,Hear
"She t _ _ _ s a lot, she has a lot to say and, unless you're her Momma, you wouldn't get it, it would just seem like yaps to you. She's also overly friendly. Many people find that annoying."" [5 Letters T _ _ _ _ _ S]",Fill-in-the-Blank,talks,TALKS,Talks
"The phone stopped ringing. He sat up, rubbed his head, now feeling even guiltier for not a _ _ _ _ _ _ _ g the call. The phone started ringing again. Okay, now he had another chance to at least make this right. [9 Letters A _ _ _ _ _ G]",Fill-in-the-Blank,answering,ANSWERING,Answering
