QUESTION_TEXT,QUESTION_TYPE,OPTION_1,OPTION_2,OPTION_3
"But, again, Leona Pitt Brighton's teaching got the upper hand of the young woman's fear. Trouble only g _ _ _  worse if you ran away from it-and only receded when you faced it down. [4 Letters G _ _ _ ]",Fill-in-the-Blank,grew,GREW,Grew
I could have d _ _ _  the rest in my sleep. For the next twenty minutes I talked about the Russian. [4 Letters D _ _ _ ],Fill-in-the-Blank,done,DONE,Done
This is f _ _ _ _ _ _ d by a series of smaller explosions-most likely detonations placed within the building by the soldiers. [8 Letters F _ _ _ _ _ D],Fill-in-the-Blank,followed,FOLLOWED,Followed
"Roland's eyebrows r _ _ _ , then he barked a laugh. ""Not you, Jake. Not a bit. Never in life."" [4 Letters R _ _ _ ]",Fill-in-the-Blank,rose,ROSE,Rose
"""Love this sweetness, Zadie, but you gotta let your old man t _ _ _  care of his woman,"" he said gently. [4 Letters T _ _ _ ]",Fill-in-the-Blank,take,TAKE,Take
"Benny the Bull admitted him, looking like an overweight pug who had f _ _ _ d his way into his manager's wardrobe by mistake, and he stood watchfully at the door of the sunken living room until Correzente waved him away with one driftwood hand. [5 Letters F _ _ _ _ _ D]",Fill-in-the-Blank,found,FOUND,Found
"""You're trembling."" He could feel the light tremor of her body as he brought her closer. ""Is it fear?"" he demanded as his thumbs b _ _ _ _ _ d over her lips. ""Or excitement?"" [7 Letters B _ _ _ _ _ D]",Fill-in-the-Blank,brushed,BRUSHED,Brushed
"On one hand, he had no right to do that; on the other, I'd n _ _ _ _ d the help. What the hell was going on with Richard and me? [6 Letters N _ _ _ _ _ D]",Fill-in-the-Blank,needed,NEEDED,Needed
"""Neil, what are you talking about! You're the one who doesn't understand. You're the one who from the very beginning was accusing me of things? Remember? Isn't it so? Why don't you have your eyes f _ _ _ d? [5 Letters F _ _ _ _ _ D]",Fill-in-the-Blank,fixed,FIXED,Fixed
"Instead of shooting, the kid f _ _ _ _ t free of the coyote, as if it were a coat he had somehow gotten tangled in. He scooted away on his butt, looking bewildered. The front of his shirt was matted with blood and fur. [6 Letters F _ _ _ _ _ T]",Fill-in-the-Blank,fought,FOUGHT,Fought
"""Starving,"" Diana said recklessly as she s _ _ _  onto a stool beside a young, nervous-looking man with flyaway hair and glasses. [4 Letters S _ _ _ ]",Fill-in-the-Blank,slid,SLID,Slid
"Archer l _ _ _ _ d thoughtful as he glanced back at the steps he'd just come down. ""Maybe Miss Crabtree is overcompensating then."" He said this more to himself than Dill. [6 Letters L _ _ _ _ _ D]",Fill-in-the-Blank,looked,LOOKED,Looked
"""What I want …"" His throat f _ _ _  raw and tight. What did he want? More than you can ever give me, Father. ""Pod tells me that Littlefinger's been made Lord of Harrenhal."" [4 Letters F _ _ _ ]",Fill-in-the-Blank,felt,FELT,Felt
") The evening meal, interchangeably referred to as dinner or supper, was best if the main dish was lamb chops, but roast beef ran a close second, followed, in no particular order, by fried chicken, roast chicken, beef stew, pot roast, spaghetti and meatballs, sautéed liver, and f _ _ _ d fish fillets smothered in ketchup. [5 Letters F _ _ _ _ _ D]",Fill-in-the-Blank,fried,FRIED,Fried
Perhaps they had only meant to harass and bully him a bit. Perhaps they hadn't meant to m _ _ _  good their threat to arrest him-on charges they hadn't made clear. [4 Letters M _ _ _ ],Fill-in-the-Blank,make,MAKE,Make
"Shaken that it happened, and that it happened to me."" I l _ _ _ _ d eyes with him and concluded, ""Not good."" [6 Letters L _ _ _ _ _ D]",Fill-in-the-Blank,locked,LOCKED,Locked
"His brows l _ _ _ _ d, and he hunched closer to her. ""You look afraid."" [6 Letters L _ _ _ _ _ D]",Fill-in-the-Blank,lifted,LIFTED,Lifted
"She stood at the window in a short white robe, with her hair loose, her feet bare. She'd turned the lights off, lighted candles instead. Their glow, the s _ _ _ _ _ _ g shadows they created suited her perfectly. [8 Letters S _ _ _ _ _ G]",Fill-in-the-Blank,shifting,SHIFTING,Shifting
"Amanda s _ _ _ _ d over her shoulder. ""Yes, I'll send Lilah up."" She went out, hurrying downstairs while she ticked off duties in her mind. Taking a moment, she stopped by the hall mirror to adjust the spray of baby's breath over her ear. [6 Letters S _ _ _ _ _ D]",Fill-in-the-Blank,smiled,SMILED,Smiled
"He wanted to bring the house to life again, but did he want to put it back exactly the way it had been? He'd already c _ _ _ _ _ d things, and the changes made it his. [7 Letters C _ _ _ _ _ D]",Fill-in-the-Blank,changed,CHANGED,Changed
