QUESTION_TEXT,QUESTION_TYPE,OPTION_1,OPTION_2,OPTION_3
"I set the showerhead on hard, so that the water b _ _ _  against my neck, head, shoulders. I hadn't been embarrassed about having sex with Jason, and maybe that was wrong, but it hadn't felt sinful. [4 Letters B _ _ _ ]",Fill-in-the-Blank,beat,BEAT,Beat
"""I'm glad you are finally t _ _ _ _ g an interest, Toy. Perhaps I will be able to educate you yet."" Her eyes were liquid in the moonlight. ""An owl hooting twice means someone will die soon."" Well, that put a bloody end to conversation. [6 Letters T _ _ _ _ _ G]",Fill-in-the-Blank,taking,TAKING,Taking
"""Well, but it figures,"" the girl said. ""For at least twenty years now, illegal drugs have been the cause of most birth defects. Did you know that? I r _ _ _  it in a book. I read a lot. I'm book crazy. [4 Letters R _ _ _ ]",Fill-in-the-Blank,read,READ,Read
"I p _ _  my hand back on top of Damian's. ""I'm not a vampire, Merlin, I'm a necromancer. It's just another kind of psychic gift. It doesn't make me evil."" [3 Letters P _ _ _ ]",Fill-in-the-Blank,put,PUT,Put
"Adolin raised his sphere in the dark chamber, s _ _ _ _ _ g light on the wall. After so long outdoors in the Weeping, it felt strange not to have rain tapping against his helm. [7 Letters S _ _ _ _ _ G]",Fill-in-the-Blank,shining,SHINING,Shining
"When Jackie punched in the numbers, the beeping quit. Now there was only the music. Perry Como had g _ _ _ n way to something instrumental; Linda thought it sounded suspiciously like the organ solo from ""In-A-Gadda-Da-Vida."" [5 Letters G _ _ _ _ _ N]",Fill-in-the-Blank,given,GIVEN,Given
"To his surprise, several of the zombies reacted, pointing at him and w _ _ _ _ g their arms. [6 Letters W _ _ _ _ _ G]",Fill-in-the-Blank,waving,WAVING,Waving
"One can't expect everything. He is a faithful, hard-working, dear, terribly talented, intelligent, hard-luck man. It isn't his fault … She m _ _ _ d her head an inch closer to his pillow, and then her whole body, but casually, as though she were only being tossed toward him by the oceanic process of awakening. [5 Letters M _ _ _ _ _ D]",Fill-in-the-Blank,moved,MOVED,Moved
"""I like probabilities better. But . . ."" He h _ _ _  out a hand, taking hers when she offered it. ""Deal."" [4 Letters H _ _ _ ]",Fill-in-the-Blank,held,HELD,Held
"When Louise stepped through the doorway with Summerset just behind her, she stopped abruptly. She supposed she could have -- should have -- cleared her throat or m _ _ _  some sound. [4 Letters M _ _ _ ]",Fill-in-the-Blank,made,MADE,Made
"She s _ _ _ _ d a bit out of place. In a matter of seconds Claudia sized up the lobby, deemed it safe and clear, and filed away all the faces. [6 Letters S _ _ _ _ _ D]",Fill-in-the-Blank,seemed,SEEMED,Seemed
She d _ _ _ _ _ d the pistol and kicked it across the carpet so hard that it traveled the length of the room and clattered noisily against a closet door. [7 Letters D _ _ _ _ _ D],Fill-in-the-Blank,dropped,DROPPED,Dropped
"""Not for me, but thanks."" His tone turned careless and cold as he looked away from her again and around the room. ""But I'd say you've g _ _  plenty of alternates here if you're up for a quick one-night stand. I'm going home."" [3 Letters G _ _ _ ]",Fill-in-the-Blank,got,GOT,Got
"And she would never, never fall in l _ _ _  the way her mother had. She would become her own woman. Starting now. [4 Letters L _ _ _ ]",Fill-in-the-Blank,love,LOVE,Love
"And I had cases. Two of them. One, Shirleen (and thus Lee) had punted me. One was from a friend who had a friend who n _ _ _ _ d help. [6 Letters N _ _ _ _ _ D]",Fill-in-the-Blank,needed,NEEDED,Needed
"She retrieved a long, thin cigarette from a box in her pocket. Lit it. She took a drag and light s _ _ _ _ _ _ d her face. [8 Letters S _ _ _ _ _ D]",Fill-in-the-Blank,splashed,SPLASHED,Splashed
"Rufus had to keep his eyes open to steer, but he s _ _ _ _ _ _ _ d up his face with each shot. His ears were ringing so loudly you could have shouted in his face and he would not have been able to hear you. [9 Letters S _ _ _ _ _ D]",Fill-in-the-Blank,scrunched,SCRUNCHED,Scrunched
"Look at me, Mavis."" She waited until Mavis s _ _ _ _ _ d her gaze. ""I don't know what the sweepers will pull in, what the lab reports will say. But if we don't get real lucky, you're going to need a lawyer."" [7 Letters S _ _ _ _ _ D]",Fill-in-the-Blank,shifted,SHIFTED,Shifted
"He c _ _ _ _ _ d his arms over his chest, accenting his saggy little potbelly. ""Don't have to tell you dick."" [7 Letters C _ _ _ _ _ D]",Fill-in-the-Blank,crossed,CROSSED,Crossed
He nudged his horse forward; the Watchmen ahead wheeled their mounts and l _ _  the way. Briar glanced back to see if the rest followed: he might still escape if they didn't. [3 Letters L _ _ _ ],Fill-in-the-Blank,led,LED,Led
