QUESTION_TEXT,QUESTION_TYPE,OPTION_1,OPTION_2,OPTION_3
But the custom was to let a prentice go as soon as he had the skill and had sense enough to m _ _ _  his way in the world. [4 Letters M _ _ _ ],Fill-in-the-Blank,make,MAKE,Make
"Amos jammed his paw on the accelerator, and they got out of there before the robot could D _ _ _  the gun and grab the car again. [4 Letters D _ _ _ ]",Fill-in-the-Blank,drop,DROP,Drop
"""Cabe, honey, you get this, go to the hospital."" He heard his wife's voice, jerked out of his freeze and r _ _  to the bathroom. ""Something's wrong. I'm calling… [3 Letters R _ _ _ ]",Fill-in-the-Blank,ran,RAN,Ran
"""Well, you aren't going to fuck me again anytime soon,"" she replied, ignoring the serious that stayed and the concern that filtered into his gaze as she spoke. ""Because you're a battering ram and my nether regions n _ _ _  a break. At least until tomorrow."" [4 Letters N _ _ _ ]",Fill-in-the-Blank,need,NEED,Need
"'Haven'. No 'fort', just 'Haven'. Because that's what we are."" The man n _ _ _ _ d as a pleased murmur swept through the room. ""I thank you for your attention,"" Kel said, and stepped off the crate. [6 Letters N _ _ _ _ _ D]",Fill-in-the-Blank,nodded,NODDED,Nodded
"The tension began w _ _ _ _ _ g its way through my body, and before I knew it, it all collected in my fist. [7 Letters W _ _ _ _ _ G]",Fill-in-the-Blank,working,WORKING,Working
"Jack p _ _  his head in his hands. ""Melanie Kraft is a Center asset."" [3 Letters P _ _ _ ]",Fill-in-the-Blank,put,PUT,Put
"I let one man h _ _ _  my hand and all the other men think I'm fucking him. God, there are times when I really hate being the only woman around this kind of shit."" [4 Letters H _ _ _ ]",Fill-in-the-Blank,hold,HOLD,Hold
"As long as he was there, Danny used the restroom. It felt good to w _ _ _  his hands and face. Days without washing were good for begging, bad for personal comfort. [4 Letters W _ _ _ ]",Fill-in-the-Blank,wash,WASH,Wash
"""Good."" She blew out a stream of breath. ""I want him to l _ _ _  a long time -- behind bars."" [4 Letters L _ _ _ ]",Fill-in-the-Blank,live,LIVE,Live
"""There are things I need to say."" Max l _ _ _ _ d his hands in a rare helpless gesture. ""I believe I'll take that drink after all."" [6 Letters L _ _ _ _ _ D]",Fill-in-the-Blank,lifted,LIFTED,Lifted
"What was he, stripped of all the signs he flashed? people were s _ _ _ _ _ _ g up everywhere, shouting ""This is me! This is me!"" [8 Letters S _ _ _ _ _ G]",Fill-in-the-Blank,standing,STANDING,Standing
She h _ _ _ _ _ d her shoulders automatically against a blow that didn't come. [7 Letters H _ _ _ _ _ D],Fill-in-the-Blank,hunched,HUNCHED,Hunched
"He reached for a piece of bread and had his hand s _ _ _ _ _ d aside for his trouble. ""Sit down first. Prove you've evolved into a civilized human being. [7 Letters S _ _ _ _ _ D]",Fill-in-the-Blank,slapped,SLAPPED,Slapped
"In the vividly imagined high redoubt of Castle Wyvern, l _ _ _ g on a bed of reeds, Woody stared at the glassless panes of the southern window, which was where the sign always appeared, the bluebird or the soft-furred white rat, to certify that he'd suffered enough for his errors. [5 Letters L _ _ _ _ _ G]",Fill-in-the-Blank,lying,LYING,Lying
"Lathrop, had written him a glowing recommendation . . . had, in fact, done everything but give him the job himself. Mr. DeHorne was retired now, but he and John Lathrop still s _ _  a lot of each other. [3 Letters S _ _ _ ]",Fill-in-the-Blank,saw,SAW,Saw
"l _ _ _ _ _ g on the rail, she watched the swans race after feed, bending those slender necks, then gobbling greedily. Now and again one would honk and peck at another who edged into its territory. [7 Letters L _ _ _ _ _ G]",Fill-in-the-Blank,leaning,LEANING,Leaning
"Primo stood, and that turned me back to them. The big man b _ _ _ _ d his hands into his black, blood-soaked shirt, and tore it like it was paper. Naked from the waist up, he was magnificent, if you were into giants. [6 Letters B _ _ _ _ _ D]",Fill-in-the-Blank,balled,BALLED,Balled
"When she went limp, he moved up her body with lazy kisses. He wanted her to tremble, to call out his name, to clamp around him as if life d _ _ _ _ _ _ d on it. [8 Letters D _ _ _ _ _ D]",Fill-in-the-Blank,depended,DEPENDED,Depended
"The Hittite s _ _ _ _ _ _ d his feet and lowered his eyes. ""What shall I tell my king?"" [8 Letters S _ _ _ _ _ D]",Fill-in-the-Blank,shuffled,SHUFFLED,Shuffled
