QUESTION_TEXT,QUESTION_TYPE,OPTION_1,OPTION_2,OPTION_3
"When he was done, his fingers c _ _ _ _ d around the side of my hand with the pad of his thumb pressed to the diamond, but his eyes stayed on mine. [6 Letters C _ _ _ _ _ D]",Fill-in-the-Blank,curled,CURLED,Curled
"Just last month they approached Jack Aldrich while he was e _ _ _ _ g lunch in a little grill on Second Street. We're not sure what they're up to, but Tarrance is out of his mind. It's nothing but harassment."" [6 Letters E _ _ _ _ _ G]",Fill-in-the-Blank,eating,EATING,Eating
"and to listen to the birds that had taken up roost in the old joists of the structure. There were no s _ _ _ _ _ d glass windows, simply lead ones that had been broken or merely disintegrated. [7 Letters S _ _ _ _ _ D]",Fill-in-the-Blank,stained,STAINED,Stained
He drew something from his pocket and h _ _ _  it up in front of me. [4 Letters H _ _ _ ],Fill-in-the-Blank,held,HELD,Held
It took another half-hour before Moore spotted the first body rising up on a wave like a piece of driftwood. Many others would f _ _ _ _ w. [6 Letters F _ _ _ _ _ W],Fill-in-the-Blank,follow,FOLLOW,Follow
"'We'll bring pizza. Listen, we're gonna get slammed, I think. One of us, anyway. And the only way to p _ _ _ _ _ t it is hang together. Better get what sleep you can during the day. Tomorrow night might be radically hairy out there on the point.' [7 Letters P _ _ _ _ _ T]",Fill-in-the-Blank,prevent,PREVENT,Prevent
"Ellorien paused, looking over her shoulder. ""When Tarmon Gai'don comes, Traemane rides for the Last Battle, and we ride behind the Lion of Andor."" Thunder boomed as she strode out of the Grand Hall with her s _ _ _ _ _ g woman at her heels. [7 Letters S _ _ _ _ _ G]",Fill-in-the-Blank,serving,SERVING,Serving
"A blood-red dawn shone across acres and acres of gray, muddy fields. The r _ _ _ _ g sun seemed to sit like a squashed red egg on top of a line of ghostly ash trees. [6 Letters R _ _ _ _ _ G]",Fill-in-the-Blank,rising,RISING,Rising
"As always, her words s _ _ _ _ d to float to me on the warm currents of her voice. ""Do you remember the promise you made to me when I gave you the pendant with the bell?"" [6 Letters S _ _ _ _ _ D]",Fill-in-the-Blank,seemed,SEEMED,Seemed
"Fiske held open the car door and pointed at the inside part of the doorjamb, the section that you don't see when the door is c _ _ _ _ d. Chandler fumbled for his glasses, put them on and saw what Fiske was pointing at. [6 Letters C _ _ _ _ _ D]",Fill-in-the-Blank,closed,CLOSED,Closed
"But to plan something like this."" Lifting his face again, he s _ _ _ k his head. ""I can't believe she could do it."" [5 Letters S _ _ _ _ _ K]",Fill-in-the-Blank,shook,SHOOK,Shook
"But there's no point if any of you just don't like the basic concept. And if you don't, well, I'll try to talk you into it,"" Parker a _ _ _ d with a laugh. ""Then if you hate it, I'll let it go."" [5 Letters A _ _ _ _ _ D]",Fill-in-the-Blank,added,ADDED,Added
"""Righteously murdered."" And he gave a laugh so bitter that it hurt to hear it. ""Righteous. No, not righteous. I t _ _ _  money. I knew was dirty. [4 Letters T _ _ _ ]",Fill-in-the-Blank,took,TOOK,Took
"""Well, I don't think more lawyers is a good idea. I am the attorney for the estate, chosen by Mr. Hubbard, and instructed by him to m _ _ _  sure his last will, the handwritten will, is honored and followed."" [4 Letters M _ _ _ ]",Fill-in-the-Blank,make,MAKE,Make
I f _ _ _ d the address on Fisher Street and took a room at the cheapest hotel I could find to put on the black suit and kill a few hours. What I do doesn't go so well in bright sunshine. [5 Letters F _ _ _ _ _ D],Fill-in-the-Blank,found,FOUND,Found
"Four people l _ _ _ d in the huge house: Michael and Hannah Pierce and their two daughters. The killer spied on the family in the most intimate ways, and at their most intimate moments. [5 Letters L _ _ _ _ _ D]",Fill-in-the-Blank,lived,LIVED,Lived
'Peter Chappel had a barbecue planned for this afternoon. Came home from his shop after sorting out some paperwork. p _ _  the wine to chill in the fridge and came out here to get the grill going.' [3 Letters P _ _ _ ],Fill-in-the-Blank,put,PUT,Put
He nearly had to shake his head to c _ _ _ r that unbidden and unwelcome but very interesting thought from his mind. [5 Letters C _ _ _ _ _ R],Fill-in-the-Blank,clear,CLEAR,Clear
"Gordian looked from Jack, a brindle male, to the two females-Jill, a teal blue, and Vivian the blond bombshell. All of them were s _ _ _ _ _ _ _ d out on the floor, their heads cranked toward the table, ears perked, penny-colored eyes fixed on his steaming drink. [9 Letters S _ _ _ _ _ D]",Fill-in-the-Blank,stretched,STRETCHED,Stretched
"He dropped into a p _ _ _ _ e on the floor, more anxious about the condition of his mortal shell than about who had stepped in to save his life like a saint in a storybook miracle. [6 Letters P _ _ _ _ _ E]",Fill-in-the-Blank,puddle,PUDDLE,Puddle
