QUESTION_TEXT,QUESTION_TYPE,OPTION_1,OPTION_2,OPTION_3
"She knew she was beaten. She took the pill out of her mouth, then made a production out of swallowing it. She t _ _ _ _ _ d the tip of her tongue to her lips. ""It might still be in there. Want to search me for it?"" [7 Letters T _ _ _ _ _ D]",Fill-in-the-Blank,touched,TOUCHED,Touched
"I h _ _ _ d jake emit a noise that sounded like it came from deep in his chest. A noise that reverberated pleasingly between my legs, just as his fingers dug into my bottom, something I liked. Very much. [5 Letters H _ _ _ _ _ D]",Fill-in-the-Blank,heard,HEARD,Heard
"The flight back was bleakly silent the whole way, and he couldn't fix it by calling in on his satellite phone because he'd taken a fall at some point and broken the antenna off the top of the d _ _ _ _ d thing. [6 Letters D _ _ _ _ _ D]",Fill-in-the-Blank,damned,DAMNED,Damned
"Below, the massive AA guns that protected Alta began firing, but they seemed clunky and slow compared to the zipping fighters. Explosions b _ _ _ _ _ d the air behind Jorgen's little Poco and the strange unfinished Krell ship. [7 Letters B _ _ _ _ _ D]",Fill-in-the-Blank,blasted,BLASTED,Blasted
"She was wearing a white nurse's uniform and held a brown grocery bag in her arms. When she saw Quinn, she d _ _ _ _ _ d the bag and screamed. Or else she screamed first and then d _ _ _ _ _ d the bag. [7 Letters D _ _ _ _ _ D]",Fill-in-the-Blank,dropped,DROPPED,Dropped
"I turned away and went back to my station, beginning the routine of cleaning. Not today. One day, doubtless, the Hunger would g _ _ _  the upper hand again, and feed and feed until it was the only thing inside and there was nothing left of me. [4 Letters G _ _ _ ]",Fill-in-the-Blank,gain,GAIN,Gain
"""I'm so sorry."" Neely slowly g _ _  to his feet, careful not to put too much weight on his left knee. He touched her on the arm and said, ""Thanks for giving me the chance to say so."" [3 Letters G _ _ _ ]",Fill-in-the-Blank,got,GOT,Got
"Stellan calls to say he's in to help make sure you're in a place to g _ _ _  her all she deserves and he wants to share that info with you, I'm not going to stand in his way. [4 Letters G _ _ _ ]",Fill-in-the-Blank,give,GIVE,Give
"Three other deputies gathered at Titus's back. They all looked sullen and ready to do anything their sheriff a _ _ _ d them to do. Aikensen stepped over to them, hand hovering near his freshly bolstered gun. Some people never learn. [5 Letters A _ _ _ _ _ D]",Fill-in-the-Blank,asked,ASKED,Asked
"He o _ _ _ _ _ d his hand as he spoke. She moved in to take it. The common gesture would bring her closer, close enough, she judged for her to determine if he was Robert Lowell. [7 Letters O _ _ _ _ _ D]",Fill-in-the-Blank,offered,OFFERED,Offered
"When his head s _ _ _  up, she stopped dead. She had the quick but vivid impression that if he'd had a weapon, it would have been aimed at her. [4 Letters S _ _ _ ]",Fill-in-the-Blank,shot,SHOT,Shot
"""Go ahead."" He sat up, patting her naked thigh before he r _ _ _ _ d out of bed and reached for his jeans. [6 Letters R _ _ _ _ _ D]",Fill-in-the-Blank,rolled,ROLLED,Rolled
"I c _ _ _ _ d my eyes, for they were what was being fooled. I reached for the side of his neck, and found that hard cloth again. [6 Letters C _ _ _ _ _ D]",Fill-in-the-Blank,closed,CLOSED,Closed
"The command circuits for senior officers were well known, but these were encrypted, meaning that computers in KKMC had to play with the signals in order to m _ _ _  sense of what sounded like static. [4 Letters M _ _ _ ]",Fill-in-the-Blank,make,MAKE,Make
"Kenzie Elise was s _ _ _ _ _ _ g at the door. She was wearing a drapey, ripped up, sleeveless t-shirt that looked like it cost more than my couch, skinny jeans and high-heeled platform, shiny taupe pumps. [8 Letters S _ _ _ _ _ G]",Fill-in-the-Blank,standing,STANDING,Standing
"""You haven't even noticed because you weren't looking. All you see when you look at me is a sickly little girl, someone who can k _ _ _  you company at the doctor's and give you an excuse for a nervous disposition."" [4 Letters K _ _ _ ]",Fill-in-the-Blank,keep,KEEP,Keep
"New York City was a strange place, but she doubted that there could be two people r _ _ _ _ _ g around shooting at things with a bow and arrow. [7 Letters R _ _ _ _ _ G]",Fill-in-the-Blank,running,RUNNING,Running
"""That's where you're wrong, but don't let me spoil your plans."" She spun on her heel and h _ _ _ _ d for the stairs. Before she'd gotten five feet, his fingers curled around her arm and held her still. [6 Letters H _ _ _ _ _ D]",Fill-in-the-Blank,headed,HEADED,Headed
"How could she look at him and not see it, too? How many times had she l _ _ _ _ d in his eyes and seen-something? Different, special, frightening. She knew he was flesh and blood, yet he was more. [6 Letters L _ _ _ _ _ D]",Fill-in-the-Blank,looked,LOOKED,Looked
"I s _ _ _  a copy to each member of the Parole Board and to its attorney, and, because I was so worked up, every member of the state legislature, the Attorney General, the Lieutenant Governor, and the Governor received a complimentary copy. [4 Letters S _ _ _ ]",Fill-in-the-Blank,sent,SENT,Sent
