QUESTION_TEXT,QUESTION_TYPE,OPTION_1,OPTION_2,OPTION_3
"He eyed the mobs in their way. ""No telling if somebody out there has a gun either."" He scrutinized a group of tough-looking men s _ _ _ _ _ _ g beside pickup trucks with building materials in the beds. [8 Letters S _ _ _ _ _ G]",Fill-in-the-Blank,standing,STANDING,Standing
"""Understood."" He ran his hands down her arms, then t _ _ _  her hand. The cat darted out of the room ahead of them. ""He's looking forward to this. He hasn't taken much time for himself in the last couple of years."" [4 Letters T _ _ _ ]",Fill-in-the-Blank,took,TOOK,Took
"""I guess. I don't know. I wasn't paying attention. Man, Callie, she was the one who called the ambulance for Rosie. And when Bill . . . when that happened, she f _ _ _  to pieces."" [4 Letters F _ _ _ ]",Fill-in-the-Blank,fell,FELL,Fell
"At that moment the short man turned away from the window, h _ _ _ _ _ g a pair of five-dollar tickets in his right hand. [7 Letters H _ _ _ _ _ G]",Fill-in-the-Blank,holding,HOLDING,Holding
"""I wouldn't have gone,"" she told him as he s _ _ _  his hand between her legs. She gasped in a deep breath. A single stroke of his thumb had her quivering with need. [4 Letters S _ _ _ ]",Fill-in-the-Blank,slid,SLID,Slid
"""This lot need to l _ _ _ e before you seal the exits,"" said Harry with [5 Letters L _ _ _ _ _ E]",Fill-in-the-Blank,leave,LEAVE,Leave
"They b _ _ _ _ d into each other at the range now and then, but they weren't drinking buddies or anything, though they could slap coins at one another. [6 Letters B _ _ _ _ _ D]",Fill-in-the-Blank,bumped,BUMPED,Bumped
"""We get our financing by stealing from the thieves,"" Ellie t _ _ _  bob. [4 Letters T _ _ _ ]",Fill-in-the-Blank,told,TOLD,Told
"""Guess we'll be working together,"" she said, and s _ _ _ k my hand. ""I've already heard good things about you. I know your résumé. I attended Hopkins for grad school too. How about that?"" [5 Letters S _ _ _ _ _ K]",Fill-in-the-Blank,shook,SHOOK,Shook
"Cloud p _ _ _ _ d up her pace, and they rounded a bend. Maura stood where the trail to the caves met the pass road. Above her was a flock of Storm-wings. [6 Letters P _ _ _ _ _ D]",Fill-in-the-Blank,picked,PICKED,Picked
"Word knew there was nothing to say after that. So he o _ _ _ _ d his mouth and sang. A common ordinary hymn, but he put new words to it, words about baby Shanice and Sister Missy and the healing power of God. [6 Letters O _ _ _ _ _ D]",Fill-in-the-Blank,opened,OPENED,Opened
Jake's arm g _ _ _  me a squeeze as a soft chuckle escaped his mouth but I heard it come from there and from his chest and I felt it. [4 Letters G _ _ _ ],Fill-in-the-Blank,gave,GAVE,Gave
"Dad didn't make her take him back to court. To m _ _ _  things easier on Mav, he just increased the money. [4 Letters M _ _ _ ]",Fill-in-the-Blank,make,MAKE,Make
"""I don't want you s _ _ _ _ _ _ g money on something as stupid as that when I can stay with my friends for free. They all owe me, so don't worry about it."" He never met any of the friends. [8 Letters S _ _ _ _ _ G]",Fill-in-the-Blank,spending,SPENDING,Spending
"The hospital room hadn't been quiet for two minutes when my mother a _ _ _ _ _ _ d in the doorway with a wicker picnic basket. George was snoring, his Panama hat pulled down over his trach tube. [8 Letters A _ _ _ _ _ D]",Fill-in-the-Blank,appeared,APPEARED,Appeared
"""The Selfulsion, which I, like my father Kateraspex, have almost perfected from Phandaal's theorem, having permitted me to enter the ancient jail and verify certain opinions I hold on the vile nature of humanity, was due to r _ _ _ _ n me to my domicile in the Old Town. [6 Letters R _ _ _ _ _ N]",Fill-in-the-Blank,return,RETURN,Return
"""Cottown. Knew both of them from way back. Come up here, the whole family act like they never s _ _  eyes on me before. [3 Letters S _ _ _ ]",Fill-in-the-Blank,set,SET,Set
"She settles in and turns the ignition. I take off to my truck, telling myself that g _ _ _ g home with . . . Ah hell, I don't even know her name. [5 Letters G _ _ _ _ _ G]",Fill-in-the-Blank,going,GOING,Going
"""Mama!"" she mocked, then r _ _ _ _ d her glass in the direction of Harlan Cotterie's farm, although it was too far for us to see the lights. [6 Letters R _ _ _ _ _ D]",Fill-in-the-Blank,raised,RAISED,Raised
"""Don't do that."" He g _ _ _ _ _ d her wrist, felt her pulse striking like an anvil against his fingers. ""Next time you do, I'll snap this like a twig, I promise you."" [7 Letters G _ _ _ _ _ D]",Fill-in-the-Blank,gripped,GRIPPED,Gripped
