QUESTION_TEXT,QUESTION_TYPE,OPTION_1,OPTION_2,OPTION_3
"Tuong turned to his wife, and a meaningful look p _ _ _ _ d between them. He said, ""It is very sad. Where do such men come from?"" [6 Letters P _ _ _ _ _ D]",Fill-in-the-Blank,passed,PASSED,Passed
"""I'll have to do that."" He lifted his glass, s _ _ _ _ d over the rim at Eve. And when someone said his name, and he glanced toward them, Eve saw something come into his eyes, just a flash of it. [6 Letters S _ _ _ _ _ D]",Fill-in-the-Blank,smiled,SMILED,Smiled
"""I'm crazy about you, Pandora. Look at me."" He t _ _ _  her chin and held it so that their faces were close. ""As an artist, you're supposed to be able to see below the surface. That should be easy since you've always told me I'm shallow."" [4 Letters T _ _ _ ]",Fill-in-the-Blank,took,TOOK,Took
"Evidently Chief Porter had l _ _ _  his appetite, because he stared at the unfinished cinnamon roll on his plate as if it were a rotting fish. ""Why can't the bad guys be satisfied with just robbing a bank or sticking up a liquor store?"" [4 Letters L _ _ _ ]",Fill-in-the-Blank,lost,LOST,Lost
He ignored that voice. The only times he had accomplished anything in life had c _ _ _  when he'd been feared. It was the only edge he'd had against Siuan and Leane. [4 Letters C _ _ _ ],Fill-in-the-Blank,come,COME,Come
The anger fed directly into his power so that a line of scalding heat flashed up my body and t _ _ _  a scream from my throat. [4 Letters T _ _ _ ],Fill-in-the-Blank,tore,TORE,Tore
"I'm going to build something, leave something behind. Whatever happens, I will do that! I'll defeat the Dark One. And cleanse saidin, so men don't have to fear going mad, and the world doesn't have to fear men c _ _ _ _ _ _ _ _ g. [10 Letters C _ _ _ _ _ G]",Fill-in-the-Blank,channeling,CHANNELING,Channeling
He s _ _ _ _ _ d his feet under her gaze until it became clear she would say no more on the matter. His shirt rubbed painfully at the burn on his chest. [7 Letters S _ _ _ _ _ D],Fill-in-the-Blank,shifted,SHIFTED,Shifted
"He leaned over the large table, placed his hand on it, palm up. The doctor took a hypodermic off the table and slid its needle into Kline's hand. His fingers t _ _ _ _ _ _ d. Or rather Gous' fingers, Kline realized; [8 Letters T _ _ _ _ _ D]",Fill-in-the-Blank,twitched,TWITCHED,Twitched
"She sat there for a minute, her head and lungs pounding and her stomach churning. Then she r _ _ _  on shaky legs and looked around. She slipped out her precious knife and held it in a defensive position. [4 Letters R _ _ _ ]",Fill-in-the-Blank,rose,ROSE,Rose
"He scooped the phone up. ""Can't you people l _ _ _ e me alone for even a little while?"" he shouted angrily. [5 Letters L _ _ _ _ _ E]",Fill-in-the-Blank,leave,LEAVE,Leave
"Fisher barely got the words out before Doucet stepped forward, g _ _ _ _ _ d the arm of the couch, and tossed it aside as though it were a plastic chaise lounge. [7 Letters G _ _ _ _ _ D]",Fill-in-the-Blank,grabbed,GRABBED,Grabbed
"She wasn't able to stop until the truck reached the crest of the embankment, crossed the rim, and started down the far side. Then all the humor went out of her at once. The others s _ _ _ _ _ d at about the same time. [7 Letters S _ _ _ _ _ D]",Fill-in-the-Blank,stopped,STOPPED,Stopped
"I had the Browning out and p _ _ _ _ _ d at the door, sighted two-handed when the first snake man came through the kitchen doorway with Caleb in front of him, a sawed-off shotgun pressed into the angle of his jaw. ""Anyone moves, and he dies."" [7 Letters P _ _ _ _ _ D]",Fill-in-the-Blank,pointed,POINTED,Pointed
Tor swung his sword and Minerva's head f _ _ _  to the side. [4 Letters F _ _ _ ],Fill-in-the-Blank,flew,FLEW,Flew
"""I'm not afraid of Joe Dolin."" She t _ _ _ _ d back her hair, proud of her own bravado. ""I'm thinking about buying a gun."" [6 Letters T _ _ _ _ _ D]",Fill-in-the-Blank,tossed,TOSSED,Tossed
"He was stronger than I remembered, and I closed my eyes, h _ _ _ _ _ g my breath as he brushed his lips over mine. Brief, warm. I relaxed, just a little; and the next time he kissed me, I kissed back. [7 Letters H _ _ _ _ _ G]",Fill-in-the-Blank,holding,HOLDING,Holding
"It was hard to argue with reason. He took her hand again, more out of habit than in flirtation. By the time they r _ _ _ _ _ d the back door, he'd decided to give flirtation another shot. She smelled damn good, for a scientist. [7 Letters R _ _ _ _ _ D]",Fill-in-the-Blank,reached,REACHED,Reached
"He looked across the street again, at the spot where Rosalie's attention s _ _ _ _ d focused, and once again saw nothing but the laundry and the empty sidewalk in front of it. [6 Letters S _ _ _ _ _ D]",Fill-in-the-Blank,seemed,SEEMED,Seemed
"Marcie had always been able to s _ _ _ _ _ _ e Jorja with actions, statements, big ideas, musings, and questions that seemed not to have come from within herself but which it seemed she had carefully selected from some secret book of startling behavior that was known to all kids but not to adults, some cosmic volume perhaps titled Keeping Mom and Dad Off-Balance. [8 Letters S _ _ _ _ _ E]",Fill-in-the-Blank,surprise,SURPRISE,Surprise
