QUESTION_TEXT,QUESTION_TYPE,OPTION_1,OPTION_2,OPTION_3
"THOUGH ONLY FIVE SEVEN, with his broken nose and violently frank way of l _ _ _ _ _ g at everybody, except maybe his mother, borough commander Will Matthews was about as pugnacious-looking an Irish cop as you could still find on the force. [7 Letters L _ _ _ _ _ G]",Fill-in-the-Blank,looking,LOOKING,Looking
"The waiter poured the wine, and Jacobi tasted it, pronounced it excellent, and, over the clamor of fat-walleted diners chatting happily all around us, r _ _ _ _ d his glass to me and Conklin. [6 Letters R _ _ _ _ _ D]",Fill-in-the-Blank,raised,RAISED,Raised
"MALATIUM: The metal discovered by Kelsier, often dubbed the Eleventh Metal. Nobody knows where he found it, or why he thought it could k _ _ _  the lord ruler, but it is an alloy of atium and gold. [4 Letters K _ _ _ ]",Fill-in-the-Blank,kill,KILL,Kill
"""A little snow?"" Peasebury's soft girlish mouth t _ _ _ _ _ d in fury. ""Your ill counsel forced this march upon us, Wull. I am starting to suspect you have been Bolton's creature all along. Is that the way of it? [7 Letters T _ _ _ _ _ D]",Fill-in-the-Blank,twisted,TWISTED,Twisted
I left John and r _ _ _ _ _ _ d to my room. I sat on my bed stroking Harry Two's fur to calm myself. My brother did not have the mark. What exactly did that mean? [8 Letters R _ _ _ _ _ D],Fill-in-the-Blank,returned,RETURNED,Returned
"""I'm getting tired of s _ _ _ _ _ _ g on the ground. Must be getting old,"" Bernard said. ""What do you have in mind?"" [8 Letters S _ _ _ _ _ G]",Fill-in-the-Blank,sleeping,SLEEPING,Sleeping
"Her throat a _ _ _ d. Her heart swelled. Unbearably moved, she lowered her lips to his until her throat a _ _ _ d from the sweetness. [5 Letters A _ _ _ _ _ D]",Fill-in-the-Blank,ached,ACHED,Ached
"He grabbed his beer and moved to his chair at the window. The standing lamp was already on so he s _ _  in the chair, put the beer on the table beside him and pulled out the often handled letters, carefully opening them. [3 Letters S _ _ _ ]",Fill-in-the-Blank,sat,SAT,Sat
"Upon arriving in Moscow and walking past customs control, the w _ _ _ _ _ g car took him into the city, where the first stop was not the Foreign Ministry, but KGB Headquarters at 2 Dzerzhinskiy Square. [7 Letters W _ _ _ _ _ G]",Fill-in-the-Blank,waiting,WAITING,Waiting
She wanted to clean Blondie's bowl? He'd let her. Blondie didn't g _ _ _  a fuck. He looked down at his son's dog seeing he was wrong. She did g _ _ _  a fuck. A clean bowl meant an unnecessary delay in breakfast. [4 Letters G _ _ _ ],Fill-in-the-Blank,give,GIVE,Give
"I kept looking at him partially still panicked, partially so relieved I could cry that this episode with a Balducci had a different ending than the last one. Then I saw Eddie's face was scary stony and his eyes were l _ _ _ _ d on something beyond us. [6 Letters L _ _ _ _ _ D]",Fill-in-the-Blank,locked,LOCKED,Locked
"On September 30, Rinehart and company k _ _ _ _ d into high gear. They began with their A-list: tort-reform groups, right-wing religious organizations, business lobbyists, business PACs, and hundreds of conservative organizations ranging from the well-known American Rifle Association to the obscure Zero Future Tax, a small gang dedicated to abolishing the Internal Revenue Service. [6 Letters K _ _ _ _ _ D]",Fill-in-the-Blank,kicked,KICKED,Kicked
"She has s _ _ _ t her life, all but the last few years, staring into Ender's heart, hearing his inmost thoughts and letting his aiúa give meaning to her own existence. [5 Letters S _ _ _ _ _ T]",Fill-in-the-Blank,spent,SPENT,Spent
"I shook my head. ""We're close,"" I said. ""We have to be. They t _ _ _  a shot at me last night too. And I think I know who did both."" [4 Letters T _ _ _ ]",Fill-in-the-Blank,took,TOOK,Took
"""I didn't mean to be so rough."" He m _ _ _ _ _ _ d an oath. ""I took you like a savage on the floor."" He started to pull away, but she stopped him. [8 Letters M _ _ _ _ _ D]",Fill-in-the-Blank,muttered,MUTTERED,Muttered
"However, I'll reserve judgment on whether you've thought well until after I hear what you've c _ _ _  into my home to tell me."" [4 Letters C _ _ _ ]",Fill-in-the-Blank,come,COME,Come
Nora went back inside the villa and slipped into one of the resort's fluffy white robes. It felt cozy against her skin. She c _ _ _ _ _ d into bed with Jordan and snuggled up against his broad chest. [7 Letters C _ _ _ _ _ D],Fill-in-the-Blank,climbed,CLIMBED,Climbed
"Five minutes later, Jake w _ _ _ _ d to the podium and said, ""Now, Mrs. Dafoe, your father died on October 2 of last year, correct?"" [6 Letters W _ _ _ _ _ D]",Fill-in-the-Blank,walked,WALKED,Walked
"Sometimes when the girls j _ _ _ _ _ g rope played double dutch, twirling two ropes in opposite directions, one of the boys would rush up unbidden and, elbowing aside the girl who was about to jump, leap in and mockingly start bellowing the girls' favorite jumping song while deliberately entangling himself in their flying ropes. [7 Letters J _ _ _ _ _ G]",Fill-in-the-Blank,jumping,JUMPING,Jumping
"We just fooled around, zapped each other a few times, did more Ups. And you know, we g _ _  hungry, and we decided, hell, we'd go hit Ochi's, get our munch, play with the zipzap. That's what we called it. Zipzap. [3 Letters G _ _ _ ]",Fill-in-the-Blank,got,GOT,Got
