QUESTION_TEXT,QUESTION_TYPE,OPTION_1,OPTION_2,OPTION_3
"""Quibbler still g _ _ _ g strong, then?"" asked Harry, who felt a cer- [5 Letters G _ _ _ _ _ G]",Fill-in-the-Blank,going,GOING,Going
"When I was done telling my tale of grocery store woe, he didn't l _ _ _  happy, he didn't look angry. [4 Letters L _ _ _ ]",Fill-in-the-Blank,look,LOOK,Look
"""Take Malise away,"" Shallan said. ""That will be d _ _ _ g enough."" [5 Letters D _ _ _ _ _ G]",Fill-in-the-Blank,doing,DOING,Doing
"That's why I took her out, had a few drinks, calmed her down. I told her not to worry, that there were other ways of g _ _ _ _ _ g a supply."" [7 Letters G _ _ _ _ _ G]",Fill-in-the-Blank,getting,GETTING,Getting
"Jagermeyer and Theramenius were shooting into the right side of the La Salle from under the theater marquee and Greg Cole stood in the gutter, holding that .45 automatic out in both hands, p _ _ _ _ _ g the trigger just as fast as he could work it. [7 Letters P _ _ _ _ _ G]",Fill-in-the-Blank,pulling,PULLING,Pulling
It wasn't like both of the men hadn't s _ _ _  me naked. But. . . damn it. [4 Letters S _ _ _ ],Fill-in-the-Blank,seen,SEEN,Seen
"Staring at the dark ceiling, wondering what in the name of God he had b _ _ _ _ e involved in out there on the road the summer before last, he waited for sleep to creep upon him. [6 Letters B _ _ _ _ _ E]",Fill-in-the-Blank,become,BECOME,Become
"He set his candle on the table, the fragile light illuminating a few scattered pages, a pile of strange metal nails taken from koloss bodies, and one manuscript. Sazed s _ _  down at the table, fingers brushing the pages, remembering the days spent with Tindwyl, studying. [3 Letters S _ _ _ ]",Fill-in-the-Blank,sat,SAT,Sat
"She spat the last of the cucumber into her cupped hand and f _ _ _  her stomach roll, wanting to send up what she had already eaten. [4 Letters F _ _ _ ]",Fill-in-the-Blank,felt,FELT,Felt
"""Really?"" She a _ _ _ _ d a brow. ""And what did my grandmother have to say about that?"" [6 Letters A _ _ _ _ _ D]",Fill-in-the-Blank,arched,ARCHED,Arched
"She c _ _ _ _ d her head to one side. If she hadn't been bloodspattered, it would have been cute. ""Could it be that you do not know?"" She turned back to Burchard. ""What think you, my friend? Is she ignorant?"" [6 Letters C _ _ _ _ _ D]",Fill-in-the-Blank,cocked,COCKED,Cocked
"Richard Nottingham c _ _ _ _ _ d his hands. ""Lizzie, I heard just a bit too much preaching this morning, and presently I'm about to starve to death."" Everything the man said had that odd quality of being humorously intended but not actually funny. [7 Letters C _ _ _ _ _ D]",Fill-in-the-Blank,clapped,CLAPPED,Clapped
"""Mac."" She leaned forward, and this time she t _ _ _  his hands. ""You're the first man I've ever said it to. You have to be careful throwing that word around. If you're careless with it, casual with it, it loses power. [4 Letters T _ _ _ ]",Fill-in-the-Blank,took,TOOK,Took
"Never going to p _ _ _  football on that foot again, WHAT foot, ha-ha, and he pulled Deke with all his might and it was still like pulling at a rooted tree. [4 Letters P _ _ _ ]",Fill-in-the-Blank,play,PLAY,Play
"His smile downgraded to a grin and his eyes m _ _ _ d over my face, something happening in them I didn't quite get. But whatever it was seemed to mean something. [5 Letters M _ _ _ _ _ D]",Fill-in-the-Blank,moved,MOVED,Moved
"""Emma, hush!"" Liz chided. ""She said to let her concentrate."" I c _ _ _ _ d my eyes, trying to calm my nerves. [6 Letters C _ _ _ _ _ D]",Fill-in-the-Blank,closed,CLOSED,Closed
The motive for the early attack was protection of the Marines' left flank. That m _ _ _ s sense. [5 Letters M _ _ _ _ _ S],Fill-in-the-Blank,makes,MAKES,Makes
"Tremors rattled his teeth together. His eyes r _ _ _ _ d wildly in their sockets. Plumes of pale blue vapor issued from his nose, not in rhythmic exhalations but in continuous streams. [6 Letters R _ _ _ _ _ D]",Fill-in-the-Blank,rolled,ROLLED,Rolled
"""Yeah. Special. You can know her only a week, and…well, you want her to be happy. You want good things to h _ _ _ _ n to her."" [6 Letters H _ _ _ _ _ N]",Fill-in-the-Blank,happen,HAPPEN,Happen
Jake quickly lifted his little brother up and dusted him off as the others g _ _ _ _ _ _ d around. [8 Letters G _ _ _ _ _ D],Fill-in-the-Blank,gathered,GATHERED,Gathered
