QUESTION_TEXT,QUESTION_TYPE,OPTION_1,OPTION_2,OPTION_3
"No one knew if a man would c _ _ _  back as reliably as the animals did-or if he would come back sane and whole."" [4 Letters C _ _ _ ]",Fill-in-the-Blank,come,COME,Come
"Noel read aloud from Fauntleroy until Niobe's eyelids dropped and her breathing slowed. ""He had a cruel tongue and a bitter nature, and he t _ _ _  pleasure in sneering at people and making them feel uncomfortable. . . ."" [4 Letters T _ _ _ ]",Fill-in-the-Blank,took,TOOK,Took
"""Abby, a minute ago you were staring at me with tears in your eyes and I could feel your heart b _ _ _ _ _ g through my fucking clothes,"" he clipped, the sharp edge of anger became blunt and heavy. [7 Letters B _ _ _ _ _ G]",Fill-in-the-Blank,beating,BEATING,Beating
"God knows what Helga's up to. ' There was an old man's rusty chuckle. 'If you've g _ _  a message, please leave it at the sound of the tone. You've got about thirty seconds.' [3 Letters G _ _ _ ]",Fill-in-the-Blank,got,GOT,Got
He zipped his duffel shut and hefted it over his shoulder. He m _ _ _  his way quietly downstairs. [4 Letters M _ _ _ ],Fill-in-the-Blank,made,MADE,Made
"Each time the crowd y _ _ _ _ d ""JIM,"" the cheerleaders responded with the first syllable of his last name, drawing it out like a teasing musical note. It was new, but it wasn't complicated, and the crowd caught on in a hurry. [6 Letters Y _ _ _ _ _ D]",Fill-in-the-Blank,yelled,YELLED,Yelled
"Galina frowned after the departing Aielwomen until they topped a rise and vanished down the other side. Every one of those women except Sevanna herself had been able to c _ _ _ _ _ l, several quite strongly. [7 Letters C _ _ _ _ _ L]",Fill-in-the-Blank,channel,CHANNEL,Channel
"Ares snapped his fingers. The back door of the truck unlatched. ""Free ride west, punk. Stop complaining. And here's a little something for d _ _ _ g the job."" [5 Letters D _ _ _ _ _ G]",Fill-in-the-Blank,doing,DOING,Doing
"When she reached the door where the stench was worse, she set the bags on the floor and s _ _ _  the key into the padlock. The hasp freed with a click. [4 Letters S _ _ _ ]",Fill-in-the-Blank,slid,SLID,Slid
It didn't take him long. The bell r _ _ _  again when she was taking her first sip. [4 Letters R _ _ _ ],Fill-in-the-Blank,rang,RANG,Rang
"The pale blue eyes w _ _ _ _ _ d so that for one awful moment, Adam thought he'd weep. ""Haines?"" he repeated. Abruptly he focused on Adam with a brilliant smile. ""I'm expecting you, aren't I?"" [7 Letters W _ _ _ _ _ D]",Fill-in-the-Blank,watered,WATERED,Watered
"""'How could I say?' I asked in turn-always a _ _ _ _ r a question with a question is a good rule to follow during interrogation, I think, as long as it's a relatively soft interrogation, as this one was. [6 Letters A _ _ _ _ _ R]",Fill-in-the-Blank,answer,ANSWER,Answer
"He straightened his tie as if for an invisible audience---he wore a tie and jacket under his jumpsuit, proper dress being important to him--- and then he p _ _ _ _ _ d the button that would start the flux generators. [7 Letters P _ _ _ _ _ D]",Fill-in-the-Blank,pressed,PRESSED,Pressed
"Jack looked over at Frank, who stared straight ahead , l _ _ _  in thought or maybe just waiting for Jack to start talking. [4 Letters L _ _ _ ]",Fill-in-the-Blank,lost,LOST,Lost
"He raised his head, hair h _ _ _ _ _ g in his eyes, and looked at the glowing girl, who now sat cross-legged in front of the rubber strips, an inch off the conveyor belt. [7 Letters H _ _ _ _ _ G]",Fill-in-the-Blank,hanging,HANGING,Hanging
"It was probably dyed, but that didn't matter. It was a fine bright color, and it was clean. Dreaming of what was to come, he laid his head back, c _ _ _ _ d his eyes, and let her earn her keep. [6 Letters C _ _ _ _ _ D]",Fill-in-the-Blank,closed,CLOSED,Closed
"It's one of the queers the big kids are always talking about, he thought, and then he looked down. His mouth d _ _ _ _ _ d open. Urine spilled hotly down his legs and stained his jeans black in the moonlight. It wasn't a queer. [7 Letters D _ _ _ _ _ D]",Fill-in-the-Blank,dropped,DROPPED,Dropped
quietly and w _ _ _ h the waves as if there were nothing more important than that [5 Letters W _ _ _ _ _ H],Fill-in-the-Blank,watch,WATCH,Watch
"Whether his dick had actually been yellow was hard to d _ _ _ _ _ _ _ e, as someone had sliced it off and stuffed it into his mouth so forcefully they had broken three of his teeth. [9 Letters D _ _ _ _ _ E]",Fill-in-the-Blank,determine,DETERMINE,Determine
"He staggered in circles, and I watched, my face stony. I closed my mind to him, to his feeling his death crawl up behind him. I s _ _ _ d ready to knife him a second time when he fell to the ground. [5 Letters S _ _ _ _ _ D]",Fill-in-the-Blank,stood,STOOD,Stood
