QUESTION_TEXT,QUESTION_TYPE,OPTION_1,OPTION_2,OPTION_3
"His head d _ _ _ _ _ d back, his fingers slid into her hair and his voice was hoarse when he ordered, ""Baby, up. Woman like you does not get on her knees."" [7 Letters D _ _ _ _ _ D]",Fill-in-the-Blank,dropped,DROPPED,Dropped
"Tavi drove the pommel of his sword into the man's armored temple, sending him c _ _ _ _ _ _ g to the ground. Max came rushing up to Tavi's side, but the legionares around him had fallen back in shock at the sudden, vicious assault. [8 Letters C _ _ _ _ _ G]",Fill-in-the-Blank,crashing,CRASHING,Crashing
"Laughing softly, Faile r _ _ _ _ _ d his hair. ""Well, perhaps not that. I doubt very much that Morgase would approve. A leader, at least. [7 Letters R _ _ _ _ _ D]",Fill-in-the-Blank,ruffled,RUFFLED,Ruffled
Then he t _ _ _ _ d to his computer and brought up the Senate's secure home page. The staff directory was accessible only to government officials. Hood looked up Orr's office staff. [6 Letters T _ _ _ _ _ D],Fill-in-the-Blank,turned,TURNED,Turned
"The golden-haired woman s _ _ _ _ _ d back as from a poisonous snake. ""Even to ask this is a slander. Worse than slander!"" Something feral moved in her eyes. An irrational thought, perhaps, but that was what Seaine saw. [7 Letters S _ _ _ _ _ D]",Fill-in-the-Blank,started,STARTED,Started
"The second volley from the M-1s killed eight tanks, then others b _ _ _ n to explode from antitank missiles launched out of the village. [5 Letters B _ _ _ _ _ N]",Fill-in-the-Blank,began,BEGAN,Began
"""No rings,"" he commented, lacing his fingers through hers and l _ _ _ _ _ g her hand for a closer study. ""No entanglements. How about dinner?"" [7 Letters L _ _ _ _ _ G]",Fill-in-the-Blank,lifting,LIFTING,Lifting
"The cat turned to meet her eyes with his and seemed to c _ _ _ _ _ _ r that for a moment. Then he nodded and said, ""I do."" [8 Letters C _ _ _ _ _ R]",Fill-in-the-Blank,consider,CONSIDER,Consider
"The were-beast snarled in defiance, a roar that made the hair s _ _ _ d on the back of Jerusha's neck, but the creature turned and leaped away back down the slope, vanishing into the undergrowth. [5 Letters S _ _ _ _ _ D]",Fill-in-the-Blank,stand,STAND,Stand
"Power rocked us backward onto the bed so that she f _ _ _  on top of me and my hands were locked on her breasts, as if I\'d put my hands on a live wire and now couldn\'t get free. [4 Letters F _ _ _ ]",Fill-in-the-Blank,fell,FELL,Fell
"""Yes, yes, yes,"" the old man said. ""Only he died, so what does it matter? You say you want to c _ _ _ s the river?"" [5 Letters C _ _ _ _ _ S]",Fill-in-the-Blank,cross,CROSS,Cross
"""What are all those red spots on your face?"" Cleo asked her, then roared as Tia m _ _ _  a dash for the Adam mirror in Jack's living area and did a thorough inspection for rashes or hives. [4 Letters M _ _ _ ]",Fill-in-the-Blank,made,MADE,Made
"""Sounds about right,"" I said as we arrived back out in the street. I was hoping the outside air would make me f _ _ _  better, but the crowds and heat only made me feel shittier. [4 Letters F _ _ _ ]",Fill-in-the-Blank,feel,FEEL,Feel
"My body s _ _ _ _ d still, I stayed silent and he kept going. ""They trained me and sent me on assignments, mostly out of the country. [6 Letters S _ _ _ _ _ D]",Fill-in-the-Blank,stayed,STAYED,Stayed
"Instantly awake, he t _ _ _ w back the covers and sat on the edge of Teresa Mendez's bed to read what proved to be an annoying coded text message from his support group. [5 Letters T _ _ _ _ _ W]",Fill-in-the-Blank,threw,THREW,Threw
"""Miss Conway."" Sheriff Barker t _ _ _ _ d his hat and chuckled at the snarling pup. ""Got yourself a fierce-looking guard dog there."" [6 Letters T _ _ _ _ _ D]",Fill-in-the-Blank,tipped,TIPPED,Tipped
"""No. I do know that the suspect was caught before he e _ _ _ _ _ d the building."" [7 Letters E _ _ _ _ _ D]",Fill-in-the-Blank,entered,ENTERED,Entered
"""No,"" I said. The power swelled inside of me, and I spit power into her pale face. blood f _ _ _  in a long, shallow cut down her cheek. [4 Letters F _ _ _ ]",Fill-in-the-Blank,flew,FLEW,Flew
"Joey r _ _ _ _ d to her feet. Time passed slowly, smoothly, like a magenta crayon dropped in a meat grinder. [6 Letters R _ _ _ _ _ D]",Fill-in-the-Blank,rolled,ROLLED,Rolled
"She was not heavy, t _ _ _ k the light, yet even so, a dull ache began in his leg as he followed Mistress Anan to the cellar door with his burden. [5 Letters T _ _ _ _ _ K]",Fill-in-the-Blank,thank,THANK,Thank
