QUESTION_TEXT,QUESTION_TYPE,OPTION_1,OPTION_2,OPTION_3
"If the two of them could not m _ _ _  their way safely out there, then no one could. [4 Letters M _ _ _ ]",Fill-in-the-Blank,make,MAKE,Make
about Cedric. He could feel a kind of r _ _ _ _ _ g in his ears. His hand [7 Letters R _ _ _ _ _ G],Fill-in-the-Blank,ringing,RINGING,Ringing
"The old man l _ _ _ _ d excited. ""Yeah. You know, the historians. They'd call it the Flanders Tape, wouldn't they, or something like that. The Flanders Video maybe. You know like before."" [6 Letters L _ _ _ _ _ D]",Fill-in-the-Blank,looked,LOOKED,Looked
"""It's a d _ _ _  deal,"" Kyle said. ""I'm sorry about it myself."" Then he hung up the car phone on me. End of discussion. [4 Letters D _ _ _ ]",Fill-in-the-Blank,done,DONE,Done
"""Of course."" He s _ _  her tea on the table beside her, walked over to offer the two glasses on the tray to Eve and Peabody. [3 Letters S _ _ _ ]",Fill-in-the-Blank,set,SET,Set
"The weapons officer flashed a k _ _ _ _ _ g grin. ""Reminds me of growing up on the sheep ranch. We had two smart border collies. One would outflank the flock, bark, and charge, then turn the flock back toward his buddy."" [7 Letters K _ _ _ _ _ G]",Fill-in-the-Blank,knowing,KNOWING,Knowing
"I had the nozzle of the thing t _ _ _ _ d up, directing the hot air up my shirt, when Stallings came in sans, for once, Rudolph. He looked as though he hadn't slept since I'd seen him last. [6 Letters T _ _ _ _ _ D]",Fill-in-the-Blank,turned,TURNED,Turned
"There was an air of despair in the room, of hope and purpose lost. The goal they had sought had vanished, and even Verin's face w _ _ _  a floundering expression. [4 Letters W _ _ _ ]",Fill-in-the-Blank,wore,WORE,Wore
"""I finished eighth. I g _ _  the last spot. I'm a professional golfer,"" I said. [3 Letters G _ _ _ ]",Fill-in-the-Blank,got,GOT,Got
"Leane finally finished with her dress and tugged it on over her head, doubling her arms behind her to do up the buttons. Min could not see why she had g _ _ _  to the trouble; she herself hated needlework of any sort. [4 Letters G _ _ _ ]",Fill-in-the-Blank,gone,GONE,Gone
"Decker did not really want to deal with these punks, but he also didn't want Mars to get really ticked and kill the guy. So he said, ""Why don't you go back to p _ _ _ _ _ g pool, okay?"" [7 Letters P _ _ _ _ _ G]",Fill-in-the-Blank,playing,PLAYING,Playing
"""Slaughtered would be more like it."" Bates c _ _ _ _ _ d his throat. ""I saw the photos."" [7 Letters C _ _ _ _ _ D]",Fill-in-the-Blank,cleared,CLEARED,Cleared
"Phoebe took one, bit in. ""And I talk about Carly getting spoiled. Carly, let's get some breakfast into you now. I'll drop you off at school on my way to w _ _ _ ."" [4 Letters W _ _ _ ]",Fill-in-the-Blank,work,WORK,Work
"Weeks went by, and eventually it b _ _ _ _ e impossible for me to close my eyes to the facts. [6 Letters B _ _ _ _ _ E]",Fill-in-the-Blank,became,BECAME,Became
"A cup of tea is at my elbow, and a plate of macaroons I picked up at the bakery sits on the bedside table. But Dad wants me to read to him. Once he f _ _ _ s asleep I'll eat. [5 Letters F _ _ _ _ _ S]",Fill-in-the-Blank,falls,FALLS,Falls
"""He is a moron, and a liar, but that isn't the point, and I'm not going to w _ _ _ e my time arguing about it. Do you or don't you want a divorce?"" [5 Letters W _ _ _ _ _ E]",Fill-in-the-Blank,waste,WASTE,Waste
"Then I heard Andie's voice. ""What's done is done, Nick. You can't make the world come out right just because you w _ _ _  it that way."" [4 Letters W _ _ _ ]",Fill-in-the-Blank,want,WANT,Want
"We are going to Los Angeles or Chicago, Charlie, and I think I know a way to arrange a press conference for us. I have an old friend n _ _ _ d Quincey I'm counting on to help us. [5 Letters N _ _ _ _ _ D]",Fill-in-the-Blank,named,NAMED,Named
"""Roxanne knows him,"" Max pointed out. Delighted with life in general, he t _ _ _  a deep breath of air. ""When Lily finishes changing, I believe we'll all have lunch in some quaint outdoor café."" [4 Letters T _ _ _ ]",Fill-in-the-Blank,took,TOOK,Took
"Ironically, the only thing k _ _ _ _ _ g him going was the idea that if he could accomplish this last thing in his life, he could die easy. It was all he thought about. He was obsessed with it. [7 Letters K _ _ _ _ _ G]",Fill-in-the-Blank,keeping,KEEPING,Keeping
