QUESTION_TEXT,QUESTION_TYPE,OPTION_1,OPTION_2,OPTION_3
"""A certain nun is flying here as quickly as she can,"" said the Prime Minister, ""but we hoped that you might trust me enough to c _ _ _  out without waiting for her arrival. She was on the opposite side of the world, you see."" [4 Letters C _ _ _ ]",Fill-in-the-Blank,come,COME,Come
"He never finished the sentence. There were several bright flashes and terrific explosions, and all three men went down. But Ventura rolled up, hardly even slowing, ran to the two f _ _ _ _ n men, and fired his pistol twice more. [6 Letters F _ _ _ _ _ N]",Fill-in-the-Blank,fallen,FALLEN,Fallen
"She focused the binoculars once more on the casement window at the front of the house and found the boy gazing out, as motionless as if he had never r _ _ _ _ d a hand to the glass. [6 Letters R _ _ _ _ _ D]",Fill-in-the-Blank,raised,RAISED,Raised
"""It means we deal with it. We'll go back. I've no desire to f _ _ _  myself drenched to the skin a second time in one day."" [4 Letters F _ _ _ ]",Fill-in-the-Blank,find,FIND,Find
"The power of her repressed emotions was growing so visible that she wouldn't be able to m _ _ _ _ _ _ n her composure much longer, yet for the moment she continued to speak in an uninflected drone: ""Phone's dead. Okay. [8 Letters M _ _ _ _ _ N]",Fill-in-the-Blank,maintain,MAINTAIN,Maintain
"The dog b _ _ _ n to stir and whine in her lap. Caroline lifted him up against her breast like a baby. ""It's all right now. It's all right."" [5 Letters B _ _ _ _ _ N]",Fill-in-the-Blank,began,BEGAN,Began
"""Why? You don't seem to care if you get caught!"" It was an accusation, but he lowered his voice to say it. His face t _ _ _ _ d red with the effort. [6 Letters T _ _ _ _ _ D]",Fill-in-the-Blank,turned,TURNED,Turned
"""That's putting it lightly,"" Zdrok said. ""If Herzog fails to do that, then the Shop is forever dead. I might as well go to Siberia, find a nice iceberg to sit on, and f _ _ _ _ e to death."" [6 Letters F _ _ _ _ _ E]",Fill-in-the-Blank,freeze,FREEZE,Freeze
"""Hey, babe,"" she greeted half jumping, half skipping down the steps like a teenager. Her long hair swinging around her shoulders, her limbs loose, her eyes never l _ _ _ _ _ g him, the smile never leaving her face. [7 Letters L _ _ _ _ _ G]",Fill-in-the-Blank,leaving,LEAVING,Leaving
"Brienne had reached across the table to give her comfort, but she stopped before her fingers b _ _ _ _ _ d the older woman's, for fear that she would flinch away. [7 Letters B _ _ _ _ _ D]",Fill-in-the-Blank,brushed,BRUSHED,Brushed
"She wasn't in the garden, so he m _ _ _ d up the stairs leading to the rooftop patio. He allowed himself to smile. Rabiah was crouched next to Mia, and her gaze followed Mia's outstretched finger through the balustrades of the marble railing to the city beyond. [5 Letters M _ _ _ _ _ D]",Fill-in-the-Blank,moved,MOVED,Moved
"With that, the adventurous part of the meeting e _ _ _ d, Cathy thought. Two obviously very tough men were trying to charm her. They had even succeeded. But that didn't change her problem. She was about to say something, but Clark started off first. [5 Letters E _ _ _ _ _ D]",Fill-in-the-Blank,ended,ENDED,Ended
"He got off in the seventies, walked to the nearest delicatessen, and ate two corned beef sandwiches with potato pancakes. Was he stalling? he asked himself then. He knew that he could s _ _  here all day and eat. [3 Letters S _ _ _ ]",Fill-in-the-Blank,sit,SIT,Sit
"Del admitted that there'd been some smack going through RideWorks, but he pinned the whole idea on Hector. He d _ _ _ _ d any knowledge of his brother's murder. Or Mara's."" [6 Letters D _ _ _ _ _ D]",Fill-in-the-Blank,denied,DENIED,Denied
"""Good one, Jinxie,"" I said and g _ _ _  her a hug. She could tell a human joke with the best of them. [4 Letters G _ _ _ ]",Fill-in-the-Blank,gave,GAVE,Gave
"He was surprised that Weiramon's use of the title had not brought Lews Therin's mad yammering. Come to think of it, Rand had not h _ _ _ d that voice since shouting at it. [5 Letters H _ _ _ _ _ D]",Fill-in-the-Blank,heard,HEARD,Heard
"Though he knew better, it seemed there hadn't been a day in the past two weeks that he hadn't been w _ _ _ _ _ g for nightfall to either leave his hotel or hostel and go on the run or don his tac-suit and go about his business. [7 Letters W _ _ _ _ _ G]",Fill-in-the-Blank,waiting,WAITING,Waiting
"No-he refused to even entertain it. I took him over to Jim, Ollie, and Myron. All three of them verified the story, although Jim and Myron the flower were well on their way to g _ _ _ _ _ g drunk. [7 Letters G _ _ _ _ _ G]",Fill-in-the-Blank,getting,GETTING,Getting
"It's what happens while we're making other plans, according to some sage or other, and if life was exceptionally good to Ralph Roberts during those years, it might have been because he had no other plans to m _ _ _ . [4 Letters M _ _ _ ]",Fill-in-the-Blank,make,MAKE,Make
"The silencer needed to be replaced soon. The baffles were worn from use. The muffled shot had been loud enough to c _ _ _ y out of the room, though fortunately not beyond the walls of the house. [5 Letters C _ _ _ _ _ Y]",Fill-in-the-Blank,carry,CARRY,Carry
