QUESTION_TEXT,QUESTION_TYPE,OPTION_1,OPTION_2,OPTION_3
"So much for Frank being impressive. He'd failed to save his grandmother. He'd failed to use his powers. He hadn't even saved their harpy friend. When Vancouver disappeared in the clouds below, Frank b _ _ _ _ d his head in his hands and started to cry. [6 Letters B _ _ _ _ _ D]",Fill-in-the-Blank,buried,BURIED,Buried
"""Detective Cross, thank you for coming."" He s _ _ _ k my hand across his desk and motioned for me to sit in one of the tall wing chairs. ""I'm so sorry about your niece. It must have been a horrible shock. I can't even imagine."" [5 Letters S _ _ _ _ _ K]",Fill-in-the-Blank,shook,SHOOK,Shook
"We'd been dancing around the fact that I was at one place, he was in another and we both knew what one w _ _ _ _ d and the other didn't. [6 Letters W _ _ _ _ _ D]",Fill-in-the-Blank,wanted,WANTED,Wanted
"At the end, he said, ""The pigs became sick, the men b _ _ _ _ e sick. And you want to link them with this-what did you call it?"" [6 Letters B _ _ _ _ _ E]",Fill-in-the-Blank,became,BECAME,Became
"On the way, I nearly ran into his sister Lisa, who dodged adroitly and headed back toward the counter with a tray t _ _ _ _ d under her arm. [6 Letters T _ _ _ _ _ D]",Fill-in-the-Blank,tucked,TUCKED,Tucked
When I calmed enough to register the look on his face I realized my mistake. I should have kept cool and p _ _ _  attention to him. Close attention. [4 Letters P _ _ _ ],Fill-in-the-Blank,paid,PAID,Paid
I dreamed of keeping those garages strong for my sons to take over when it was their time. I dreamed of living my life k _ _ _ _ _ g things would come and go. [7 Letters K _ _ _ _ _ G],Fill-in-the-Blank,knowing,KNOWING,Knowing
"Cy had to stare out of the window. He couldn't face the concern, the simple kindness. ""We're getting along."" He c _ _ _ _ t a glimpse of Toby's truck at the end of Caroline's lane and wanted to weep. [6 Letters C _ _ _ _ _ T]",Fill-in-the-Blank,caught,CAUGHT,Caught
She'd also a _ _ _ d mike if they could meet at Frank's for lunch rather than her making sandwiches and bringing them over for him to eat in his car on the way back to work after he spent his lunch hour with her in his bed. [5 Letters A _ _ _ _ _ D],Fill-in-the-Blank,asked,ASKED,Asked
"The look in his eye had warned any and all of his men to k _ _ _  their distance-if they wanted to keep their teeth. , [4 Letters K _ _ _ ]",Fill-in-the-Blank,keep,KEEP,Keep
"""Some other time."" He smiled, though his blood had leaped when her fingers closed around him. ""I'll t _ _ _  a rain check. Let's just see if we can finish this the old-fashioned way."" [4 Letters T _ _ _ ]",Fill-in-the-Blank,take,TAKE,Take
"There was another arrow below this. I looked up at Wireman, bewildered. He was still with the poker face, but I could see a pulse b _ _ _ _ _ g on the right side of his forehead. [7 Letters B _ _ _ _ _ G]",Fill-in-the-Blank,beating,BEATING,Beating
"""We'll see about that."" She started to march to the desk, and Eve blocked her. ""You won't be able to u _ _  this 'link, or any of the house 'links until the search is complete. [3 Letters U _ _ _ ]",Fill-in-the-Blank,use,USE,Use
Patchwork and Modular Man had f _ _ _ d refuge in a room off one of the tunnels under the Rox. [5 Letters F _ _ _ _ _ D],Fill-in-the-Blank,found,FOUND,Found
"The smugglers took for ever to get them across: they had not anticipated being used as unpaid ferrymen for crowds of escapees and their escorts, they t _ _ _  kel. She realized they did not just mean her and her group. [4 Letters T _ _ _ ]",Fill-in-the-Blank,told,TOLD,Told
My body went solid underneath him but my fingers d _ _  into his waist. [3 Letters D _ _ _ ],Fill-in-the-Blank,dug,DUG,Dug
"""And I had such hopes."" He p _ _ _ _ d a hand over the controls again, and the data popped back on the screens. ""There are seven surgeons in the city who meet the requirements of your case."" [6 Letters P _ _ _ _ _ D]",Fill-in-the-Blank,passed,PASSED,Passed
"""I got a sentence."" Andie r _ _ _ _ d her eyes. ""Eight weeks."" [6 Letters R _ _ _ _ _ D]",Fill-in-the-Blank,rolled,ROLLED,Rolled
He rode back up in the elevator and walked down the hall and p _ _  the key in the door and walked in and went to the closet and opened it. [3 Letters P _ _ _ ],Fill-in-the-Blank,put,PUT,Put
"Emotion wavered over Summerset's face. Suddenly, even his bones f _ _ _  weary. He lowered himself into her chair. ""I'll give you my full cooperation, Lieutenant. Shall I wait here while you arrange my transportation?"" [4 Letters F _ _ _ ]",Fill-in-the-Blank,felt,FELT,Felt
