QUESTION_TEXT,QUESTION_TYPE,OPTION_1,OPTION_2,OPTION_3
"Fear, Tachyon thought. These people are terrified. Why? He r _ _ _ _ d his wrists. [6 Letters R _ _ _ _ _ D]",Fill-in-the-Blank,rubbed,RUBBED,Rubbed
"""But what about meeting the Visitors?"" asked Param. ""I thought we were supposed to f _ _ _ _ e out a way to convince them not to wipe out Garden."" [6 Letters F _ _ _ _ _ E]",Fill-in-the-Blank,figure,FIGURE,Figure
"""Egwene said they have two prisoners,"" Min said slowly. ""Ryma, a Yellow, and she didn't know who the other is."" Nynaeve gave her a sharp look, and she f _ _ _  silent, blushing. [4 Letters F _ _ _ ]",Fill-in-the-Blank,fell,FELL,Fell
"The violet light lit his face from below, outlining his chin and cheeks, but leaving his eyes dark. They s _ _ _ _ d hollow, like the sockets of the creature Lift had met outside. [6 Letters S _ _ _ _ _ D]",Fill-in-the-Blank,seemed,SEEMED,Seemed
"She put her arms around my neck and h _ _ _  tight, like a drowning woman to a floating log. I could feel her body thrumming. I stepped on the goddamned poundcake. Then she did. Squoosh. [4 Letters H _ _ _ ]",Fill-in-the-Blank,held,HELD,Held
"The court first heard the testimony of the men from the ship. The people closed their eyes and s _ _  men in a huge starship, pushing buttons and speaking rapidly into computers. Finally expressions of relief, and four men entering a skyship to go down. [3 Letters S _ _ _ ]",Fill-in-the-Blank,saw,SAW,Saw
"And if somethin' went wrong, was never your fault, was it? You only lost 'cause the room was too noisy, or the lighting was bad, whatever."" Delmario stood up. ""You m _ _ _  me sick. [4 Letters M _ _ _ ]",Fill-in-the-Blank,make,MAKE,Make
"Behind the Mister Softee truck, another car swerved across three lanes of Boylston Street and into the courtyard of the Four Seasons, mowing down a couple of pedestrians and then plowing into the back of the previous car, which had finished with its nose crumpled into the r _ _ _ _ _ _ _ g doors. [9 Letters R _ _ _ _ _ G]",Fill-in-the-Blank,revolving,REVOLVING,Revolving
"Ralph Brentner, who looked awed by the size of the crowd and was nearly tongue-tied-but determined to speak his piece-rose and spoke in that vein for nearly five minutes, adding at the end that he had not known a finer woman since his mother had d _ _ _ . [4 Letters D _ _ _ ]",Fill-in-the-Blank,died,DIED,Died
"She looked around for something to press against his temple but couldn't find anything. It didn't look that bad now that she g _ _  a closer look, but head wounds always bled copiously. [3 Letters G _ _ _ ]",Fill-in-the-Blank,got,GOT,Got
"Deaver laughed. He remembered that jokes like that were funny. Some others j _ _ _ _ d in. Mostly children who didn't get the joke, but that was good. It was good for the children to laugh. [6 Letters J _ _ _ _ _ D]",Fill-in-the-Blank,joined,JOINED,Joined
"Lettie had just lied, and Lanier was about to expose her. Jake, though, had no idea what was coming; thus, he had no way to p _ _ _ _ _ t it. His instincts were to get her off the witness stand. [7 Letters P _ _ _ _ _ T]",Fill-in-the-Blank,prevent,PREVENT,Prevent
"he said, peering at Rand sideways, head t _ _ _ _ d to one side. ""You should have a grand epic to tell your tale. The Dragon Reborn. He Who Comes With the Dawn. [6 Letters T _ _ _ _ _ D]",Fill-in-the-Blank,tilted,TILTED,Tilted
"The bar itself, a dull and elegant silver, swept itself into an S curve along the f _ _ _ _ g wall. Mirrored shelves filled with shiny bottles backed it. On the top shelf exotic red flowers spilled out of black-and-white checked pots. [6 Letters F _ _ _ _ _ G]",Fill-in-the-Blank,facing,FACING,Facing
Is that what people thought? she wondered. That she was trying to wrangle Aidan into marriage? Why it had never c _ _ _ _ _ d her mind. Not seriously. Hardly at all. [7 Letters C _ _ _ _ _ D],Fill-in-the-Blank,crossed,CROSSED,Crossed
"When he r _ _ _ _ _ _ d her mouth and looked back at her face, he knew that wasn't enough. [8 Letters R _ _ _ _ _ D]",Fill-in-the-Blank,released,RELEASED,Released
"She studied the approaching warship. Her expression h _ _ _ _ _ _ d. If she vetoed Percy's orders…well, he didn't know what would happen. Chaos and confusion, at the very least. [8 Letters H _ _ _ _ _ D]",Fill-in-the-Blank,hardened,HARDENED,Hardened
"Why would somebody stick a different heart in me? My old one may have s _ _ _ _ _ d a beat now and then (Ah, Marilyn!) but it ticked OK and it was mine and I was kind of attached to it (Ha ho). [7 Letters S _ _ _ _ _ D]",Fill-in-the-Blank,skipped,SKIPPED,Skipped
"The bad part was him l _ _ _ _ _ g over my shoulder at what I was doing at his kitchen counter and promptly asking, ""Tuna casserole? Seriously?"" [7 Letters L _ _ _ _ _ G]",Fill-in-the-Blank,looking,LOOKING,Looking
"Uriel smiled faintly at Michael. ""I'm confident that you won't."" His smile t _ _ _ _ d a little green. ""I would, however, appreciate it if you . . . did not push any buttons or pull any of the levers in my giant passenger jet."" [6 Letters T _ _ _ _ _ D]",Fill-in-the-Blank,turned,TURNED,Turned
