QUESTION_TEXT,QUESTION_TYPE,OPTION_1,OPTION_2,OPTION_3
"and the Soviet Union were allies. He was responsible for promoting a mediocre film called Three Russian Girls, and for the opening night in Kansas City he had c _ _ _  up with a plan to draw a large crowd to the theater: anyone willing to donate a pint of blood to our Russian friends would be let in for free. [4 Letters C _ _ _ ]",Fill-in-the-Blank,come,COME,Come
"""Musette really is asking after you,"" Asher said, and he imitated her voice, ""Where is your new beloved? Has she abandoned you so soon?"" His pale blue eyes f _ _ _ _ _ d white, showing that edge of panic that was just below the surface. [7 Letters F _ _ _ _ _ D]",Fill-in-the-Blank,flashed,FLASHED,Flashed
"Asimov can m _ _ _  this work because of the piercing clarity of his writing and the sublime intelligence of his ideas-it is never boring listening to his characters discuss ideas, because you are never lost and the ideas are always worth hearing. [4 Letters M _ _ _ ]",Fill-in-the-Blank,make,MAKE,Make
"""Because they loved us,"" Harry chimed in from the front row of the chapel. Tears were s _ _ _ _ _ _ _ g down his face. ""I know they did. They had to."" [9 Letters S _ _ _ _ _ G]",Fill-in-the-Blank,streaming,STREAMING,Streaming
"He t _ _ _ _ _ d her cheek before he rose. It wasn't possible to stay close to her when he was losing. ""I'm sorry, Grace, it wouldn't be possible for you to go back to New York tonight. [7 Letters T _ _ _ _ _ D]",Fill-in-the-Blank,touched,TOUCHED,Touched
"Or maybe he hasn't worked out his rage yet…I just g _ _  a call from Senator Donaldson."" Donaldson was the chairman of the Select Committee on Intelligence. [3 Letters G _ _ _ ]",Fill-in-the-Blank,got,GOT,Got
the centaur a _ _ _ d jay as they dropped him with a thump on the polished teak decking. [5 Letters A _ _ _ _ _ D],Fill-in-the-Blank,asked,ASKED,Asked
"Susannah almost refused, but what was the point? She came forward, took control of the brown hands holding the money, selected a ten, and gave it to the driver. ""k _ _ _  the change,"" she said. [4 Letters K _ _ _ ]",Fill-in-the-Blank,keep,KEEP,Keep
"This is what we forgive on our deathbeds, not loveless-ness or greed. We forgive them for their ability to p _ _  themselves at a distance, to scheme in silence against us, do us, effectively, in. [3 Letters P _ _ _ ]",Fill-in-the-Blank,put,PUT,Put
"Hard, possessive, his mouth covered hers. The little purr that s _ _ _ _ _ d in her throat enticed him to draw the kiss out, soften it, until all points of pleasure narrowed and centered just there. [7 Letters S _ _ _ _ _ D]",Fill-in-the-Blank,sounded,SOUNDED,Sounded
"""Ah. Ah. Ah. Your rooms are this way. Ah, friend Ogier, when Master Andra told me you were coming, I had an old Ogier bed brought from the attic where it has been g _ _ _ _ _ _ _ g dust these three hundred years or more. [9 Letters G _ _ _ _ _ G]",Fill-in-the-Blank,gathering,GATHERING,Gathering
"""That's right,"" he said. And then his voice moved into the too-friendly tone of a man r _ _ _ _ _ g for reelection: ""It really is necessary for me to be out of the station in the next thirty minutes. Do you think that can be arranged?"" [7 Letters R _ _ _ _ _ G]",Fill-in-the-Blank,running,RUNNING,Running
"In a monotone that g _ _ _  new meaning to deadpan, the detective added: ""I'm the only one who was there who doesn't have a dry-cleaning bill."" [4 Letters G _ _ _ ]",Fill-in-the-Blank,gave,GAVE,Gave
"""We've been over this territory,"" Viola told her. ""Odd he was of that same opinion this afternoon."" She looked at me. ""You must have c _ _ _ _ _ d your mind, or you wouldn't be here."" [7 Letters C _ _ _ _ _ D]",Fill-in-the-Blank,changed,CHANGED,Changed
"""I did. I always do."" Her eyes f _ _ _ _ _ _ _ d, widened as she shot a hand out to grip Peabody's arm. ""Was something wrong with the sandwich? He liked that awful processed poultry substitute. Did it make him sick? Oh, my God."" [9 Letters F _ _ _ _ _ D]",Fill-in-the-Blank,fluttered,FLUTTERED,Fluttered
"Max l _ _ _ _ _ d to his feet to grasp the back of the chair. ""Yes, all of that."" [7 Letters L _ _ _ _ _ D]",Fill-in-the-Blank,lurched,LURCHED,Lurched
"Without them, the galaxy would be better off. We Muties might even be able to have citizenship and pensions. We might even be able to w _ _ _  the streets without being shot on sight."" [4 Letters W _ _ _ ]",Fill-in-the-Blank,walk,WALK,Walk
"""Remorse has gnawed at me so long that my heart's eaten away. I f _ _ _  empty."" [4 Letters F _ _ _ ]",Fill-in-the-Blank,feel,FEEL,Feel
"She strides forward, elbowing someone out of her way (it happens to be Bruce Yardley, the cashier-cum-bagboy, who is s _ _ _ _ _ g his fist like everyone else), and approaches Mel and Frank. [7 Letters S _ _ _ _ _ G]",Fill-in-the-Blank,shaking,SHAKING,Shaking
"She passed by it, hoping for something more contemporary. ""I didn't pick up as much of the language as I should have in Venice. Plenty of slang, little of the socially correct."" She glanced over her shoulder and g _ _ _ _ _ d. [7 Letters G _ _ _ _ _ D]",Fill-in-the-Blank,grinned,GRINNED,Grinned
