QUESTION_TEXT,QUESTION_TYPE,OPTION_1,OPTION_2,OPTION_3
The train p _ _ _ _ d up speed and as it went into the tunnel the lights dimmed and it became dark. [6 Letters P _ _ _ _ _ D],Fill-in-the-Blank,picked,PICKED,Picked
"You must have done better then, to afford this, thought Daja. The plate was worth at least two silver astrels, a lot of money for a wirok. ""I couldn't t _ _ _  one of your things."" [4 Letters T _ _ _ ]",Fill-in-the-Blank,take,TAKE,Take
"""I heard that a flyer arrived from Thrane, with a message from their Landsman to ours, but when he met her in the audience chamber to hear it, he turned pale with fear, for the flyer was d _ _ _ _ _ d in black from head to foot. [7 Letters D _ _ _ _ _ D]",Fill-in-the-Blank,dressed,DRESSED,Dressed
"Something more here, he mused. Something deeper. He f _ _ _ _ d his hands on the table. ""Isn't that what you're doing now?"" [6 Letters F _ _ _ _ _ D]",Fill-in-the-Blank,folded,FOLDED,Folded
How's this for not passively letting things h _ _ _ _ n around you? [6 Letters H _ _ _ _ _ N],Fill-in-the-Blank,happen,HAPPEN,Happen
"Before getting the cake, I glanced through the window in the back door and s _ _  that about six inches of fresh powder covered the porch steps. [3 Letters S _ _ _ ]",Fill-in-the-Blank,saw,SAW,Saw
Her eyes l _ _ _ _ d to his and they were carefully blank. [6 Letters L _ _ _ _ _ D],Fill-in-the-Blank,lifted,LIFTED,Lifted
"The insinuation went over Elena's head as she smiled a little. ""She loved him. He's such a nice man. A big kid, she said sometimes. When I b _ _ _ g the children over, he always makes us laugh. [5 Letters B _ _ _ _ _ G]",Fill-in-the-Blank,bring,BRING,Bring
"After a couple of hours watching, I had expected to be antsy with pent-up energy. Instead, I found myself draggy and melancholy, inclined to t _ _ _ k fruitless thoughts about situations beyond my control or affect. [5 Letters T _ _ _ _ _ K]",Fill-in-the-Blank,think,THINK,Think
"""We went up the first landing."" He could h _ _ _  the screams and sobs echoing off the scarred and crumbling walls. The smell of dust, the fetid, sweaty stench of terror. ""It was at the top of the second floor. [4 Letters H _ _ _ ]",Fill-in-the-Blank,hear,HEAR,Hear
"""You've got your work, I've g _ _  mine. How's yours coming?"" [3 Letters G _ _ _ ]",Fill-in-the-Blank,got,GOT,Got
"I ignored her for the moment, rushing back down the steps. The Librarians locked inside the archives room were p _ _ _ _ _ _ g on the door, trying to break it down. [8 Letters P _ _ _ _ _ G]",Fill-in-the-Blank,pounding,POUNDING,Pounding
"The kid r _ _ _ _ d his eyes. ""Let me see. Maybe because you're a bunch of kids sleepin' in a subway tunnel. Kind of clues me in, you know?"" [6 Letters R _ _ _ _ _ D]",Fill-in-the-Blank,rolled,ROLLED,Rolled
"These pieces of knowledge were not evidence to which anyone else would g _ _ _  credence, but at least Clifton Emanuel had listened. [4 Letters G _ _ _ ]",Fill-in-the-Blank,give,GIVE,Give
Then I sucked in a deep breath while hiding sucking in a deep breath and l _ _  it out while turning back. [3 Letters L _ _ _ ],Fill-in-the-Blank,let,LET,Let
"And as soon as Acheron was gone, Celena pulled him down for a fierce kiss. Rafael's head swam at the taste of her. It was a taste he would now s _ _ _ d the rest of his life savoring. [5 Letters S _ _ _ _ _ D]",Fill-in-the-Blank,spend,SPEND,Spend
"Trisha doubled over, g _ _ _ _ _ d hold of a jutting stump, and coughed until tears popped out of her eyes and her vision doubled. [7 Letters G _ _ _ _ _ D]",Fill-in-the-Blank,grabbed,GRABBED,Grabbed
"Jocko checked public records for Montana corporations. No need to hack them. Progress for Perfect Peace, Inc., had an address. It m _ _ _ _ _ d the one from the DMV. [7 Letters M _ _ _ _ _ D]",Fill-in-the-Blank,matched,MATCHED,Matched
"""I wouldn't ask you. But I think you're l _ _ _ _ _ g in the wrong direction, that's all."" He sat again. ""I have to think that."" [7 Letters L _ _ _ _ _ G]",Fill-in-the-Blank,looking,LOOKING,Looking
"Now I think the only time you'd be apt to hear cracker in his voice would be when he gets mad, and I think people who m _ _ _  him mad are often not available for testimony later on. [4 Letters M _ _ _ ]",Fill-in-the-Blank,make,MAKE,Make
