QUESTION_TEXT,QUESTION_TYPE,OPTION_1,OPTION_2,OPTION_3
"The operation was crude. Someone looking like Oswald walks into an auto showroom, s _ _ _  his name is Lee Oswald, says he will soon be coming into money, test-drives a Comet at high speeds and makes a remark about going back to Russia. [4 Letters S _ _ _ ]",Fill-in-the-Blank,says,SAYS,Says
"Some stuff she knew because her mother had t _ _ _  her: the birches, the beeches, the alders, the spruces and pines; the hollow hammering of a woodpecker and the harsh cawing cry of the crows; [4 Letters T _ _ _ ]",Fill-in-the-Blank,told,TOLD,Told
"Susan stood up on tiptoe to gnaw at my ear, wrapped her shapely thigh around one of mine, and started whimpering and pulling me toward the floor. My balance w _ _ _ _ _ d. [7 Letters W _ _ _ _ _ D]",Fill-in-the-Blank,wavered,WAVERED,Wavered
"His eyes had a _ _ _ _ _ _ d to the night, and the partial moon cast just enough light for him to see eighty or a hundred feet into the junkyard. [8 Letters A _ _ _ _ _ D]",Fill-in-the-Blank,adjusted,ADJUSTED,Adjusted
"She stayed on the floor, getting her breath back, leaning on him as she stared through the open doors. ""When I first came here, when I was pregnant, she'd c _ _ _  to my room sometimes. [4 Letters C _ _ _ ]",Fill-in-the-Blank,come,COME,Come
"At precisely one, Judge DeOrio appeared from behind the bench and took his seat. ""Good afternoon,"" he said gruffly as he settled into place. He was w _ _ _ _ _ g a robe, and that struck me as odd. [7 Letters W _ _ _ _ _ G]",Fill-in-the-Blank,wearing,WEARING,Wearing
"Murmuring her name, he s _ _ _ _ _ d his lips to her throat There her pulse beat like thunder, heating her skin so that her scent tangled with each breath he took. Tasting her was like dining on sin. Touching her was paradise. [7 Letters S _ _ _ _ _ D]",Fill-in-the-Blank,skimmed,SKIMMED,Skimmed
I can feel my body morphing and shifting and it h _ _ _ s like hell where the bullet hit me. [5 Letters H _ _ _ _ _ S],Fill-in-the-Blank,hurts,HURTS,Hurts
"Rachel s _ _ _ k her head. ""That's not mine to promise,"" she said. ""You don't belong to me."" [5 Letters S _ _ _ _ _ K]",Fill-in-the-Blank,shook,SHOOK,Shook
"For Calvin Tower (who had begun life as Calvin Toren), there was no immediate sense of relief, no T _ _ _ k god I'm saved feeling. His first thought was They're bad; this new one is worse. [5 Letters T _ _ _ _ _ K]",Fill-in-the-Blank,thank,THANK,Thank
many of them were actually CIA plants whose job it was to contact and fake out just such bankers as myself - men l _ _ _ _ _ g to fill up skinny portfolios in a hurry. [7 Letters L _ _ _ _ _ G],Fill-in-the-Blank,looking,LOOKING,Looking
"""You'll birth them screaming, demons all. You are the damned, and his seed is cold. So cold. My daughters."" Her arms spread. ""Come, join me. Spare yourselves. I've waited for you. t _ _ _  my hand."" [4 Letters T _ _ _ ]",Fill-in-the-Blank,take,TAKE,Take
"Her eyes o _ _ _ _ d, their deep blue unfaded. ""Michael?"" she asked in the softest voice he'd ever heard from her. ""Jane's Michael?"" [6 Letters O _ _ _ _ _ D]",Fill-in-the-Blank,opened,OPENED,Opened
Her face s _ _ _ _ _ _ d the tiniest bit and her lips turned up. [8 Letters S _ _ _ _ _ D],Fill-in-the-Blank,softened,SOFTENED,Softened
"The small body writhed in her arms as if trying to escape, but her struggles were not much. She was tired and l _ _ _ _ g the battle. If she should give up or die in the dream, unable to break it . . . [6 Letters L _ _ _ _ _ G]",Fill-in-the-Blank,losing,LOSING,Losing
"Flushing delightedly, Gertie w _ _ _ d a hand. ""Sure you could. It was my mama's recipe. I'll walk you through it sometime."" [5 Letters W _ _ _ _ _ D]",Fill-in-the-Blank,waved,WAVED,Waved
"""I'll need you to be as quiet as you can. I'll also need you all to wash your hands and p _ _  booties on. And I'm sorry, sir, no babies."" [3 Letters P _ _ _ ]",Fill-in-the-Blank,put,PUT,Put
"I, on the other hand, did not have trouble with sparkle. I was the Sparkle Queen. At Hank's, I w _ _ _ _ d my face and put on Drama Night Makeup; [6 Letters W _ _ _ _ _ D]",Fill-in-the-Blank,washed,WASHED,Washed
"Ser Rodrik tried to tug at whiskers that were not there, but before he could frame a rebuke the s _ _ _ _ _ g boy came scurrying up. [7 Letters S _ _ _ _ _ G]",Fill-in-the-Blank,serving,SERVING,Serving
"Butters h _ _ _ _ _ _ _ d for a second before he turned around. ""He was there at the desk the last time I saw him, but I had to leave for an early dentist appointment. Why?"" [9 Letters H _ _ _ _ _ D]",Fill-in-the-Blank,hesitated,HESITATED,Hesitated
