QUESTION_TEXT,QUESTION_TYPE,OPTION_1,OPTION_2,OPTION_3
"Selvy sat on the roof of his building, eating a peach. There was a warm breeze from the west, where the sun h _ _ _  on a tremulous rim, all ruddle and blood. [4 Letters H _ _ _ ]",Fill-in-the-Blank,hung,HUNG,Hung
"Lucy sighed. ""It's in her study, and I think you can guess the password. But if you t _ _ _  more than five minutes, we're going without you."" [4 Letters T _ _ _ ]",Fill-in-the-Blank,take,TAKE,Take
"She s _ _  the light go out of his eyes, to be replaced with something dark and dangerous. A whisper of fear clutched her heart. ""You must rest now, my laird, and regain your strength."" [3 Letters S _ _ _ ]",Fill-in-the-Blank,saw,SAW,Saw
"Most sidhe couldn't use glamour to make themselves l _ _ _  better to other sidhe. You could try it, but it was wasted effort. [4 Letters L _ _ _ ]",Fill-in-the-Blank,look,LOOK,Look
"That caused him to reach for his own as his eyes l _ _ _ _ d on the potential targets. There was a second man, holding something else that- [6 Letters L _ _ _ _ _ D]",Fill-in-the-Blank,locked,LOCKED,Locked
"""Not a problem,"" Xun replied, then came to him, slapped him on the shoulder, and m _ _ _ d out of the room. [5 Letters M _ _ _ _ _ D]",Fill-in-the-Blank,moved,MOVED,Moved
"He g _ _  in his car, started it, and drove down the hill to Jerusalem's Lot. [3 Letters G _ _ _ ]",Fill-in-the-Blank,got,GOT,Got
"HAD TO BE home by now. Brody thought as he drove around the lake. How long did it take to have somebody whack at her hair anyway? She didn't answer the phone, and he f _ _ _  ridiculous as he'd called four times in the last hour. [4 Letters F _ _ _ ]",Fill-in-the-Blank,felt,FELT,Felt
She had tried to make the air conditioner work but hadn't been able to f _ _ _ _ e out the controls. [6 Letters F _ _ _ _ _ E],Fill-in-the-Blank,figure,FIGURE,Figure
"She had just decided to stay put when an arm slipped around her shoulders. She jumped, then t _ _ _ _ d her head and saw Barbie. The depth of her relief actually weakened her knees. [6 Letters T _ _ _ _ _ D]",Fill-in-the-Blank,turned,TURNED,Turned
The thin fabric tore away from the collar. Beneath it she w _ _ _  a simple white bra. [4 Letters W _ _ _ ],Fill-in-the-Blank,wore,WORE,Wore
"""That was a wise investment,"" Serena mused. ""You knowc"" Lifting her wine, she s _ _ _ _ _ d him over the rim. ""You're exactly what I thought you were when you sat down at my table the first time, and yet, you're nothing like I thought you were."" [7 Letters S _ _ _ _ _ D]",Fill-in-the-Blank,studied,STUDIED,Studied
"Ethan let his smile w _ _ _ n. Some might have said there was a hint of the pirate in the look. Ethan wouldn't have been insulted, but he'd have been surprised. ""Closer to ninety, I'd say."" [5 Letters W _ _ _ _ _ N]",Fill-in-the-Blank,widen,WIDEN,Widen
"When he finally deemed it time to m _ _ _  his move, he went against what Buddy was certain was his nature and took it slow, showing patience, restraint and understanding. [4 Letters M _ _ _ ]",Fill-in-the-Blank,make,MAKE,Make
"On the other hand, Italian wine was almost impossible to f _ _ _ , Shaw thought with a grin. His smile faded when she walked in. [4 Letters F _ _ _ ]",Fill-in-the-Blank,find,FIND,Find
"Flick whined. Her back a _ _ _ _ d as her eyes rolled up. Now the healer sent power racing through her, filling the girl's skin with magic only Briar could see. The magic's light fluttered; [6 Letters A _ _ _ _ _ D]",Fill-in-the-Blank,arched,ARCHED,Arched
"Carrying the juju eyeball in a bag, I stepped silently along the hallway to 6-C. The door s _ _ _ d half open. [5 Letters S _ _ _ _ _ D]",Fill-in-the-Blank,stood,STOOD,Stood
"Stimulated by the hand kiss, Thérèse wanted to a _ _  more questions about the women who clawed their wombs, but Gideon grew loud and stopped her. ""She was a wet-nurse,"" he told Son, ""and made her living from white babies. [3 Letters A _ _ _ ]",Fill-in-the-Blank,ask,ASK,Ask
"WE SEARCHED THE whole place, and my heart s _ _ _  lower with every empty room. Not that the rooms were actually empty. [4 Letters S _ _ _ ]",Fill-in-the-Blank,sank,SANK,Sank
"Frank groaned, r _ _ _ _ _ g his eyes. ""Did we just…was I just-?"" [7 Letters R _ _ _ _ _ G]",Fill-in-the-Blank,rubbing,RUBBING,Rubbing
