QUESTION_TEXT,QUESTION_TYPE,OPTION_1,OPTION_2,OPTION_3
"I thought about healing Mistral. I thought about my babies. I thought about the man s _ _ _ _ _ _ g beside me. I reached for Sholto\'s hand. He actually startled, looking at me with eyes too wide, but he smiled when I smiled. [8 Letters S _ _ _ _ _ G]",Fill-in-the-Blank,standing,STANDING,Standing
"He t _ _ _ _ d his fingers on his knee, and noted that Cook's gaze had shifted to linger on the bottle of Jack Daniel's on the table beside the sofa. His shoulders hunched defensively. [6 Letters T _ _ _ _ _ D]",Fill-in-the-Blank,tapped,TAPPED,Tapped
"Frank's ears turned red. With his head l _ _ _ _ _ d, his military haircut made a sharp black arrow pointing down. ""Juno has some sort of plan for us, about the Prophecy of Seven."" [7 Letters L _ _ _ _ _ D]",Fill-in-the-Blank,lowered,LOWERED,Lowered
My feet t _ _ _  me to the light on the nightstand I'd switched on so I could turn it off. [4 Letters T _ _ _ ],Fill-in-the-Blank,took,TOOK,Took
"My mother c _ _ _ _ d Olivia ""Miss Hutton"" throughout the twenty minutes they were together with me in my hospital room. Otherwise her behavior was impeccable, as was Olivia's. [6 Letters C _ _ _ _ _ D]",Fill-in-the-Blank,called,CALLED,Called
"Tory shot Cade a look before she set out the coffee and s _ _ . ""Someone was at the window, the bedroom window, while Cade and I were ... "" [3 Letters S _ _ _ ]",Fill-in-the-Blank,sat,SAT,Sat
"""Lord of Light, defend us. The night is dark and full of terrors."" Queen Selyse led the responses, her p _ _ _ _ _ d face full of fervor. [7 Letters P _ _ _ _ _ D]",Fill-in-the-Blank,pinched,PINCHED,Pinched
"""I don't believe in luck,"" María said. She u _ _ _  her free hand to push aside his arms. ""I believe in the lousiness of people. And so far I've never been disappointed. [4 Letters U _ _ _ ]",Fill-in-the-Blank,used,USED,Used
"He came willingly enough, p _ _ _ _ _ g his face against her breast. The light, rapid mouth-breathing went on, and then she felt the first of his tears wetting her shirt. [7 Letters P _ _ _ _ _ G]",Fill-in-the-Blank,putting,PUTTING,Putting
"If they keep that much more of our money than we do of theirs, then it means they've got to start playing fair with us. Okay, I know""-he h _ _ _  his hands up defensively-"" [4 Letters H _ _ _ ]",Fill-in-the-Blank,held,HELD,Held
"""He s _ _ _ d our lives,"" I said. Murphy's expression said she wasn't happy with that idea. ""We owe him."" [5 Letters S _ _ _ _ _ D]",Fill-in-the-Blank,saved,SAVED,Saved
"""That's a lot of crap. A sincere and dedicated pacifist is braver than any soldier. Look, I don't particularly like the Network -- too profit oriented, and money's never m _ _ _ t much to me, but, like, they've got the right idea. [5 Letters M _ _ _ _ _ T]",Fill-in-the-Blank,meant,MEANT,Meant
"""t _ _ _ k the gods,"" said the Hunter. The scene behind her was hard to make out, but Piper heard yelling, metal clashing on metal, and explosions. [5 Letters T _ _ _ _ _ K]",Fill-in-the-Blank,thank,THANK,Thank
"Then he squeezed his eyes s _ _ _ . Tears welled out and he broke into another helpless, maddened giggle. [4 Letters S _ _ _ ]",Fill-in-the-Blank,shut,SHUT,Shut
"""He would never harm Zita, or Reggie. He loved them as if they were his own. But…"" She turned to Mira again, g _ _ _ _ _ d her hands fiercely. ""He's so ill-in body, mind, spirit. I don't know how to help him. [7 Letters G _ _ _ _ _ D]",Fill-in-the-Blank,gripped,GRIPPED,Gripped
"Her jaw d _ _ _ _ _ d, mimicking her son's as she looked out the front window with him at the black stretch limo sliding in behind her ancient hatchback. [7 Letters D _ _ _ _ _ D]",Fill-in-the-Blank,dropped,DROPPED,Dropped
"""Yes."" Her chest was hurtfully tight, her throat raw from unshed tears. ""Yes, I'm fine. I guess you h _ _ _ d the phone."" [5 Letters H _ _ _ _ _ D]",Fill-in-the-Blank,heard,HEARD,Heard
"If there's a stray calf Merry gets after it. Seymour goes in there and those two cows will be very unpleasant, they 11 paw the grass, they'll s _ _ _ e their heads at him-but Merry goes in, well, they know her, and they just tell her what they want. [5 Letters S _ _ _ _ _ E]",Fill-in-the-Blank,shake,SHAKE,Shake
"She didn't have enough undamaged skin left with which to do so. The burns had been the most painful. Being hung over a fire and made to confess something, anything to m _ _ _  the pain stop, was not good for one's complexion. [4 Letters M _ _ _ ]",Fill-in-the-Blank,make,MAKE,Make
"When the fateful morning arrived, I found myself with the strangest feeling of exhilaration. I actually woke up feeling good. After I got the cash and c _ _ _ _ _ d into the car, the feeling only got better. [7 Letters C _ _ _ _ _ D]",Fill-in-the-Blank,climbed,CLIMBED,Climbed
