QUESTION_TEXT,QUESTION_TYPE,OPTION_1,OPTION_2,OPTION_3
"""No, really, I can't. It's the marinade. It needs at least…"" I l _ _ _ _ d at the clock on the microwave, it was nearly ten, ""eight hours of marinading!"" My voice was rising dramatically but what could I say? [6 Letters L _ _ _ _ _ D]",Fill-in-the-Blank,looked,LOOKED,Looked
"""Ask me what?"" He reached out to give the boot a little push, just for the pleasure of w _ _ _ _ _ _ g it swing. [8 Letters W _ _ _ _ _ G]",Fill-in-the-Blank,watching,WATCHING,Watching
"But he'd make it up to her, spend his life d _ _ _ g it, if it took that. [5 Letters D _ _ _ _ _ G]",Fill-in-the-Blank,doing,DOING,Doing
"The race problems extended into the city. One Koza district, called ""the Bush,"" was dominated by the ""Bushmasters"" and the ""Mau Maus,"" gangs of black military men w _ _ _ _ _ g distinctive gang garb. No white military man dared enter. [7 Letters W _ _ _ _ _ G]",Fill-in-the-Blank,wearing,WEARING,Wearing
"It was such a mother thing to s _ _ , he had to smile. ""I could say the same about you."" [3 Letters S _ _ _ ]",Fill-in-the-Blank,say,SAY,Say
"She t _ _ _  a deep breath and walked closer to the table. She said, ""There's nothing simple about it, Jeff. [4 Letters T _ _ _ ]",Fill-in-the-Blank,took,TOOK,Took
"""Yes, sir."" But she c _ _ _ _ d her neck to see over Eve's shoulder. Roarke had removed his jacket, rolled up the sleeves of his white silk shirt. The man had fabulous definition in his arms. ""Are you sure you don't want me to assist here?"" [6 Letters C _ _ _ _ _ D]",Fill-in-the-Blank,craned,CRANED,Craned
"""Going to feed the birds."" She was out of breath but still moving. ""This time of year they n _ _ _  all the help they can get."" [4 Letters N _ _ _ ]",Fill-in-the-Blank,need,NEED,Need
"Sarah remained standing as the others quietly seated themselves. Small details seemed charged, and terribly important that morning. The shore house f _ _ _  as if it were holding more of the morning's chill than usual. [4 Letters F _ _ _ ]",Fill-in-the-Blank,felt,FELT,Felt
"Then he smiled, his blue eyes f _ _ _ _ _ _ g like neon, like a gas burner cranked up all the way. [8 Letters F _ _ _ _ _ G]",Fill-in-the-Blank,flashing,FLASHING,Flashing
"Halfway to the top I slipped to my knees, looked over my shoulder, and s _ _  the man in the black suit almost at my heels, his white face pulled into a convulsion of fury and greed. [3 Letters S _ _ _ ]",Fill-in-the-Blank,saw,SAW,Saw
"He c _ _ _ _ d his eyes a moment. ""It hurts to be here. I guess it's supposed to."" He touched his fingers to his lips, then pressed his fingers to the stone. ""I love you. I'll come back."" [6 Letters C _ _ _ _ _ D]",Fill-in-the-Blank,closed,CLOSED,Closed
"Nothing like a land mine to m _ _ _  a statement. Not that I can blame you for wanting to keep this little slice of the world to yourself, Grant,"" she added as she began to sketch again. [4 Letters M _ _ _ ]",Fill-in-the-Blank,make,MAKE,Make
"People were coming out of their houses and I went on s _ _ _ _ _ _ _ g his name, Missy, and at the fifty-yard line there was his jumper, it was turned inside-out, and on the seventy-yard line there was the other sneaker, and then there was Gage. [9 Letters S _ _ _ _ _ G]",Fill-in-the-Blank,screaming,SCREAMING,Screaming
"He'd tried hard to set that aside, but the prosecutor hadn't let go, his voice d _ _ _ _ _ _ g with contempt in his summation-actually worse than that, because he'd been so matter-of-fact in the presentation of his evidence, saving his contempt for later. [8 Letters D _ _ _ _ _ G]",Fill-in-the-Blank,dripping,DRIPPING,Dripping
"The gruff stared at Murphy, and then at me. If I'd been less intrepid and fearless, I would have h _ _ _  my breath, hoping I'd avoided a fight. As it was, I h _ _ _  my breath mostly to cut down on the smell. [4 Letters H _ _ _ ]",Fill-in-the-Blank,held,HELD,Held
"You knew why I'd c _ _ _  here tonight, yet you went to the trouble to fix a meal-which was considerate and, and civilized-there, put that in the C column."" [4 Letters C _ _ _ ]",Fill-in-the-Blank,come,COME,Come
"The short, b _ _ _ _ _ g man took a drink of wine, then lowered his cup, not looking at Adolin. ""My cousin is planning to kill you for challenging me,"" he said. ""Right after he kills me for agreeing to the challenge."" [7 Letters B _ _ _ _ _ G]",Fill-in-the-Blank,balding,BALDING,Balding
"Then I saw you with little Jake and you two were so beautiful."" I pressed closer to him and my voice d _ _ _ _ _ d lower. ""So, so beautiful, honey."" [7 Letters D _ _ _ _ _ D]",Fill-in-the-Blank,dropped,DROPPED,Dropped
"On the narrow street behind the office, Omar Cheepe and Paco sat low in a four-wheel drive pickup. On the dashboard was a receiver with the speaker on. As they listened to the Boones and the sheriff, they s _ _ _ k their heads in disbelief. [5 Letters S _ _ _ _ _ K]",Fill-in-the-Blank,shook,SHOOK,Shook
