QUESTION_TEXT,QUESTION_TYPE,OPTION_1,OPTION_2,OPTION_3
"""Frey,"" I whispered, my hands g _ _ _ g to his chest as his hands moved up my back, pulling me closer, imprisoning my arms between us and I started to deep breathe. [5 Letters G _ _ _ _ _ G]",Fill-in-the-Blank,going,GOING,Going
"The man Robin Rose saw was a white male, wearing a blue-and-white baseball jacket and a cap p _ _ _ _ d down over his eyes. She didn't think she could describe him, but she would try. Same with his gun. [6 Letters P _ _ _ _ _ D]",Fill-in-the-Blank,pulled,PULLED,Pulled
"The greenness of the woods around my house f _ _ _  unnatural, impossibly lush in comparison to the tans and browns of the desert. [4 Letters F _ _ _ ]",Fill-in-the-Blank,felt,FELT,Felt
"""On the positive side of things, there's no sign of edema. Her lungs are clear. No evidence that she's s _ _ _ _ _ _ d a stroke, even a slight one. Nana has very good general muscle strength for somebody her age, or even younger."" [8 Letters S _ _ _ _ _ D]",Fill-in-the-Blank,suffered,SUFFERED,Suffered
"He lifted his head from the bowl, and water dripped down from his face. Her cheeks were flushed from cooking, and her sleeves were r _ _ _ _ d up past her elbows, revealing slender, milk-white arms. Comfort was the last thing on his mind. [6 Letters R _ _ _ _ _ D]",Fill-in-the-Blank,rolled,ROLLED,Rolled
"Her face looked pale, tired, with deep circles under her eyes. She was s _ _ _ _ _ g coffee and reading a paperback novel. [7 Letters S _ _ _ _ _ G]",Fill-in-the-Blank,sipping,SIPPING,Sipping
"His hands dropped away from me. His voice held the first hint of anger. It took a lot to m _ _ _  Nathaniel angry. ""It's just a movie, Anita. I'm not even asking for sex, just a movie."" [4 Letters M _ _ _ ]",Fill-in-the-Blank,make,MAKE,Make
"Men looked up from their cups and trenchers to eye the newcomers. Bran heard Little Walder mutter, ""Frogeaters,"" to Big Walder beside him. Ser Rodrik c _ _ _ _ _ d to his feet. ""Be welcome, friends, and share this harvest with us."" [7 Letters C _ _ _ _ _ D]",Fill-in-the-Blank,climbed,CLIMBED,Climbed
"Matthew Pena and Dwight Hayes s _ _ _ d at the back of the aisle, looking for a place to sit. [5 Letters S _ _ _ _ _ D]",Fill-in-the-Blank,stood,STOOD,Stood
The way no one had t _ _ _ _ _ t Isana would ever be able to. [7 Letters T _ _ _ _ _ T],Fill-in-the-Blank,thought,THOUGHT,Thought
"Jacob and Pat did a lot of climbing, a lot of hiking and camping together-or working as a team to guide p _ _ _ _ g customers. Hell, more than half the people in Lunacy take a whack at the mountains. [6 Letters P _ _ _ _ _ G]",Fill-in-the-Blank,paying,PAYING,Paying
"It might also have been a trick from the beginning. We're not sure."" The KGB Chief p _ _ _ _ d himself a glass of mineral water. ""The Politburo meets in eight hours. I will not be there. [6 Letters P _ _ _ _ _ D]",Fill-in-the-Blank,poured,POURED,Poured
"""You almost got yourself killed,"" she said, but her voice had softened a few shades. I noticed that she hadn't m _ _ _ d her hand from the other side of Billy's chest, and he was looking up at her with an expectant expression. [5 Letters M _ _ _ _ _ D]",Fill-in-the-Blank,moved,MOVED,Moved
"absolutely nothing to lose, using you, and when people c _ _ _  knocking on his door with warrants for larger problems, you're the first sacrifice he's going to toss out. [4 Letters C _ _ _ ]",Fill-in-the-Blank,come,COME,Come
"""It l _ _ _ s wonderful,"" he told her, and wondered why A.J. muffled a chuckle. [5 Letters L _ _ _ _ _ S]",Fill-in-the-Blank,looks,LOOKS,Looks
"Clara tugged at Brandon's arm and stepped on Frou Frou's, our Llasa Apso's, tail, as he was lapping up the last of the oatmeal she'd d _ _ _ _ _ d on the floor for him. Frou Frou retreated under the table, yelping. [7 Letters D _ _ _ _ _ D]",Fill-in-the-Blank,dropped,DROPPED,Dropped
"Her eyes s _ _ _  away from his. ""We- We didn't do shit. We were out all night, came back in the morning, and we just opened the door . . . And . . ."" [4 Letters S _ _ _ ]",Fill-in-the-Blank,slid,SLID,Slid
"It m _ _ _ t more sarongs for her for Lahn was paying them all out of his own coin and it was more than they made raiding or warring (seriously, my man had to be loaded… I mean, five hundred warriors?). [5 Letters M _ _ _ _ _ T]",Fill-in-the-Blank,meant,MEANT,Meant
"I tried to shield her, but then I saw a lot of blood p _ _ _ _ _ g from her wound, so I picked her up in my arms and began to run. [7 Letters P _ _ _ _ _ G]",Fill-in-the-Blank,pumping,PUMPING,Pumping
"Delicate makeup had been added, but not enough to h _ _ _  the fact that she was old. Vampires didn't age. That was the whole point, wasn't it? [4 Letters H _ _ _ ]",Fill-in-the-Blank,hide,HIDE,Hide
