QUESTION_TEXT,QUESTION_TYPE,OPTION_1,OPTION_2,OPTION_3
"Once, he had s _ _ _ _ d too good looking for a man, but now his face grew grimmer every day. There was a haggardness about him, his eyes sunken and his mouth tight. ""The Prophet says either that, or it's a trap. [6 Letters S _ _ _ _ _ D]",Fill-in-the-Blank,seemed,SEEMED,Seemed
"Lady Aquitaine smiled. She t _ _ _ _ _ d her fingertips to his mouth and said, ""Don't make me press the point. Come with me. I will see to it that you rest deeply in what time you have."" She turned and started walking again. [7 Letters T _ _ _ _ _ D]",Fill-in-the-Blank,touched,TOUCHED,Touched
"""There is. I held your jokes in contempt. Now they have saved our lives. I c _ _  your pardon. I have forgotten the face of my father."" [3 Letters C _ _ _ ]",Fill-in-the-Blank,cry,CRY,Cry
"My fingers t _ _ _ _ d her spine all the way to her shoulder blades, then undid her bra with a single twist. [6 Letters T _ _ _ _ _ D]",Fill-in-the-Blank,traced,TRACED,Traced
"Aware that every second wasted might count against Mary, he p _ _ _ _ d away from the wall. He staggered into the vast, dark room. [6 Letters P _ _ _ _ _ D]",Fill-in-the-Blank,pushed,PUSHED,Pushed
"He still let Chaz go first when they reached the pool. He stood outside the door-breathing hard, w _ _ _ _ g his brow with a trembling hand-before finally forcing himself in through the door behind his partner. He'd waited too long, he knew. [6 Letters W _ _ _ _ _ G]",Fill-in-the-Blank,wiping,WIPING,Wiping
They went down in the elevator with a young black who kept his eyes a _ _ _ _ _ d and she made obscene signals above the back of his small neat head. [7 Letters A _ _ _ _ _ D],Fill-in-the-Blank,averted,AVERTED,Averted
"""For one thing,"" Willis explained, ""even if I were willing to s _ _ _  out on you, I wouldn't know where the hell to go to do it. My line is mostly weddings and freelance nude photography for men's magazines."" [4 Letters S _ _ _ ]",Fill-in-the-Blank,sell,SELL,Sell
"""Dr. Elliot, two years ago you w _ _ _ e a book about how pervasive we are. It reminded me of an old Jewish story. [5 Letters W _ _ _ _ _ E]",Fill-in-the-Blank,wrote,WROTE,Wrote
"' By then, Del's tears had mostly stopped and he l _ _ _ _ d calm. Some Bible verses (in English) followed, not neglecting the old standby about the still waters. [6 Letters L _ _ _ _ _ D]",Fill-in-the-Blank,looked,LOOKED,Looked
"Anticipating his next protest, Nell f _ _ _ _ d his face with her hands. ""It belonged to my mother. It's the only thing of hers I still have. The only thing I brought away with me. Please do this for me, Zack. [6 Letters F _ _ _ _ _ D]",Fill-in-the-Blank,framed,FRAMED,Framed
"After Earth had been won, there were the stars. That t _ _ _  a while, for the puppets found much pain-pleasure on the motherworld to engage their interest for generations. Slowly, their stock of victims dwindled. [4 Letters T _ _ _ ]",Fill-in-the-Blank,took,TOOK,Took
"He took her by the shoulders until she was backed against the door. ""We both know that's not true. We've started something."" His gaze s _ _ _ _ _ d down, lingered on her lips. ""And it's not going to stop until we're both finished with it."" [7 Letters S _ _ _ _ _ D]",Fill-in-the-Blank,skimmed,SKIMMED,Skimmed
"I f _ _ _ d out more about the Manet family history, but there are pieces missing. Maybe you've got them."" [5 Letters F _ _ _ _ _ D]",Fill-in-the-Blank,found,FOUND,Found
"The street, the Way of the Crown, became a long broad ramp rising toward the palace, and Perrin d _ _ _  a deep breath as they started up. Faile was up there. She had to be, and safe. [4 Letters D _ _ _ ]",Fill-in-the-Blank,drew,DREW,Drew
"Seagraves g _ _ _ _ _ d out the window. Okay, now it was code time, just in case someone was listening in. These days nowhere was safe from prying ears, least of all Capitol Hill. ""Front's coming in, I saw on the news. [7 Letters G _ _ _ _ _ D]",Fill-in-the-Blank,glanced,GLANCED,Glanced
"Sebastian was softening, but he didn't see any reason to m _ _ _  it easy. ""I believe she's under the impression that you've already had your say. I don't know that she's in any condition to listen to your outrageous accusations again."" [4 Letters M _ _ _ ]",Fill-in-the-Blank,make,MAKE,Make
My father taught me when I was young that if a man w _ _ _ s to hold on to his kingdom he should consider well his choices and his actions. [5 Letters W _ _ _ _ _ S],Fill-in-the-Blank,wants,WANTS,Wants
"All around the room noblewomen shifted, their hands and feet restless. Their eyes were unsure, their voices soft. They were frightened. Some had t _ _ _ _ d their eyes toward the raka. More were looking at the door to the Robing Pavilion. [6 Letters T _ _ _ _ _ D]",Fill-in-the-Blank,turned,TURNED,Turned
He had bullet grazes to his right hip and just below his left shoulder. They both had bled a lot but the bleeding had s _ _ _ _ _ d and the nagging pain was easy to ignore. [7 Letters S _ _ _ _ _ D],Fill-in-the-Blank,stopped,STOPPED,Stopped
