QUESTION_TEXT,QUESTION_TYPE,OPTION_1,OPTION_2,OPTION_3
"The giant Fole, made small by distance, leaped off the cliff, pulling with him two of the Golyny. A third enemy fell a moment later-he must have l _ _ _  his balance in the struggle on the cliff. [4 Letters L _ _ _ ]",Fill-in-the-Blank,lost,LOST,Lost
"magic enough to c _ _ _ , you see. Great Uncle Algie was so pleased [4 Letters C _ _ _ ]",Fill-in-the-Blank,come,COME,Come
"""You w _ _ _  more, all you gotta do is tell me."" [4 Letters W _ _ _ ]",Fill-in-the-Blank,want,WANT,Want
"""Through to who?"" Rennie asked, not p _ _ _ _ g much attention. He was looking at the still-burning pyre of the pulp-truck, and at the wreckage of what was clearly a plane. [6 Letters P _ _ _ _ _ G]",Fill-in-the-Blank,paying,PAYING,Paying
"A forensic unit was dispatched to his house in Riverdale. Another one went to his office at Branaff, to see what they could turn up. There was no question that O'Shea was hiding something. It was only a matter of f _ _ _ _ _ g out what it was. [7 Letters F _ _ _ _ _ G]",Fill-in-the-Blank,finding,FINDING,Finding
"Her death meant either that the would-be assassin was taking no chances, or that he, or she, or they, already knew they\'d failed to kill the queen. It changed nothing about our plans, but it did m _ _ _  a person wonder. [4 Letters M _ _ _ ]",Fill-in-the-Blank,make,MAKE,Make
"They were vampires-she didn't have to observe the sharpened fangs which their smiles disclosed to know it-but still they l _ _ _ _ d more human than Sayre's bunch. Perhaps because they once had been human. The others, though … [6 Letters L _ _ _ _ _ D]",Fill-in-the-Blank,looked,LOOKED,Looked
I pulled in a steadying breath and t _ _ _ _ d my attention to my pancakes. [6 Letters T _ _ _ _ _ D],Fill-in-the-Blank,turned,TURNED,Turned
"IT was bitterly cold when Ryan awoke to the b _ _ _ _ _ g sound of his watch alarm. There was frost on the windows even at ten in the morning, and he realized that he hadn't made sure the heat in his room was operating. [7 Letters B _ _ _ _ _ G]",Fill-in-the-Blank,beeping,BEEPING,Beeping
"He nodded, jerked his thumb up, then s _ _ _ k his head. [5 Letters S _ _ _ _ _ K]",Fill-in-the-Blank,shook,SHOOK,Shook
"She sniffled, eased back, pulled another gift from under the tree. ""This one. This one n _ _ _ s to come next."" [5 Letters N _ _ _ _ _ S]",Fill-in-the-Blank,needs,NEEDS,Needs
"Instead of turning into Chamberpot Alley, you turn right and follow Peacock Street to the wall. The Lotus Street skodi is right there."" He f _ _ _ _ _ d in his pocket. [7 Letters F _ _ _ _ _ D]",Fill-in-the-Blank,fumbled,FUMBLED,Fumbled
"""I'd never want to learn something like that,"" Kaladin said, aghast, glancing at Tien. Was their own mother really s _ _ _ _ g these things? But then, she'd always been like this. Free, both with her mind and her tongue. [6 Letters S _ _ _ _ _ G]",Fill-in-the-Blank,saying,SAYING,Saying
"Demoux seemed a bit confused, but spoke no further. Elend eyed his desk, considering some studying, but found it hard to motivate himself in the chill room. Instead, he pushed o _ _ _  the door and strode out into the hallway. His guards followed. [4 Letters O _ _ _ ]",Fill-in-the-Blank,open,OPEN,Open
"He l _ _  on his back in the gravel, the earth's core sucking his bones, a moment's giddy vertigo with this illusion of falling outward through blue and windy space, over the offside of the planet, hurtling through the high thin cirrus. [3 Letters L _ _ _ ]",Fill-in-the-Blank,lay,LAY,Lay
"Kel r _ _ _ _ _ _ d the temptation to rub the spot where Dom's hand had rested. She needed to find work. Was she some kind of fickle monster, that Dom's smile and touch could make her giddier than Neal's had? [8 Letters R _ _ _ _ _ D]",Fill-in-the-Blank,resisted,RESISTED,Resisted
"""You don't know what you did to me-all that sweetness, all that generosity. You never asked anything of me, and yet you asked everything."" He b _ _ _ n to pace again. Autumn watched him in bewilderment. ""You were an obsession; [5 Letters B _ _ _ _ _ N]",Fill-in-the-Blank,began,BEGAN,Began
"Damn, they're about to b _ _ _  up the place. Jon Ming must have heard of Eddie and Mike Wu's betrayal and ordered GyroTechnics to be closed down. The hard way. [4 Letters B _ _ _ ]",Fill-in-the-Blank,blow,BLOW,Blow
I went over and snatched it out of his hand and t _ _ _ w it off the porch before I sat down next to him. [5 Letters T _ _ _ _ _ W],Fill-in-the-Blank,threw,THREW,Threw
"When I looked up to him, forcing my face into what I hoped was innocence mixed with eagerness (Wats and Breed had given me a great idea), I saw his eyes narrow and his mouth g _ _ _  tight. [4 Letters G _ _ _ ]",Fill-in-the-Blank,grow,GROW,Grow
