QUESTION_TEXT,QUESTION_TYPE,OPTION_1,OPTION_2,OPTION_3
"Lilah laughed and s _ _ _ _ _ d at the top of the stairs. ""He's a good guy, as much as I'd like to belt him right now. It's good to see you happy again, Suze."" [7 Letters S _ _ _ _ _ D]",Fill-in-the-Blank,stopped,STOPPED,Stopped
"Coretti blurted, 'May I, um, b _ _  you a drink?' At moments like these, Coretti was possessed by an agonizingly stiff, schoolmasterish linguistic tic. Um. He winced. Um. [3 Letters B _ _ _ ]",Fill-in-the-Blank,buy,BUY,Buy
"""I f _ _ _  a bit like a princess myself,"" Glenna told her. ""Thank you so much. And you, Moira, look every inch the queen."" [4 Letters F _ _ _ ]",Fill-in-the-Blank,feel,FEEL,Feel
"Eventually, I switched off the flashlight, so they wouldn't be able to f _ _ _ _ w the glow of it, and I went on as far as I could in complete darkness, feeling my way, inch by inch, stumbling, until I found a niche in the wall, a crawl hole, nothing more than that, hidden behind a limestone stalagmite. [6 Letters F _ _ _ _ _ W]",Fill-in-the-Blank,follow,FOLLOW,Follow
"""By police officers,"" said Decker. ""It was a gang rape. And they did it because of her intersex condition, and Evers's old man p _ _ _  off the Wyatts to keep it hush-hush. [4 Letters P _ _ _ ]",Fill-in-the-Blank,paid,PAID,Paid
"""No."" She moved forward, w _ _ _ _ _ d her fingers firmly around his forearms. ""You know better. You've given him nothing. He takes. Your mistake will be to give him part of you. To let him know he has it."" [7 Letters W _ _ _ _ _ D]",Fill-in-the-Blank,wrapped,WRAPPED,Wrapped
"What she s _ _  in his eyes had her heart pounding in her throat, had her lips parting, not so much in surprise as in question. [3 Letters S _ _ _ ]",Fill-in-the-Blank,saw,SAW,Saw
"The quiet passion in Vanadium's voice was genuine, expressed with reason but not fervor, not in the least sentimental or unctuous-which m _ _ _  it more disturbing. [4 Letters M _ _ _ ]",Fill-in-the-Blank,made,MADE,Made
"Panicked, like a rabbit caught in the beams, she froze. They'd found her. They'd come after her. They. The horn b _ _ _ _ _ d, tires squealed. Submitting at last, she crumpled onto the road, unconscious. [7 Letters B _ _ _ _ _ D]",Fill-in-the-Blank,blasted,BLASTED,Blasted
"He felt, strangely, even more lonely to know that he could sing to the Listeners and yet never be able to h _ _ _  their songs. ""But they have no songs,"" said the woman who came to bring him food every day. [4 Letters H _ _ _ ]",Fill-in-the-Blank,hear,HEAR,Hear
"""You?"" Bess d _ _ _ _ _ d her bag, stretched her shoulders. She might have skipped her workout that morning, but she was feeling as limber as a snake. ""What is it, a national holiday?"" [7 Letters D _ _ _ _ _ D]",Fill-in-the-Blank,dropped,DROPPED,Dropped
"She could have hiked it easily enough - she s _ _ _ t all day on her feet, and the only thing interesting about the walk from Ralphs up to the overpass was that it was uphill and wound around a cloverleaf. [5 Letters S _ _ _ _ _ T]",Fill-in-the-Blank,spent,SPENT,Spent
"""Who knows?"" She shrugged. ""I'm vain enough to want things to s _ _ _  put, or have them shored up when they sag. My mother's had two already, in addition to other work."" [4 Letters S _ _ _ ]",Fill-in-the-Blank,stay,STAY,Stay
"I factored in the high wind b _ _ _ _ _ g her hair out in a fan, and decided Lord Robert Dumaury was going to end up on the ground at Phillipetta Dunmores feet within seconds, probably dislocating his shoulder in the process . . . and thats if he was lucky. [7 Letters B _ _ _ _ _ G]",Fill-in-the-Blank,blowing,BLOWING,Blowing
"This would be one more such day, he feared, s _ _ _ _ _ g in the back of his ministerial car on the way to the morning meeting. [7 Letters S _ _ _ _ _ G]",Fill-in-the-Blank,sitting,SITTING,Sitting
"""This isn't a joke, Governor. I don't care about your parlor tricks. r _ _ _  my mind, that's fine - go ahead. It saves me my breath. They are planning to strike. Hartmann's been placed in charge. [4 Letters R _ _ _ ]",Fill-in-the-Blank,read,READ,Read
"""You think it doesn't matter to me."" His voice took on heat. His eyes f _ _ _ _ _ d with it. ""The way those two men went down?"" [7 Letters F _ _ _ _ _ D]",Fill-in-the-Blank,flashed,FLASHED,Flashed
"""No, he's not mad."" She k _ _ _ _ d the top of Liam's head. ""I'm going to change my clothes."" [6 Letters K _ _ _ _ _ D]",Fill-in-the-Blank,kissed,KISSED,Kissed
"The icy lips of the corpse's head b _ _ _ _ _ d against his own lips. Their flesh seemed to stick together. And when they were separated, the idiot was sure his lips had been seared away. [7 Letters B _ _ _ _ _ D]",Fill-in-the-Blank,brushed,BRUSHED,Brushed
"He's all-knowing, so He'll be aware of the fact that I've spread some in my old age."" He gave her a kiss on the cheek and they h _ _ _  hands. She swept her fingers through his disappearing hair. [4 Letters H _ _ _ ]",Fill-in-the-Blank,held,HELD,Held
