QUESTION_TEXT,QUESTION_TYPE,OPTION_1,OPTION_2,OPTION_3
"Paying off the loan he'd taken to square things for Nick would pinch a little, but in another year he'd be able to do more than l _ _ _  at boats in catalogs. [4 Letters L _ _ _ ]",Fill-in-the-Blank,look,LOOK,Look
"He saw nothing but her, felt nothing but her to the point where he was almost unaware of his own hand m _ _ _ _ g. Of mixing the paint, dabbing it, stroking it, all but breathing it onto the paper so that her face bloomed for him. [6 Letters M _ _ _ _ _ G]",Fill-in-the-Blank,moving,MOVING,Moving
"And all the people c _ _ _ _ _ d and cheered, and the noise all but drowned out the faint echo of jackboots in the distance. [7 Letters C _ _ _ _ _ D]",Fill-in-the-Blank,cheered,CHEERED,Cheered
"The s _ _ _ _ _ _ _ _ _ g buildings were all government-owned, and atop them would always be people with binoculars-and rifles. The American SS were determined to keep the people away from ""their"" [11 Letters S _ _ _ _ _ G]",Fill-in-the-Blank,surrounding,SURROUNDING,Surrounding
"The air went thick, and the sun s _ _ _ _ _ _ _ g through the windows turned to gilt. [9 Letters S _ _ _ _ _ G]",Fill-in-the-Blank,streaming,STREAMING,Streaming
"Outside the store a second and third speed-shooter began, filling the day with noise, f _ _ _ _ _ g the air above them with a deadly crisscross of slugs. [7 Letters F _ _ _ _ _ G]",Fill-in-the-Blank,filling,FILLING,Filling
"Bone flowed like soft wax. tears r _ _  down her high, fine cheeks, whether from pain or joy, Brennan couldn't tell. The transformation took some minutes. [3 Letters R _ _ _ ]",Fill-in-the-Blank,ran,RAN,Ran
"""Yes, fine."" He had muscles like rock. It was impossible not to notice. Just, as it was impossible not to notice that his breath f _ _ _ _ _ _ _ d along her temple, that he smelled very male. [9 Letters F _ _ _ _ _ D]",Fill-in-the-Blank,fluttered,FLUTTERED,Fluttered
"But when they'd made love again, nothing she'd said had made sense. She s _ _ _ k her head, trying to block that out. That morning they'd been perfectly at ease with each other-two adults preparing for a workday without any morning-after awkwardness. [5 Letters S _ _ _ _ _ K]",Fill-in-the-Blank,shook,SHOOK,Shook
"Though he might be able to t _ _ _ _ l farther, faster, leaping ahead of them if they pulled away, all they would have to do to confound such a leapfrog pursuit would be to alter their course. [6 Letters T _ _ _ _ _ L]",Fill-in-the-Blank,travel,TRAVEL,Travel
"""I don't care about that,"" I cut in quickly. ""I get it, al this stuff coming up for him again. It can't be good to see it in the papers. Move around Denver k _ _ _ _ _ g people know. [7 Letters K _ _ _ _ _ G]",Fill-in-the-Blank,knowing,KNOWING,Knowing
"Bob led them towards the edge of the army. He m _ _ _  no effort to hide, not that it would have done any good. Being ten feet tall and glowing silver, Bob didn't do stealth very well. [4 Letters M _ _ _ ]",Fill-in-the-Blank,made,MADE,Made
"""Probably. Anyway, I s _ _  the man was dead. So, I hightailed it out of there."" [3 Letters S _ _ _ ]",Fill-in-the-Blank,saw,SAW,Saw
"Robert loved him, after all, and forgave his inadequacies because he was such good company-why should he f _ _ _  sorry for Dinah, who had the same good company? No, Dinah did well, Dinah was happy. Wasn't she smiling? [4 Letters F _ _ _ ]",Fill-in-the-Blank,feel,FEEL,Feel
"A way like, say, lots of alcohol. And a few other people to open up and t _ _ _  stories on themselves first. [4 Letters T _ _ _ ]",Fill-in-the-Blank,tell,TELL,Tell
Bibi felt as if she were being drawn upward even before she c _ _ _ _ _ d the stairs to the apartment above the garage. [7 Letters C _ _ _ _ _ D],Fill-in-the-Blank,climbed,CLIMBED,Climbed
"Henry Cooper, sir. I'm a TRPB agent here, and I've g _ _  a problem. Can you come to your office? I'm waiting there for you. [3 Letters G _ _ _ ]",Fill-in-the-Blank,got,GOT,Got
"""Waiter, get those drinks over here."" The male voice came from the bar. He s _ _ _ e english with an American accent. [5 Letters S _ _ _ _ _ E]",Fill-in-the-Blank,spoke,SPOKE,Spoke
"It was a long, silent ride up to Bangor. The happiness they should have felt between them was not there; only Vera's hot and militant joy. She s _ _  bolt upright in the passenger seat, her Bible in her lap, open to the twenty-third Psalm. [3 Letters S _ _ _ ]",Fill-in-the-Blank,sat,SAT,Sat
"""Sometimes when you love someone it's better to t _ _ _  it by leaps and bounds."" [4 Letters T _ _ _ ]",Fill-in-the-Blank,take,TAKE,Take
