QUESTION_TEXT,QUESTION_TYPE,OPTION_1,OPTION_2,OPTION_3
"So far as I knew, Al had spent most of the last four years flipping burgers and making milkshakes under fluorescent lights, but I didn't say so. I just d _ _ _ k the rest of my water. [5 Letters D _ _ _ _ _ K]",Fill-in-the-Blank,drank,DRANK,Drank
"""Are you going to the casino tonight?"" Foxy asked. She f _ _ _  restless and dissatisfied. [4 Letters F _ _ _ ]",Fill-in-the-Blank,felt,FELT,Felt
"""Hey Merry,"" she replied and Layne l _ _ _ _ d at his watch. [6 Letters L _ _ _ _ _ D]",Fill-in-the-Blank,looked,LOOKED,Looked
"Then Malcolm stepped into the room. ""You were expect-ing cops, weren't you? I told you they're stupid!"" he said. Michelle ran over to him and j _ _ _ _ d into his arms. [6 Letters J _ _ _ _ _ D]",Fill-in-the-Blank,jumped,JUMPED,Jumped
"The boy lay with his head in the man's lap. After a while he said: They're going to k _ _ _  those people, arent they? [4 Letters K _ _ _ ]",Fill-in-the-Blank,kill,KILL,Kill
"She didn't, but she was sure she could have d _ _ _  better. ""Those were eighteen-carat, Italian gold."" [4 Letters D _ _ _ ]",Fill-in-the-Blank,done,DONE,Done
"It was cold that day-much colder than the day before. Diane had been right to worry about the boiler. Martin was supposed to have called Fortunato, but so many things had been happening, it had s _ _ _ _ _ d his mind. [7 Letters S _ _ _ _ _ D]",Fill-in-the-Blank,slipped,SLIPPED,Slipped
"Although I could not see him well enough to be certain, I felt that his eyes were t _ _ _ _ d back in his head, no color revealed. This might have been a shiver of imagination born of the chill that had seized me. [6 Letters T _ _ _ _ _ D]",Fill-in-the-Blank,turned,TURNED,Turned
"""From what I hear happened up at their place, you couldn't clean it up with anything less than a bulldozer, anyway. Tell me something, doll. You think you can t _ _ _  good care of them?"" [4 Letters T _ _ _ ]",Fill-in-the-Blank,take,TAKE,Take
"If I thought it was just Westbrook, I would have said no-go on the HRT hit. We wouldve g _ _ _ _ n a little fish, but the big one wouldve just floated away. [6 Letters G _ _ _ _ _ N]",Fill-in-the-Blank,gotten,GOTTEN,Gotten
"Angela draped her arm around Melodie's shoulders and walked her from the room. Eve p _ _ _ _ d away from the desk, followed them to the doorway. Mosebly was already heading for the pair. [6 Letters P _ _ _ _ _ D]",Fill-in-the-Blank,pushed,PUSHED,Pushed
"people a _ _ _ _ _ d Carter was also stupid-hell, even Junes had assumed it-but he wasn't. Mr. Rennie understood that, and Mr. Rennie was sure no whiner. [7 Letters A _ _ _ _ _ D]",Fill-in-the-Blank,assumed,ASSUMED,Assumed
"He looked down at the two dead bodies. ""Dispose of these, Creel,"" he said to the shorter man s _ _ _ _ _ _ g next to him. ""And as for the families, provide the standard evil Campions explanation. [8 Letters S _ _ _ _ _ G]",Fill-in-the-Blank,standing,STANDING,Standing
"Muttering, the cop unlocked the restraint. In one vicious swipe, Sylvia slashed the laser across his throat. Even as he stumbled back, s _ _ _ _ _ _ g blood, she pressed it to the nurse's cheek. [8 Letters S _ _ _ _ _ G]",Fill-in-the-Blank,spurting,SPURTING,Spurting
"See that? The smile was gone. ""Henry?"" the man a _ _ _ d. His face was another color now. More blood in it. ""You said Henry?"" [5 Letters A _ _ _ _ _ D]",Fill-in-the-Blank,asked,ASKED,Asked
"Dr. Perry looked at the cops, eyebrows r _ _ _ _ d in a question. They looked at each other, then one of them said, ""He's gone on to Austin, to give a dinner speech, just like he was scheduled to do. [6 Letters R _ _ _ _ _ D]",Fill-in-the-Blank,raised,RAISED,Raised
"silence f _ _ _  for a moment before Lady Placida said, ""I met your nephew, back during that Wintersend excitement."" [4 Letters F _ _ _ ]",Fill-in-the-Blank,fell,FELL,Fell
"It might even draw a rebuke from the northern Lords-including your own dear husband, and I have worked far too hard to allow that now."" The figure's voice b _ _ _ _ e quiet and dangerous. ""So guard. Your. Tongue."" [6 Letters B _ _ _ _ _ E]",Fill-in-the-Blank,became,BECAME,Became
"The people w _ _ _ _ _ g past her didn't give her a second glance, except a high school boy who flashed a grin. [7 Letters W _ _ _ _ _ G]",Fill-in-the-Blank,walking,WALKING,Walking
"""Lieutenant, this is Detective Dalrymple, assigned to observation on the Polinsky residence. We've got a mixed-race male, mid-twenties, average height and b _ _ _ d. Subject is on foot and carrying a small sack. [5 Letters B _ _ _ _ _ D]",Fill-in-the-Blank,build,BUILD,Build
