QUESTION_TEXT,QUESTION_TYPE,OPTION_1,OPTION_2,OPTION_3
"So he dreamed of America but stayed in London, searching in high society to find the right woman to m _ _ _  a family with. [4 Letters M _ _ _ ]",Fill-in-the-Blank,make,MAKE,Make
"Satisfied he'd gained a trustworthy companion, DeMarco p _ _ _ _ d open his door and stepped into the room. [6 Letters P _ _ _ _ _ D]",Fill-in-the-Blank,pushed,PUSHED,Pushed
"Pandora paused at the door to toss a l _ _ _  over her shoulder. ""Social and political views aside, if you don't help me up with them before Charles comes back, he'll insist on doing it himself. [4 Letters L _ _ _ ]",Fill-in-the-Blank,look,LOOK,Look
"Prentice's face c _ _ _ _ _ d, anguish tore through it because both her husband and son had learned that lesson. [7 Letters C _ _ _ _ _ D]",Fill-in-the-Blank,changed,CHANGED,Changed
By the time the storm had passed it was dead black of night about them and they stood shivering in the starless dark and listened to the water d _ _ _ _ _ _ g in the silence. [8 Letters D _ _ _ _ _ G],Fill-in-the-Blank,dripping,DRIPPING,Dripping
"Let him t _ _ _  the first bullet. But I followed them down into the dark. No one had offered me violence, not really, not yet. So it seemed rude to have a gun naked in my hand, but ... I'd apologize later. [4 Letters T _ _ _ ]",Fill-in-the-Blank,take,TAKE,Take
"She took a deep breath and c _ _ _ _ d her eyes. ""I don't think I can say anything else."" [6 Letters C _ _ _ _ _ D]",Fill-in-the-Blank,closed,CLOSED,Closed
"I do know this is difficult for you. Whoever did this was willing to k _ _ _  you-I'd imagine that murder doesn't bother them much."" [4 Letters K _ _ _ ]",Fill-in-the-Blank,kill,KILL,Kill
"But Jacanda, Beetus and Packa were younger, friendlier and more talkative. As the days passed, even Packa was coming out of her timidity and b _ _ _ _ _ _ g more outgoing. [8 Letters B _ _ _ _ _ G]",Fill-in-the-Blank,becoming,BECOMING,Becoming
"His head pounded in time to the beating of his heart. breath s _ _ _ _ d to rip like shattered glass across a throat made raw from screaming. Blood still trickled sluggishly from his vagina, and he wondered what internal damage had been done. [6 Letters S _ _ _ _ _ D]",Fill-in-the-Blank,seemed,SEEMED,Seemed
"Saranna's hand b _ _ _ _ _ d down my chest, like the dream I had lived through a hundred nights on the Singer ship. [7 Letters B _ _ _ _ _ D]",Fill-in-the-Blank,brushed,BRUSHED,Brushed
"And when there was security work to be d _ _ _ , she tried her best to do it. It was in this capacity that she moved forward now, unsnapping the clasp of her handbag as she did so. It was Gert's traveling office. [4 Letters D _ _ _ ]",Fill-in-the-Blank,done,DONE,Done
"""I can have her protected. I can and will have all of you protected. I n _ _ _  your cooperation. Who did Jake spend time with?"" [4 Letters N _ _ _ ]",Fill-in-the-Blank,need,NEED,Need
"He says to her, 'Tell me-why did you p _ _ _  the role of the Jewess Anne Frank on the stage when you were only nineteen years old?' Eva answers, 'I played the role because I was chosen from ten young actresses. [4 Letters P _ _ _ ]",Fill-in-the-Blank,play,PLAY,Play
John Grady took out his pocketknife and opened it and ran the point of it down the side wall of the hoof. The man had C _ _ _  closer to watch him. He held up the knifeblade. See that? he said. [4 Letters C _ _ _ ],Fill-in-the-Blank,come,COME,Come
"""What the hell do you people w _ _ _ ?"" Web cried out. [4 Letters W _ _ _ ]",Fill-in-the-Blank,want,WANT,Want
"As he started to lower himself again, he stopped suddenly. There was no sound. Most of the sheep might have settled down already and g _ _ _  back to sleep, though it was not likely, but a few were always awake even in the middle of the night, rustling about, bleating now and again. [4 Letters G _ _ _ ]",Fill-in-the-Blank,gone,GONE,Gone
"He gathered her hair away from her face and h _ _ _  it in a tumbled bunch behind her head in one hand while his other went to rest on her lovely, rounded bottom. [4 Letters H _ _ _ ]",Fill-in-the-Blank,held,HELD,Held
"""Nick."" Dorian rubbed the blood from his mouth as his gaze t _ _ _ _ _ _ d up. ""This is a surprise."" It dropped again to the revolver Nick held in his hand. ""Quite a surprise."" [8 Letters T _ _ _ _ _ D]",Fill-in-the-Blank,traveled,TRAVELED,Traveled
"Decker f _ _ _  sick to his stomach about the fate of the DeAngelos. He said, ""You've wasted a lot of time hanging around here. You could be gone from the country. Now it's too late. It's death penalty time for you."" [4 Letters F _ _ _ ]",Fill-in-the-Blank,felt,FELT,Felt
