QUESTION_TEXT,QUESTION_TYPE,OPTION_1,OPTION_2,OPTION_3
"Stepping inside the bedroom, she l _ _ _ _ d back against the door and caught her breath. Tonight, she thought, this would be her room, just as Burke would be-was-her husband. [6 Letters L _ _ _ _ _ D]",Fill-in-the-Blank,leaned,LEANED,Leaned
"I drew in breath, turned my eyes back to the sea and sky and t _ _ _  a sip of wine. [4 Letters T _ _ _ ]",Fill-in-the-Blank,took,TOOK,Took
"The great pale alien seemed to take a moment to consider Ramón's words. Its snout lifted as if it was t _ _ _ _ _ g the air. ""Those are sounds, not words,"" the alien said after a long pause. ""Discordances outside proper flow. [7 Letters T _ _ _ _ _ G]",Fill-in-the-Blank,tasting,TASTING,Tasting
"Suddenly she f _ _ _  ashamed, angry, as if she'd exposed herself. She'd betrayed Race to get Olsen's favor. ""Of course you don't get it, Smart. You're an idiot."" [4 Letters F _ _ _ ]",Fill-in-the-Blank,felt,FELT,Felt
"You have no reason to h _ _ _  me, Elaine said, remembering how a similar argument had made him stop picking at her lock two nights ago. I haven't done anything to you. [4 Letters H _ _ _ ]",Fill-in-the-Blank,hurt,HURT,Hurt
thing was moving inside; a funny c _ _ _ _ _ _ g noise was coming from it. [8 Letters C _ _ _ _ _ G],Fill-in-the-Blank,clicking,CLICKING,Clicking
"After all, someday they would be Isaac's, and he would m _ _ _  his own rules about who could and could not see them. [4 Letters M _ _ _ ]",Fill-in-the-Blank,make,MAKE,Make
"'What is it, Trent?'' Laurie finally asked. It never crossed her mind that Trent wouldn't know. Trent knew everything. So she watched, almost incredulously, as he slowly s _ _ _ k his head. [5 Letters S _ _ _ _ _ K]",Fill-in-the-Blank,shook,SHOOK,Shook
"His eyes s _ _ _ _ d to be bulging right out of his face, and his hair appeared to be standing on end . . . although that might have been an illusion caused by how fast he was running. [6 Letters S _ _ _ _ _ D]",Fill-in-the-Blank,seemed,SEEMED,Seemed
"Daniel Duncan MacGregor They say as a man g _ _ _ s old his memories of years past stay clear as crystal while those of last week fade into the fog. I still remember, like yesterday, the first time I saw my Anna. [5 Letters G _ _ _ _ _ S]",Fill-in-the-Blank,grows,GROWS,Grows
"The lord fingered the ribbon, frowning at the seals. He was an ugly man, big and fleshy, with an oarsman's thick shoulders and no neck. Coarse grey stubble, going white in patches, c _ _ _ _ _ d his cheeks and chin. [7 Letters C _ _ _ _ _ D]",Fill-in-the-Blank,covered,COVERED,Covered
"I also needed a job. Ty might be able to cover me but I wasn't going to let him. He l _ _ _ d his life, did his business, I'd do mine. [5 Letters L _ _ _ _ _ D]",Fill-in-the-Blank,lived,LIVED,Lived
"She h _ _ _ _ d through her teeth and stomped to the door. ""Go away. Go away so I can think. You're crowding my head.'"" [6 Letters H _ _ _ _ _ D]",Fill-in-the-Blank,hissed,HISSED,Hissed
Finally she stopped her bike at the end of a dirt path surrounded by trees. As she was trying to get her bearings she heard something move to her right. When she l _ _ _ _ d that way her heartbeat spiked. [6 Letters L _ _ _ _ _ D],Fill-in-the-Blank,looked,LOOKED,Looked
"Adnan t _ _ _ _ d back to the door and tried the knob; largely protected as it was from the salt air, it turned freely. [6 Letters T _ _ _ _ _ D]",Fill-in-the-Blank,turned,TURNED,Turned
"He l _ _ _  a hand over hers, found it cold, rubbed some warmth into it. ""You have my home and cell numbers, Quinn. Why didn't you call me?"" [4 Letters L _ _ _ ]",Fill-in-the-Blank,laid,LAID,Laid
Things were set up so perfectly that Serov's instincts t _ _ _  him to be on high alert. Now he had an excellent reason not to fall into that trap: the man in the house. He was not the police. [4 Letters T _ _ _ ],Fill-in-the-Blank,told,TOLD,Told
I s _ _ _ _ _ _ _ d to my feet and tried to summon my staff from the Duat. No such luck. [9 Letters S _ _ _ _ _ D],Fill-in-the-Blank,struggled,STRUGGLED,Struggled
"""And tried for Summerset as well."" Mick nodded. ""I see how it is then."" He d _ _ _  a long breath. ""There are two men inside. One in your special security, one in the hotel. Monroe and Billick. The job's set for tomorrow. [4 Letters D _ _ _ ]",Fill-in-the-Blank,drew,DREW,Drew
"Busy with dying, the job almost done, he at first seemed unaware of me. His left eye was nearly swollen shut, the right eye wide and s _ _ _ _ _ g as if at something astonishing that winged across the morning sky. [7 Letters S _ _ _ _ _ G]",Fill-in-the-Blank,staring,STARING,Staring
