QUESTION_TEXT,QUESTION_TYPE,OPTION_1,OPTION_2,OPTION_3
"He jerked his head upright as another thought f _ _ _ _ _ d through his mind like a thunderbolt. ""That's why I was never able to… she crafted me. She slowed my growth. She stunted my talents-and I never knew . . ."" [7 Letters F _ _ _ _ _ D]",Fill-in-the-Blank,flashed,FLASHED,Flashed
"""Eve."" He t _ _ _  her hand then, holding firm when she tried to yank free. ""I'm sorry. Terribly sorry."" [4 Letters T _ _ _ ]",Fill-in-the-Blank,took,TOOK,Took
"He called Goodman and Kerry, but their conversations were brief. There was little to s _ _ , and no optimism whatsoever. [3 Letters S _ _ _ ]",Fill-in-the-Blank,say,SAY,Say
"The third being his father, who had showed in their lives often enough to teach Branch how not to t _ _ _ t a woman, and this not only the lesson of You Shouldn't Take Your Fists to Your Wife, but a shitload more, before he'd disappeared altogether. [5 Letters T _ _ _ _ _ T]",Fill-in-the-Blank,treat,TREAT,Treat
"""I didn't run away,"" I denied. My second lie, I did. ""I just didn't… when he told me that he'd lied about his father and he wanted to reconcile and I knew I didn't, I didn't think there was any reason to s _ _ _ ."" [4 Letters S _ _ _ ]",Fill-in-the-Blank,stay,STAY,Stay
"""We got another twenty minutes,"" he muttered then he lifted his head and his face disappeared in my neck again as his hand s _ _ _  over my behind and pulled my hips into his. [4 Letters S _ _ _ ]",Fill-in-the-Blank,slid,SLID,Slid
"""Honey, keep it down,"" I whispered, my body g _ _ _ _ _ g tight. [7 Letters G _ _ _ _ _ G]",Fill-in-the-Blank,getting,GETTING,Getting
"""I didn't even know there was such a degree,"" I said. ""But get him ready to go, and we'll l _ _ _ e tomorrow about eight-thirty."" [5 Letters L _ _ _ _ _ E]",Fill-in-the-Blank,leave,LEAVE,Leave
"""I miss it, Jake. I'm too young to s _ _  on the porch. Will you support me?"" [3 Letters S _ _ _ ]",Fill-in-the-Blank,sit,SIT,Sit
"It was her decision, she knew. Her choice. Her moment. ""That's not what I want, either."" When he cupped her face in his hands, she c _ _ _ _ d her eyes. ""Cade, I may have done something horrible."" [6 Letters C _ _ _ _ _ D]",Fill-in-the-Blank,closed,CLOSED,Closed
"3, one of the man s _ _ _ _ _ _ d on the floor in his own blood. The next two photos, Exhibits 4 and 5, were of the bedroom and the bodies but from different angles. [8 Letters S _ _ _ _ _ D]",Fill-in-the-Blank,sprawled,SPRAWLED,Sprawled
"Moore rushed back to his car, grabbed his cell phone, and, with a trembling hand, tried to m _ _ _  a call. Then he just stopped himself and leaned back on his car as more security guys swarmed him, with their chief demanding answers. [4 Letters M _ _ _ ]",Fill-in-the-Blank,make,MAKE,Make
He could h _ _ _  more of the green silence than he had in a long time As if the black noise came partly from the river. How can that be? River got no anger against Red man. [4 Letters H _ _ _ ],Fill-in-the-Blank,hear,HEAR,Hear
"""Oh, so now you're feds?"" He l _ _ _ _ d at his men. ""Hey, guys, we got feds in the casino. Call the fucking Orkin man."" [6 Letters L _ _ _ _ _ D]",Fill-in-the-Blank,looked,LOOKED,Looked
"A bead of sweat t _ _ _ _ _ _ d down his face, but he was already lost in a reverie. [8 Letters T _ _ _ _ _ D]",Fill-in-the-Blank,trickled,TRICKLED,Trickled
"The last six months had been dangerous for Milkman, and Guitar had c _ _ _  to his aid over and over again. [4 Letters C _ _ _ ]",Fill-in-the-Blank,come,COME,Come
"He slipped through a doorway, and Eve took the time to s _ _ _ y his living quarters. [5 Letters S _ _ _ _ _ Y]",Fill-in-the-Blank,study,STUDY,Study
"Blackburn remembered immediately noticing that she had a magnificent body. Even through her baggy clothes, he'd been able to t _ _ _ . It was the way she carried herself, he supposed. But he'd always had an eye for that sort of thing. [4 Letters T _ _ _ ]",Fill-in-the-Blank,tell,TELL,Tell
"But Tess had greeted the desk clerk with a friendly smile, c _ _ _ _ d him by name, and chatted easily about how much she and her companion had enjoyed their stay earlier in the season. [6 Letters C _ _ _ _ _ D]",Fill-in-the-Blank,called,CALLED,Called
"He thought about his best friend, papered over the visions of monsters with images of Roy Borden, blocked out the voice of the night with memories of Roy's voice, and shortly before two o'clock he d _ _ _ _ _ d into sleep. But there were nightmares. [7 Letters D _ _ _ _ _ D]",Fill-in-the-Blank,drifted,DRIFTED,Drifted
