QUESTION_TEXT,QUESTION_TYPE,OPTION_1,OPTION_2,OPTION_3
"""I've been checking my E-mail. The offers are starting to pour in on the items we've o _ _ _ _ _ d for sale. There's no time to waste. The deadline is almost upon us."" [7 Letters O _ _ _ _ _ D]",Fill-in-the-Blank,offered,OFFERED,Offered
"He m _ _ _ d into the bedroom to search the closet. Because he, too, had left the door unlocked, he barely had time to react when he heard it open. [5 Letters M _ _ _ _ _ D]",Fill-in-the-Blank,moved,MOVED,Moved
"The smoke b _ _ _ n to curl off his skin, just like in the movies. The part that was still me, still Anita, thought, but that's not right. All the vampires that I'd seen die by sunlight just burst into flames. [5 Letters B _ _ _ _ _ N]",Fill-in-the-Blank,began,BEGAN,Began
"""I'm getting out of here."" Peterson w _ _ _ d his hand in the air and the helicopter's rotors began turning. The reporters and cameramen climbed back into the helicopter or began running for the one in the horse paddock. [5 Letters W _ _ _ _ _ D]",Fill-in-the-Blank,waved,WAVED,Waved
"Hermes s _ _ _ _ d surprised by that. ""You think . . . Luke actually loved me? After all that happened?"" [6 Letters S _ _ _ _ _ D]",Fill-in-the-Blank,seemed,SEEMED,Seemed
"I s _ _ _ _ d my tea. It was growing cold, but at least that I could do something about. I undid the buttons on my right sleeve, exposing my skin to the blue-violet light pulsing from the sky. [6 Letters S _ _ _ _ _ D]",Fill-in-the-Blank,sipped,SIPPED,Sipped
"The moment he e _ _ _ _ s the kitchen, he puts down the bag and says: You've been avoiding me, Corporal. [6 Letters E _ _ _ _ _ S]",Fill-in-the-Blank,enters,ENTERS,Enters
"""What I'm sayin' is, the Club was different back then. You and me, we stay solid, you're brought officially into the fold as an old lady when we let out the news about us, you'll h _ _ _  talk."" [4 Letters H _ _ _ ]",Fill-in-the-Blank,hear,HEAR,Hear
"The refrigerator whirred, the water dripped in the sink, and the raw seconds p _ _ _ _ d. This was the Darker Life, where every truth was written backward. [6 Letters P _ _ _ _ _ D]",Fill-in-the-Blank,passed,PASSED,Passed
"""We all have regrets, probably me more than anyone, when it comes to Alex."" He t _ _ _  his hand away and sat back in his chair. [4 Letters T _ _ _ ]",Fill-in-the-Blank,took,TOOK,Took
"""Information will do."" Eve angled her head. ""Selina treated us to a little demonstration of what she'd c _ _ _  power. It impressed Peabody."" [4 Letters C _ _ _ ]",Fill-in-the-Blank,call,CALL,Call
"Coretti blurted, 'May I, um, b _ _  you a drink?' At moments like these, Coretti was possessed by an agonizingly stiff, schoolmasterish linguistic tic. Um. He winced. Um. [3 Letters B _ _ _ ]",Fill-in-the-Blank,buy,BUY,Buy
"Normally I'd argue that in this godforsaken part of the world no one would notice and it would make little difference to the general ambience, but I gather some people d _ _ _ ."" [4 Letters D _ _ _ ]",Fill-in-the-Blank,died,DIED,Died
"As the trail began to curve to the west, he felt a g _ _ _ _ _ g suspicion that firmed into certainty as it continued to bend. [7 Letters G _ _ _ _ _ G]",Fill-in-the-Blank,growing,GROWING,Growing
"My heart was beating in my throat, but it wasn't fear. He stared at me in the black dress. Face s _ _ _ _ _ _ d clean of makeup, my hair uncombed, and I felt his body react to the sight of me. [8 Letters S _ _ _ _ _ D]",Fill-in-the-Blank,scrubbed,SCRUBBED,Scrubbed
"""I have something for you, sir."" The man h _ _ _ _ d the envelope over. Ryan signed for it and dismissed the messenger. [6 Letters H _ _ _ _ _ D]",Fill-in-the-Blank,handed,HANDED,Handed
"And these are two people who had a constant daily plan for g _ _ _ _ _ g things done. Who used to totally talk."" [7 Letters G _ _ _ _ _ G]",Fill-in-the-Blank,getting,GETTING,Getting
"She wasn't able to r _ _ _ _ t Voltara and slipped into part of the show to see the somewhat weary, glossy-faced woman strapped into a chair that promised to zap her with two thousand volts. [6 Letters R _ _ _ _ _ T]",Fill-in-the-Blank,resist,RESIST,Resist
"He halted at her side, his eyes l _ _ _ _ d to Maverick. [6 Letters L _ _ _ _ _ D]",Fill-in-the-Blank,locked,LOCKED,Locked
"That blank shape, like a white coffin on end, touched off a little flutter of excitement in my stomach and down my right arm. I flexed those fingers. I couldn't see them, but I could feel them opening and c _ _ _ _ _ g. [7 Letters C _ _ _ _ _ G]",Fill-in-the-Blank,closing,CLOSING,Closing
