QUESTION_TEXT,QUESTION_TYPE,OPTION_1,OPTION_2,OPTION_3
"""That's her story."" Sloan g _ _ _  her a quick squeeze. ""Fact is, that horse tossed her right into a barbed-wire fence. She landed on her rump. I don't believe you sat down for six weeks."" [4 Letters G _ _ _ ]",Fill-in-the-Blank,gave,GAVE,Gave
"Pulse p _ _ _ _ _ _ g in his temples, booming. Heart swollen in his chest, so swollen and leaping that it crowded his lungs and made breathing difficult, painful. [8 Letters P _ _ _ _ _ G]",Fill-in-the-Blank,pounding,POUNDING,Pounding
"His eyes n _ _ _ _ _ _ d, and he let out a sound like the hiss of an annoyed serpent. I could feel the gaze of Carina Meer upon me and did not turn to her. My men and hers stood silent. [8 Letters N _ _ _ _ _ D]",Fill-in-the-Blank,narrowed,NARROWED,Narrowed
"The piloting test was to t _ _ _  place about a half hour's flight from Starsight, out in space. The details that Cuna had left indicated the coordinates. [4 Letters T _ _ _ ]",Fill-in-the-Blank,take,TAKE,Take
"It hardly s _ _ _ _ d fair, and I was at sixes and sevens as to what to do. [6 Letters S _ _ _ _ _ D]",Fill-in-the-Blank,seemed,SEEMED,Seemed
"Parker merely s _ _ _ _ d her hands at the wasp on Laurel's tone. ""The bride is firmly against a reproduction of the design she's picked for the actual event. And it's a much smaller deal. [6 Letters S _ _ _ _ _ D]",Fill-in-the-Blank,spread,SPREAD,Spread
"""Then we will contact Helaran,"" Shallan said. ""We will m _ _ _  plans for you to meet him, and you can schedule your flight for a time when Father is away. He is planning another trip to Vedenar a few months from now. [4 Letters M _ _ _ ]",Fill-in-the-Blank,make,MAKE,Make
"The play in the cord that linked her ankles was insufficient to allow her to walk or even shuffle, and when she tried to hop, she lost her balance and f _ _ _ , nearly striking her head on the table beside the armchair, meeting the floor with teeth-jarring impact. [4 Letters F _ _ _ ]",Fill-in-the-Blank,fell,FELL,Fell
"I thought I needed to, and thought if I closed it all the way, I'd f _ _ _  better. I got gratitude. I got anger and tears, everything you expect. And every one of them asked me why. [4 Letters F _ _ _ ]",Fill-in-the-Blank,feel,FEEL,Feel
"It had felt so good to h _ _ _  his flesh between my teeth and not to stop, until I tasted that first blood. [4 Letters H _ _ _ ]",Fill-in-the-Blank,hold,HOLD,Hold
One of the few good things about those difficult days was the fact that it was easy to c _ _ _  by a tasty roast and other rare titbits. [4 Letters C _ _ _ ],Fill-in-the-Blank,come,COME,Come
"I d _ _ _ _ _ d the gun or it was wrenched out of my hand, and we were at each other in what should have been evenly matched combat, but he was stronger, uncannily strong. [7 Letters D _ _ _ _ _ D]",Fill-in-the-Blank,dropped,DROPPED,Dropped
"A cool breeze b _ _ _  across the balcony, rustling the vines, which Ferane had complained were not greening this spring like they should. Egwene returned to shelling walnuts. [4 Letters B _ _ _ ]",Fill-in-the-Blank,blew,BLEW,Blew
Her hand f _ _ _ e in the act of pulling on the handle of the woodshed door. [5 Letters F _ _ _ _ _ E],Fill-in-the-Blank,froze,FROZE,Froze
"There was a moment when Nathaniel l _ _ _ _ d startled, and I think he was going to apologize, but Micah shook his head and put a hand on the back of the other man's neck and leaned in and kissed him back, softly and thoroughly. [6 Letters L _ _ _ _ _ D]",Fill-in-the-Blank,looked,LOOKED,Looked
"""I'm not surprised."" Adjusting the cap over her dark braid, Shanna f _ _ _ _ _ d a smile. ""We about closed the place down last night. That Steve, he sure can dance."" [7 Letters F _ _ _ _ _ D]",Fill-in-the-Blank,flashed,FLASHED,Flashed
"""Hammer ate him. He ran amok, tore up a casino, b _ _ _  the shit out of some rent-a-cops and local police before they cooked him. DOA."" [4 Letters B _ _ _ ]",Fill-in-the-Blank,beat,BEAT,Beat
"""I thought it g _ _  cold at night in the desert."" [3 Letters G _ _ _ ]",Fill-in-the-Blank,got,GOT,Got
"""Mm-hmm."" With that, Jason dismissed her. A laugh b _ _ _ _ _ d in her throat until it ached. Grabbing her coat, Faith escaped. [7 Letters B _ _ _ _ _ D]",Fill-in-the-Blank,bubbled,BUBBLED,Bubbled
"When the chief called my name again, my vision c _ _ _ _ _ d further, and I stared down the muzzle of his pistol, which swelled in dimension until it was the diameter of a cannon barrel. He fired. [7 Letters C _ _ _ _ _ D]",Fill-in-the-Blank,cleared,CLEARED,Cleared
