QUESTION_TEXT,QUESTION_TYPE,OPTION_1,OPTION_2,OPTION_3
Archer took the letter over to Brooks and let him read it. He looked shaken and h _ _ _ _ d the letter back to Archer. [6 Letters H _ _ _ _ _ D],Fill-in-the-Blank,handed,HANDED,Handed
"The front door o _ _ _ _ d, a party of four entered, and Hamal went to greet them. [6 Letters O _ _ _ _ _ D]",Fill-in-the-Blank,opened,OPENED,Opened
The gate s _ _ _ g open and closed again behind his Cayman S as he pulled in. [5 Letters S _ _ _ _ _ G],Fill-in-the-Blank,swung,SWUNG,Swung
"Rueben steeled himself against the scene and hurried after Ansara down a long, sterile-looking hall. Rueben had never been inside the facility, and his pulse b _ _ _ n to mount as Ansara opened the door to what was a small interrogation room where another young man about Rueben's age sat at the table, brooding. [5 Letters B _ _ _ _ _ N]",Fill-in-the-Blank,began,BEGAN,Began
She would think only about the end of this tedious journey. The thought of a hot meal and a cozy bed l _ _ _ _ d her spirits. [6 Letters L _ _ _ _ _ D],Fill-in-the-Blank,lifted,LIFTED,Lifted
"As the flight attendant m _ _ _  his way back to the galley, Aideen stopped him. [4 Letters M _ _ _ ]",Fill-in-the-Blank,made,MADE,Made
"Recently he had sunk into a depression far deeper than any that had come before it, and for several days he had seemed unable and unwilling to c _ _ _  his way out of it. [4 Letters C _ _ _ ]",Fill-in-the-Blank,claw,CLAW,Claw
"""No cards are pathetic if they win."" He took her hand, amused when the fingers went rigid. ""An old southern tradition. Ma'am."" He b _ _ _ _ _ t her hand to his lips, watching her. ""I owe you for Lipsky. Payment's your choice."" [7 Letters B _ _ _ _ _ T]",Fill-in-the-Blank,brought,BROUGHT,Brought
"We're making sounds to comfort ourselves. We're trying to peel skin off a rock. But this, according to Mainwaring, quoting Mohole, is simply what we do to keep from g _ _ _ g mad."" [5 Letters G _ _ _ _ _ G]",Fill-in-the-Blank,going,GOING,Going
"This one ended with the cops drawing their sidearms and then climbing the narrow steps to Mrs Locher's stoop in single file, with Nell in front. He p _ _ _ _ _ d the doorbell, waited, then pressed it again. [7 Letters P _ _ _ _ _ D]",Fill-in-the-Blank,pressed,PRESSED,Pressed
"And just when the poor bastards were g _ _ _ _ _ g hot to hear the detailed descriptions of these obscenities, Bennett coyly stopped. ""It would be an offense to public decency,"" he said, ""to continue my scientific discussion in a hall with ladies present. [7 Letters G _ _ _ _ _ G]",Fill-in-the-Blank,getting,GETTING,Getting
"Jack felt his muscles relax, and was so relieved that he did not ask why he had to w _ _ _  in the car, as he would have at any other time. [4 Letters W _ _ _ ]",Fill-in-the-Blank,wait,WAIT,Wait
"They s _ _  sail once more at dawn, baking quietly in a sudden burst of early summer. [3 Letters S _ _ _ ]",Fill-in-the-Blank,set,SET,Set
"Laughing, Jess s _ _ _ k her head. ""Always down to earth, Mac, that's why I love you."" [5 Letters S _ _ _ _ _ K]",Fill-in-the-Blank,shook,SHOOK,Shook
"I enjoyed this feeling for a second before he took my hand and led me to the bed, then I was back to concentrating on my breasts swelling and my legs t _ _ _ _ _ _ _ g so badly I found it hard to stay upright. [9 Letters T _ _ _ _ _ G]",Fill-in-the-Blank,trembling,TREMBLING,Trembling
"Bobby started to say something that would no doubt have been inane, and then his head e _ _ _ _ _ _ d. [8 Letters E _ _ _ _ _ D]",Fill-in-the-Blank,exploded,EXPLODED,Exploded
"A low growl drew her attention. An enormous dog s _ _ _ d at the open garage door. A mastiff with an apricot-fawn coat, black face, and sooted ears. [5 Letters S _ _ _ _ _ D]",Fill-in-the-Blank,stood,STOOD,Stood
"I followed that hint of energy to find him sitting beside the fireplace, back against the wall, muscular arms h _ _ _ _ _ g his knees to that nice chest, his head bowed over them so that all I could see was the fall of his blond hair with its highlights and lowlights, from nearly white to a deep yellow. [7 Letters H _ _ _ _ _ G]",Fill-in-the-Blank,hugging,HUGGING,Hugging
"When he couldn't do that, when it had been too dangerous to move, hiding under weeds on the bank, watching traffic move on the river road, hearing the ripping thunder of the flak batteries on the hilltops, wondering what some 37mm fire could do to him if some North Vietnamese boy scout stumbled across him and l _ _  his father know. [3 Letters L _ _ _ ]",Fill-in-the-Blank,let,LET,Let
"What little color had come back into her cheeks d _ _ _ _ _ d again. ""The nursery."" [7 Letters D _ _ _ _ _ D]",Fill-in-the-Blank,drained,DRAINED,Drained
