QUESTION_TEXT,QUESTION_TYPE,OPTION_1,OPTION_2,OPTION_3
"""The tonic is potent."" Indeed she now felt clear of mind, and even the echoes of pain were fading from her body. ""T _ _ _ k you for your help. His mother and father would have been too distraught to assist. [5 Letters T _ _ _ _ _ K]",Fill-in-the-Blank,thank,THANK,Thank
"A big plastic table f _ _ _ _ d most of the room and closed doors led off to the bedrooms and the waste cube. A glowing globe sat in the center of the table, sending pink reflections scuttling across the walls as it pulsed. [6 Letters F _ _ _ _ _ D]",Fill-in-the-Blank,filled,FILLED,Filled
"The last was a shout that f _ _ _ _ _ _ d rand through the door. He had to hold onto the sword hilt to keep the scabbard from tangling in his legs as he ran, but he would not take the time to remove it. [8 Letters F _ _ _ _ _ D]",Fill-in-the-Blank,followed,FOLLOWED,Followed
"""It shall be done as you say, Car'a'carn."" a _ _ _ _ _ _ _ g her shawl firmly, the leather-faced Wise One addressed the three sisters. ""Join your friends until I can find someone to hold your hands."" [9 Letters A _ _ _ _ _ G]",Fill-in-the-Blank,adjusting,ADJUSTING,Adjusting
"He didn't n _ _ _  the money after the Sullivan hit. He could've just stayed disappeared. Let the whole thing blow over. After a while they figure he's permanently retired. You don't bother me, I don't bother you."" [4 Letters N _ _ _ ]",Fill-in-the-Blank,need,NEED,Need
"""No, I mean more than that."" He c _ _ _ _ _ d his watch. ""It's still dark outside. You game?"" [7 Letters C _ _ _ _ _ D]",Fill-in-the-Blank,checked,CHECKED,Checked
"""Don't try to c _ _ _ _ e the subject. You broke the rule. I've been collecting marriage rules over the last year."" [6 Letters C _ _ _ _ _ E]",Fill-in-the-Blank,change,CHANGE,Change
"Okha's woman voice might s _ _ _ d calm to his servant, but to me, hearing as Hesserrr heard, there was a hum of tension under his smooth words. ""You think none of them are dangerous, Zander?"" Okha asked. [5 Letters S _ _ _ _ _ D]",Fill-in-the-Blank,sound,SOUND,Sound
"Bashkim's lips pursed. He looked at where Paul's body l _ _ , eyes staring glassily at the sky. Near his head was a pool of blood. All around her were other crumpled bodies. [3 Letters L _ _ _ ]",Fill-in-the-Blank,lay,LAY,Lay
"""He was so busy beating himself up I had a hard time g _ _ _ _ _ g a shot in."" [7 Letters G _ _ _ _ _ G]",Fill-in-the-Blank,getting,GETTING,Getting
"This was the reverse of what the pair normally did. She usually drove the car, like she was piloting a ride at Daytona. And Sean h _ _ _  on for dear life and mumbled his prayers, but without much confidence that they would be answered. [4 Letters H _ _ _ ]",Fill-in-the-Blank,hung,HUNG,Hung
"""The portraits,"" she said. ""She found them personally. She hated the idea of women being left to g _ _ _ _ r dust."" [6 Letters G _ _ _ _ _ R]",Fill-in-the-Blank,gather,GATHER,Gather
"She focused the binoculars once more on the casement window at the front of the house and f _ _ _ d the boy gazing out, as motionless as if he had never raised a hand to the glass. [5 Letters F _ _ _ _ _ D]",Fill-in-the-Blank,found,FOUND,Found
"You know what time it is, chummy - time to do what you should have l _ _  the boy do in the first place. After all, It ain't like you got any investment in this. [3 Letters L _ _ _ ]",Fill-in-the-Blank,let,LET,Let
I d _ _ _ _ d my head and let them in. It felt like they brought sun and fresh air with them. Aniki set aside her flasks and lay down a cloth on my floor. [6 Letters D _ _ _ _ _ D],Fill-in-the-Blank,ducked,DUCKED,Ducked
"Amy looked down and saw this. She smiled grimly at Sinead, who m _ _ _ _ _ d a weak smile back. [7 Letters M _ _ _ _ _ D]",Fill-in-the-Blank,managed,MANAGED,Managed
"""We're getting the fuck back to Highway 50 so fast it'll make your head s _ _ _ ."" He stared at her with horrified perplexity. ""They were there, weren't they? I mean, I didn't just hallucinate em-they were there."" [4 Letters S _ _ _ ]",Fill-in-the-Blank,spin,SPIN,Spin
"""Oh, I got plans for Redman, honey, don't you worry. You just step out of that wagon before I have to p _ _  a bullet in your horses."" [3 Letters P _ _ _ ]",Fill-in-the-Blank,put,PUT,Put
"His skin was tones darker than hers. Had he noticed that before? Had he p _ _ _  enough attention to how like silk she was, or how passion, the gradual, glorious build of it, gave that lovely white skin a flush of rose? [4 Letters P _ _ _ ]",Fill-in-the-Blank,paid,PAID,Paid
"""I did. So? Somebody did the world a favor,"" the officer said lightly. Then he c _ _ _ _ t the look in Kelly's eyes. and his voice became instantly wary. ""Keep talking, Mr. Clark."" [6 Letters C _ _ _ _ _ T]",Fill-in-the-Blank,caught,CAUGHT,Caught
