QUESTION_TEXT,QUESTION_TYPE,OPTION_1,OPTION_2,OPTION_3
"The guards face showed his skepticism of Riggs flattery, but he was listening, and what Rigg said apparently m _ _ _  sense to him. Stay in front of me, said the guard. [4 Letters M _ _ _ ]",Fill-in-the-Blank,made,MADE,Made
"Roy was able to f _ _ _ s his observations so tightly that Eve herself ceased to exist for him, and each sensuous encounter in the large shower stall-with bench and grab bars-was between one perfect body part and its fleshless analogue: erotic geometry, prurient physics, a study in the fluid dynamics of insatiable lust. [5 Letters F _ _ _ _ _ S]",Fill-in-the-Blank,focus,FOCUS,Focus
"""No."" He jerked her forward, covered her mouth with his. She trembled immediately, her body s _ _ _ _ _ _ _ _ g against his, her lips heating. ""But that is."" [10 Letters S _ _ _ _ _ G]",Fill-in-the-Blank,shuddering,SHUDDERING,Shuddering
"the skin was darker, richer, you could almost smell the blood that pumped him full and hard. He looked ripe, like he was something full to b _ _ _ _ _ _ g with life. I wanted to touch him, to squeeze, oh so delicately. [8 Letters B _ _ _ _ _ G]",Fill-in-the-Blank,bursting,BURSTING,Bursting
"""Well now, I don't work cheap."" He s _ _ _  a hand around her waist, danced his fingers up her ribs. [4 Letters S _ _ _ ]",Fill-in-the-Blank,slid,SLID,Slid
"Your husband held Zimmer in his arms and promised him that he would look after them, that he'd see they were all educated, that he would t _ _ _  care of the family. [4 Letters T _ _ _ ]",Fill-in-the-Blank,take,TAKE,Take
Ace g _ _  slowly to his feet. His head throbbed; his tee-shirt hung in ribbons. [3 Letters G _ _ _ ],Fill-in-the-Blank,got,GOT,Got
He curled himself up on the ground and l _ _ _ _ _ _ d to the rain drifting in a rapid patter with the wind across the forest. [8 Letters L _ _ _ _ _ D],Fill-in-the-Blank,listened,LISTENED,Listened
"he said, moving his hips and she couldn't help it, he was still inside her, it felt good and her own hips p _ _ _ _ _ d into his in response. Then his mouth came to hers. ""And this mine,"" [7 Letters P _ _ _ _ _ D]",Fill-in-the-Blank,pressed,PRESSED,Pressed
"""Would you dare match it to mine?"" As a demonstration, Carrick waved a finger, and a bolt of b _ _ _ _ _ _ g white light lanced into the ground in front of Shawn's feet. [8 Letters B _ _ _ _ _ G]",Fill-in-the-Blank,blinding,BLINDING,Blinding
"He entered the apartment, s _ _ _ _ _ _ _ g on lights as he went. In the living room, a well-dressed blonde sprawled on the floor, on her back, the carpet under her dark with blood. [9 Letters S _ _ _ _ _ G]",Fill-in-the-Blank,switching,SWITCHING,Switching
"Seden s _ _ _ _ _ d gears as they climbed a hill. Rodgers watched the bright headlight as it bobbed across the dirt road. Unlike the region they'd just crossed, there were rocks, low scrub, and contours in the terrain. [7 Letters S _ _ _ _ _ D]",Fill-in-the-Blank,shifted,SHIFTED,Shifted
"That worked only until we got to our room. She leaned against me as she pulled off her heels, then r _ _  her hand up the back of my leg, grinning upside down, hair fanning the floor. [3 Letters R _ _ _ ]",Fill-in-the-Blank,ran,RAN,Ran
"""You fellas bring us something purty from Vienna,"" P. J. said with a grin, s _ _ _ _ _ g hands with David and Leif. Both boys bowed and kissed Megan's hand, which only made her feel more conspicuous. [7 Letters S _ _ _ _ _ G]",Fill-in-the-Blank,shaking,SHAKING,Shaking
"Nevertheless, with new panic in her voice, Rebecca shouted at Penny again, and she ran halfway up the steps because she thought maybe the girl couldn't hear her above the wind, and she s _ _ _ _ _ _ d at the top of her voice, ""Don't worry about me! [8 Letters S _ _ _ _ _ D]",Fill-in-the-Blank,screamed,SCREAMED,Screamed
"That I'm you, only smarter and less likable, the better strategist but the weaker commander? That if you fail, if you break, if you get sick and d _ _ , then I'm the one? Is that why I need to know this? [3 Letters D _ _ _ ]",Fill-in-the-Blank,die,DIE,Die
"He could have a _ _ _ d a few questions himself. Such as, What did miners have to do with battles? Or maybe it was only sieges. [5 Letters A _ _ _ _ _ D]",Fill-in-the-Blank,asked,ASKED,Asked
"""That's Dr. MacKade to you,"" she said and chuckled against his lips. ""I'll f _ _ _ _ h the book very soon now."" She turned again, touched a hand to the cool stone that marked a young man's grave. ""And we'll finish the rest, together. [6 Letters F _ _ _ _ _ H]",Fill-in-the-Blank,finish,FINISH,Finish
"""You could be right."" He b _ _ _ _ _ t his mouth back to hers, deepening the kiss until pleasure swam giddily in her head. Now there were sighs, and breathless murmurs, the hard thud of racing hearts. [7 Letters B _ _ _ _ _ T]",Fill-in-the-Blank,brought,BROUGHT,Brought
"I would have put my hands on my hips if my arms weren't full. Instead, I hitched a hip and p _ _  a foot out in Bitch Attitude Stance. [3 Letters P _ _ _ ]",Fill-in-the-Blank,put,PUT,Put
