QUESTION_TEXT,QUESTION_TYPE,OPTION_1,OPTION_2,OPTION_3
"Randall saw that it came away covered in blood and yelped again. Sam hurriedly stuffed the handkerchief into his pocket and his spurious smile r _ _ _ _ _ _ d. ""Well, gentlemen,"" [8 Letters R _ _ _ _ _ D]",Fill-in-the-Blank,returned,RETURNED,Returned
"She had worked so hard to f _ _ _ _ t it. ""I remember during the first year he was back home, he would occasionally ask me if I'd heard from my brother. Of course, I hadn't. [6 Letters F _ _ _ _ _ T]",Fill-in-the-Blank,forget,FORGET,Forget
"The guy was reaching enthusiastically across the seat to open the door for her. When the dome light f _ _ _ _ _ d on I could see him-a fairly big man in an expensive camel's hair coat, graying around the edges of his hat, prosperous features softened by years of good meals. [7 Letters F _ _ _ _ _ D]",Fill-in-the-Blank,flashed,FLASHED,Flashed
"The environment was s _ _ _ _ _ _ _ g clean, and looked organized and neat. It was also surprisingly upscale. Danbury was a country club compared with most prisons. Among inmates around the federal system, it was known as ""the Plaza Hotel."" [9 Letters S _ _ _ _ _ G]",Fill-in-the-Blank,sparkling,SPARKLING,Sparkling
The woman in the midst of the empty littered street slowly swivelled around as she b _ _ _ _ e aware of the boys' progress down the hill. [6 Letters B _ _ _ _ _ E],Fill-in-the-Blank,became,BECAME,Became
"""I w _ _ _ _ d time to think, to explore, to decide what area of medicine would suit me best. My grandfather..."" His voice broke, he looked away. ""He leaves big footprints to fill. He was my mentor, my inspiration."" [6 Letters W _ _ _ _ _ D]",Fill-in-the-Blank,wanted,WANTED,Wanted
"""Joe,"" I whispered, my voice trembling and I could s _ _  no more. [3 Letters S _ _ _ ]",Fill-in-the-Blank,say,SAY,Say
"She pointed to the other hallway. Another pair of glowing red eyes g _ _ _ _ d at us from the shadows. From both hallways came a strange hollow clack, clack, clack, like someone playing bone castanets. [6 Letters G _ _ _ _ _ D]",Fill-in-the-Blank,glared,GLARED,Glared
"All my life, I'd lived in the Rockies and never, not once, did I G _ _  used to their splendor. [3 Letters G _ _ _ ]",Fill-in-the-Blank,get,GET,Get
"I hadn't actually s _ _ _  the video, but news of it was splashed all over the papers, especially the New York Post that was opened on the diner counter in front of me as I gobbled up my fried eggs over easy and a stack of wheat toast. [4 Letters S _ _ _ ]",Fill-in-the-Blank,seen,SEEN,Seen
"He lifted me at the hips and sucked my clit hard and any will I had against what he was doing evaporated. My hips j _ _ _ _ d. Then they started rubbing against his mouth, I couldn't stop it, I didn't try. [6 Letters J _ _ _ _ _ D]",Fill-in-the-Blank,jerked,JERKED,Jerked
"""They think he must've been smoking in bed, f _ _ _  asleep."" [4 Letters F _ _ _ ]",Fill-in-the-Blank,fell,FELL,Fell
to look where he was going would be as much as to admit the wand had no power to f _ _ _ . [4 Letters F _ _ _ ],Fill-in-the-Blank,find,FIND,Find
"In his California driver's-license photo, I r _ _ _ _ _ _ _ _ d the man I had left lying on the beach, although he only slightly resembled something conjured out of a witch's cauldron. His name was Samuel Oliver Whittle. Thirty years old, he had an address in Magic Beach. [10 Letters R _ _ _ _ _ D]",Fill-in-the-Blank,recognized,RECOGNIZED,Recognized
"""Yo!"" Delighted with the assignment, Donnie took the information sheet, adjusted his hat and strode out, ready to u _ _ _ _ d the law. [6 Letters U _ _ _ _ _ D]",Fill-in-the-Blank,uphold,UPHOLD,Uphold
"Just looking at my uncle's smug and unpleasant face m _ _ _  my insides smolder. I thought about the memos he'd exchanged with my father, discussing our pills as if we lived in cages and would die in them, too. [4 Letters M _ _ _ ]",Fill-in-the-Blank,made,MADE,Made
oarke s _ _ _ _ _ d his body to block any possible view from the adjoining duplex when Eve palmed her badge. [7 Letters S _ _ _ _ _ D],Fill-in-the-Blank,shifted,SHIFTED,Shifted
"""Well, we can u _ _  the help,"" said Reiger. ""I assume you've been read in?"" [3 Letters U _ _ _ ]",Fill-in-the-Blank,use,USE,Use
"""I s _ _ _ t some time in jail over a poker game I wasn't quick enough to spot as a sting."" He waited for her to comment on that, but she said nothing. [5 Letters S _ _ _ _ _ T]",Fill-in-the-Blank,spent,SPENT,Spent
He heard the splash of the brail going overboard. The boat rocked and recovered with the boy's standing and Suttree's face dipped in the water. He r _ _ _ _ d his head and shook the water from the glass and bent to look again. [6 Letters R _ _ _ _ _ D],Fill-in-the-Blank,raised,RAISED,Raised
