QUESTION_TEXT,QUESTION_TYPE,OPTION_1,OPTION_2,OPTION_3
"""Not diplomatic,"" Travis said, and u _ _ _  the back of the loveseat to get to his feet. [4 Letters U _ _ _ ]",Fill-in-the-Blank,used,USED,Used
"""I threw it away and never mentioned it to Walt."" She s _ _ _ k her head. ""And I don't know why. It's bothered me ever since."" [5 Letters S _ _ _ _ _ K]",Fill-in-the-Blank,shook,SHOOK,Shook
"He s _ _ _ k his hand in his front jeans pocket, pulled out the keys to the rental, dangled them in front of me for a brief flash then his hand closed around them and he shoved them back into his pocket. [5 Letters S _ _ _ _ _ K]",Fill-in-the-Blank,stuck,STUCK,Stuck
"""What's your life worth, Cindy?"" Sammy said, her eyes darting all around the diner, then back to Cindy. ""Would you sell your life for money you'll never get to spend? That's what I want to tell you. You're w _ _ _ _ _ g your time. [7 Letters W _ _ _ _ _ G]",Fill-in-the-Blank,wasting,WASTING,Wasting
"Her arms s _ _ _ _ _ d around his waist, her mouth tilted toward his. ""As if I could get through anything, survive anything, because I had to wait for you."" [7 Letters S _ _ _ _ _ D]",Fill-in-the-Blank,slipped,SLIPPED,Slipped
"The company had not threatened bankruptcy, a normal ploy in these situations. Clay had studied Hanna's books and felt that it had too many assets and too much pride to consider such a drastic move. He r _ _ _ _ d the dice. [6 Letters R _ _ _ _ _ D]",Fill-in-the-Blank,rolled,ROLLED,Rolled
"The vampire on duty at the door was a sturdy brunette wearing a studded leather collar and a leather bustier, with a tutu (I s _ _ _ r to god) and motorcycle boots. Only the frilly skirt looked out of character. [5 Letters S _ _ _ _ _ R]",Fill-in-the-Blank,swear,SWEAR,Swear
"Foolish weapon for an encounter such as this, and yet he would d _ _ _  blood if he could. The snake whistled as it came, a sky-splitting sound that made thought impossible. He felt stunned by the impact against his ears, his skin. [4 Letters D _ _ _ ]",Fill-in-the-Blank,draw,DRAW,Draw
"To be very frank, I am actually beside myself that you have been walking around all day with a sore throat and not telling your mother. Why did you k _ _ _  this a secret? Alex, polio doesn't know from baseball games. [4 Letters K _ _ _ ]",Fill-in-the-Blank,keep,KEEP,Keep
"""That isn't possible,"" Megan said. ""I'd … I'd sense something like that. I'd feel it. I've f _ _ _  things like that before. Several ghosts. Once, a poltergeist."" [4 Letters F _ _ _ ]",Fill-in-the-Blank,felt,FELT,Felt
"First, I t _ _ _  a breath and counted to ten. Then I asked Bree to start the APB process right away. ""Get it out on WALES, all jurisdictions, and then NCIC at the Bureau as soon as we can."" [4 Letters T _ _ _ ]",Fill-in-the-Blank,took,TOOK,Took
That knowledge made my stomach feel funny and my voice s _ _ _ d lower and kind of raspy when I spoke again. [5 Letters S _ _ _ _ _ D],Fill-in-the-Blank,sound,SOUND,Sound
"I'm good at it, walking in heels, but I m _ _ _  her promise that I could change before I went out into the snow. Spike heels are not made for snow, unless you want to break an ankle. [4 Letters M _ _ _ ]",Fill-in-the-Blank,made,MADE,Made
"The girl l _ _ _ _ d around, and Scylla saw her take in the scene. They were on Rowena, past the strip malls and stores, right on the bank of the reservoir, a place as desolate as the dark side of the moon. [6 Letters L _ _ _ _ _ D]",Fill-in-the-Blank,looked,LOOKED,Looked
"by who were s _ _ _ _ _ g at harry with great interest, and Zabini was [7 Letters S _ _ _ _ _ G]",Fill-in-the-Blank,staring,STARING,Staring
"but today he thought he was seeing what was almost a textbook case of the child n _ _ _ _ _ g the end of life's first great developmental stage; an organism of almost pure curiosity, storing up information madly in almost endless circuits. [7 Letters N _ _ _ _ _ G]",Fill-in-the-Blank,nearing,NEARING,Nearing
"Shawn Conroy's luck had run out in a gorgeously appointed parlor, just off a small, elegant foyer. His blood stained the wild roses climbing over the antique rug. His arms were stretched wide as if in supplication. His palms had been n _ _ _ _ d to the floor. [6 Letters N _ _ _ _ _ D]",Fill-in-the-Blank,nailed,NAILED,Nailed
"I lay there, staring stupidly at her, then heard a gunshot, the sharp, cracking report of a rifle. Murphy threw herself down and rolled toward me. A second shot rang out, and a puff of leaves a foot to Murphy's right l _ _ _ t into the air. [5 Letters L _ _ _ _ _ T]",Fill-in-the-Blank,leapt,LEAPT,Leapt
"The poems had been w _ _ _ _ _ n in french, the book had been printed in France, but the words on the slip of paper that had fallen out of the book were in English. [7 Letters W _ _ _ _ _ N]",Fill-in-the-Blank,written,WRITTEN,Written
"""Duchess,"" Max said to me, sounding exasperated, ""when I'm in England, we gotta get your shit s _ _ _ _ d so you can move here and people'll get used to having you around so maybe they'll back the fuck off so I can spend some fuckin' time with you."" [6 Letters S _ _ _ _ _ D]",Fill-in-the-Blank,sorted,SORTED,Sorted
