QUESTION_TEXT,QUESTION_TYPE,OPTION_1,OPTION_2,OPTION_3
"""Now"" was all he said, all he could say, as he g _ _ _ _ _ d her hips. ""I really did mean to take you out,"" [7 Letters G _ _ _ _ _ D]",Fill-in-the-Blank,gripped,GRIPPED,Gripped
"""Nice locks,"" J.C. said, flipping one of the chains on the door. ""Thick wood, three deadbolts. Unless I m _ _ _  my guess . . ."" He poked at what appeared to be a letter box mounted on the wall by the door. [4 Letters M _ _ _ ]",Fill-in-the-Blank,miss,MISS,Miss
"As the motor vibrations steadied to a faint pulse, Cédric lifted off the seabed in underwater flight, his body remaining in an upright position. Marius swept along behind and to port, careful to s _ _ _  wide of his backwash. [4 Letters S _ _ _ ]",Fill-in-the-Blank,stay,STAY,Stay
"By the time I p _ _ _ _ d my way through the students Tommy and another boy were on the ground fighting. I pulled them apart, made sure the other kid was okay, and then brought Tommy directly here, sir."" [6 Letters P _ _ _ _ _ D]",Fill-in-the-Blank,pushed,PUSHED,Pushed
"I supposed, being the president of a motorcycle club, having your finger on the pulse of absolutely everything and being able to r _ _ _  people and figure them out was a good thing. [4 Letters R _ _ _ ]",Fill-in-the-Blank,read,READ,Read
"Shaking his head, he went back to studying the forest. Aiel or not, they were all alike in some ways. If the world is ending, a woman will want time to f _ _  her hair. [3 Letters F _ _ _ ]",Fill-in-the-Blank,fix,FIX,Fix
"He managed a strangled laugh. She could, at the oddest times, surprise him. ""And I try my very best to earn the name. In any case, I've got some business I can t _ _ _  care of. [4 Letters T _ _ _ ]",Fill-in-the-Blank,take,TAKE,Take
"She g _ _ _  solemn at once, realizing that they had reached a most serious point in their relationship. She was even more beautiful when somber than when laughing. [4 Letters G _ _ _ ]",Fill-in-the-Blank,grew,GREW,Grew
"Rachel only s _ _ _ k her head. She could not explain to her mother why she had to go back. The feeling had risen in her the way a wind rises-an early stirring of the grasses, hardly noticed; [5 Letters S _ _ _ _ _ K]",Fill-in-the-Blank,shook,SHOOK,Shook
"Kaladin smiled, though he found mirth unnatural while w _ _ _ _ _ _ g men die. He had been trained too long by his father for any death to leave him unmoved. ""Perhaps. But, then, why do they fight for the gemhearts? [8 Letters W _ _ _ _ _ G]",Fill-in-the-Blank,watching,WATCHING,Watching
I stared and f _ _ _  my throat close as if in slow motion. [4 Letters F _ _ _ ],Fill-in-the-Blank,felt,FELT,Felt
"She l _ _  out a quick breath and scowled. ""All right, damn it. I had an uncle. My father's brother. He was a bit odd. Kept himself to himself, but he took a liking to me. We used to take walks together. And we would talk."" [3 Letters L _ _ _ ]",Fill-in-the-Blank,let,LET,Let
"""Luther, it's Mitch Underwood,"" came a booming voice, the sound of which made Luther want to s _ _ _ k his head in the oven. [5 Letters S _ _ _ _ _ K]",Fill-in-the-Blank,stick,STICK,Stick
"And I've never gone up against a lawyer like Goode."" He p _ _  his glasses back on, seeing clearly for perhaps the first time all day. ""And I wouldn't want to promise you something I can't deliver."" [3 Letters P _ _ _ ]",Fill-in-the-Blank,put,PUT,Put
"The sun had full claim when they came together, so that the light s _ _ _ _ _ _ d without mercy. Saying little, they dressed, then drove back to town. [8 Letters S _ _ _ _ _ D]",Fill-in-the-Blank,streamed,STREAMED,Streamed
"They talked all night. It was epic. I slept through a lot of the last part, and more than a little, because g _ _ _ _ _ g a little hope can make you realize just how tired you've been up until then. [7 Letters G _ _ _ _ _ G]",Fill-in-the-Blank,getting,GETTING,Getting
"Official word is he d _ _ _  of a heart attack, and was beyond resuscitation by the time medical aid arrived."" [4 Letters D _ _ _ ]",Fill-in-the-Blank,died,DIED,Died
"After he m _ _ _  his report, he flipped Suzanne's phone closed and looked down at Abby. ""The police are coming. Suzanne is getting Honor's car so she can take you back to the castle."" [4 Letters M _ _ _ ]",Fill-in-the-Blank,made,MADE,Made
"""Yes, but I'm e _ _ _ _ _ _ g the attention."" He grinned up at me. [8 Letters E _ _ _ _ _ G]",Fill-in-the-Blank,enjoying,ENJOYING,Enjoying
"Her heated thoughts of seducing him spun away as he d _ _ _ _ _ d her head back and plundered her mouth. Her hands, so confident an instant before, faltered, then fisted hard at the back of his shirt. [7 Letters D _ _ _ _ _ D]",Fill-in-the-Blank,dragged,DRAGGED,Dragged
