QUESTION_TEXT,QUESTION_TYPE,OPTION_1,OPTION_2,OPTION_3
Hiram hesitated for a moment and then continued to p _ _ _  her close. [4 Letters P _ _ _ ],Fill-in-the-Blank,pull,PULL,Pull
"Satisfied, she t _ _ _ _ d the covers back. And let out a muffled squeal. She was stark naked. [6 Letters T _ _ _ _ _ D]",Fill-in-the-Blank,tossed,TOSSED,Tossed
"""They changed the code every ten days, so there had to be a way to p _ _ _  that on. We pick at Ava at the same time. [4 Letters P _ _ _ ]",Fill-in-the-Blank,pass,PASS,Pass
"The light s _ _ _ e on you to let me find you still in one piece, and it will have to shine twice as brightly to keep you from harm if you try haring off across Ghealdan. [5 Letters S _ _ _ _ _ E]",Fill-in-the-Blank,shone,SHONE,Shone
"I f _ _ _  a little like a traitor to him when I said, ""Sir, Jacob remembers when you visited him in the hospital and urged his mother to let his infection run its course untreated."" [4 Letters F _ _ _ ]",Fill-in-the-Blank,felt,FELT,Felt
"""Furs said it would t _ _ _  a few days for the press to really get going, Evan,"" Gregg answered. ""Let's give it that chance. And we're not done yet ourselves, remember."" [4 Letters T _ _ _ ]",Fill-in-the-Blank,take,TAKE,Take
"""I see this now,"" Frey said softly, and it didn't take a cop who could r _ _ _  people to read he was kicking his own ass for not seeing any of this earlier. [4 Letters R _ _ _ ]",Fill-in-the-Blank,read,READ,Read
"I could not repair the main cells. However, when in contact with the potentium node, the wand was able to d _ _ _ _ t a second, but very faint, whisper of power. It lies in this direction. [6 Letters D _ _ _ _ _ T]",Fill-in-the-Blank,detect,DETECT,Detect
"He turned his hand over, e _ _ _ _ _ _ d his nails critically. ""Who says I'm interested in her? She still seeing Monroe, or what?"" [8 Letters E _ _ _ _ _ D]",Fill-in-the-Blank,examined,EXAMINED,Examined
"With an enormous crack a thin bolt of lightning h _ _  a tree on a small island as they flashed by. The oak exploded, sending charred wood sailing into the water. The accompanying clap of thunder was far louder even than the Mercs. [3 Letters H _ _ _ ]",Fill-in-the-Blank,hit,HIT,Hit
"Aware of the damp line running down his back, he rose. His voice t _ _ _ d for outrage but ended on fear. ""I believe I'll contact my attorney after all, Lieutenant. And your superior. Is it standard police procedure to harass innocent people in their own homes?"" [5 Letters T _ _ _ _ _ D]",Fill-in-the-Blank,tried,TRIED,Tried
"I disconnected, filled in Creed and suddenly, he pulled into a parking lot, drove to a section far away from the store without any cars around, s _ _ _ _ _ d the truck and switched off the ignition. [7 Letters S _ _ _ _ _ D]",Fill-in-the-Blank,stopped,STOPPED,Stopped
"Because I feared that scrutinizing me in my molded-plastic student chair there might well be a surveillant even more alien than Pipik, lethally indifferent to my every need, to whom my name and my face could not have m _ _ _ t less, I discovered myself desperate to hear the voice of Moishe Pipik echoing mine. [5 Letters M _ _ _ _ _ T]",Fill-in-the-Blank,meant,MEANT,Meant
"Even so, Colt g _ _ _  me a look that said he understood I wanted it to say more and he understood what I wanted it to say. [4 Letters G _ _ _ ]",Fill-in-the-Blank,gave,GAVE,Gave
"The small, delicate shape fluttered in the air before coming to rest inside the cave. It leaned against one wall and crossed its arms and c _ _ _ _ d its head and looked at Gorel of Goliris. [6 Letters C _ _ _ _ _ D]",Fill-in-the-Blank,cocked,COCKED,Cocked
"Well, she had g _ _ _  wrong. She had slipped off to one side or the other. Otherwise she would have reached the mainland by now. [4 Letters G _ _ _ ]",Fill-in-the-Blank,gone,GONE,Gone
"""Next year will be better,"" he said, the phrase comforting but without any root meaning. ""Go inside before you c _ _ _ h pneumonia."" [5 Letters C _ _ _ _ _ H]",Fill-in-the-Blank,catch,CATCH,Catch
"I watched Floyd's antics and only I could hear my laughter over the music. My eyes moved to Hugo who was doing a weird, super fly black man dancing to rock 'n' rol dance, shoulder's moving up and down, hands tucked tight to his chest, head b _ _ _ _ _ g, feet moving around in a wide square. [7 Letters B _ _ _ _ _ G]",Fill-in-the-Blank,bobbing,BOBBING,Bobbing
"""Sookie,"" he said. ""I didn't call because I wanted to tell you in person what has happened."" I couldn't read the expression on his face. If I'd had to take a shot, I would've said he l _ _ _ _ d proud of himself. [6 Letters L _ _ _ _ _ D]",Fill-in-the-Blank,looked,LOOKED,Looked
"Two minutes later, it stopped as suddenly as it started, but Nathaniel was already s _ _ _ _ d to the skin. [6 Letters S _ _ _ _ _ D]",Fill-in-the-Blank,soaked,SOAKED,Soaked
