QUESTION_TEXT,QUESTION_TYPE,OPTION_1,OPTION_2,OPTION_3
"He t _ _ _ _ _ d her face, gently. There were bruises on it that he felt throb in his own. ""He's never going to hurt you again. I'll go in and relieve Ripley at dawn, and contact the prosecutor's office on the mainland. [7 Letters T _ _ _ _ _ D]",Fill-in-the-Blank,touched,TOUCHED,Touched
"Well, I didn't cut the section from the pamphlet as he had suggested, but I had mixed results with the method-that was the best one could s _ _ . There were women who used it with great success. [3 Letters S _ _ _ ]",Fill-in-the-Blank,say,SAY,Say
"""Yeah."" Caine l _ _ _ _ _ d his lips to within a whisper of hers, then hesitated. He heard her quiet shudder of breath before she banished the distance. [7 Letters L _ _ _ _ _ D]",Fill-in-the-Blank,lowered,LOWERED,Lowered
"She o _ _ _ _ d her purse, took out the ATM card, gazed down at it for a moment, then pushed it through the flap on top of the barrel. [6 Letters O _ _ _ _ _ D]",Fill-in-the-Blank,opened,OPENED,Opened
"""At any rate, you never a _ _ _ _ _ _ d my question. Is your new book about the Marsten House?"" [8 Letters A _ _ _ _ _ D]",Fill-in-the-Blank,answered,ANSWERED,Answered
"My heart s _ _ _ _ _ d to pound inside that vacuum, one hard hammer strike after the next, with a ringing that was only inside my own head and was the sudden and vicious pulse of blood. The pulse of fear. [7 Letters S _ _ _ _ _ D]",Fill-in-the-Blank,started,STARTED,Started
"I snuggled closer. Tack's arm around my waist tightened unconsciously before it went loose again and a second later, I f _ _ _  back to sleep. [4 Letters F _ _ _ ]",Fill-in-the-Blank,fell,FELL,Fell
"His eyes were so dark, and this time the caution in them m _ _ _  her smile. ""All along? From the beginning?"" [4 Letters M _ _ _ ]",Fill-in-the-Blank,made,MADE,Made
"A faint smile on her lips, she turned with a grace that still surprised him in a woman so large and lightly c _ _ _ _ _ d the steps into his wagon. [7 Letters C _ _ _ _ _ D]",Fill-in-the-Blank,climbed,CLIMBED,Climbed
"""Sixteen-year-old daughter of a decorated cop, one who recently earned his captain's bars. Rape-murder, in her home. Her parents f _ _ _ d the body this morning when they returned from a weekend holiday."" [5 Letters F _ _ _ _ _ D]",Fill-in-the-Blank,found,FOUND,Found
"I will g _ _ _  you time to prepare your thoughts-however, the men who will be guarding you have orders to kill you if it ever looks like you are putting something unapproved into your mouth."" [4 Letters G _ _ _ ]",Fill-in-the-Blank,give,GIVE,Give
A zombie landed on the gravel near us in a crouch and turned toward me. Its dead eyes r _ _ _ _ _ _ d me without passion or thought as it formed a fist and drove it at my head. [8 Letters R _ _ _ _ _ D],Fill-in-the-Blank,regarded,REGARDED,Regarded
"Sandy was sitting very straight in his chair, staring at her. He could f _ _ _  his heart pounding in his chest. The silence and the tension were palpable. He opened his mouth to reply, hesitated, fell silent, and looked away. [4 Letters F _ _ _ ]",Fill-in-the-Blank,feel,FEEL,Feel
"His heart leaped up in his throat like a crazy jack-in-the-box. Moving fast, eyes b _ _ _ _ _ g, teeth clamped unfeelingly on his tongue, he kicked the covers all the way back. The foot of the bed was littered with needles. The sheets were mucky and dirty. [7 Letters B _ _ _ _ _ G]",Fill-in-the-Blank,bulging,BULGING,Bulging
"He saw Marasi and grinned, drinking a cup of the couple's wine before bidding them farewell. The train hit a sharp bump, causing plates to rattle on tables as Wayne s _ _ _  into the seat across from Marasi, his face full of grin. [4 Letters S _ _ _ ]",Fill-in-the-Blank,slid,SLID,Slid
"Well, that was a kick in the gut, almost near to what the over-under shotgun could have provided. He walked back to the main road and l _ _ _ _ d around. He didn't see a vehicle light in either direction. [6 Letters L _ _ _ _ _ D]",Fill-in-the-Blank,looked,LOOKED,Looked
"Micah and I followed them. Micah had us drop back enough to whisper, ""You're having trouble c _ _ _ _ _ _ _ _ _ g your power tonight, aren't you?"" [11 Letters C _ _ _ _ _ G]",Fill-in-the-Blank,controlling,CONTROLLING,Controlling
"""At least it isn't the Grand Hall."" Gawyn laughed unsteadily. ""I never heard that Mother commanded anyone's head c _ _  off from here."" He sounded as if he thought she might set a precedent. [3 Letters C _ _ _ ]",Fill-in-the-Blank,cut,CUT,Cut
"Any technology, such as the smart-gun stuff, that added an extra possibility of failure to a pistol when it was in your hand and when you needed it to s _ _ _  your life? Well, that was a bad idea. [4 Letters S _ _ _ ]",Fill-in-the-Blank,save,SAVE,Save
"Some were young; Brigham s _ _  the future in their eager faces, in the way they laughed and looked at the Prince, who wore the dress of the Highlands and had fastened a white cockade, the symbol of his house, on his blue bonnet. [3 Letters S _ _ _ ]",Fill-in-the-Blank,saw,SAW,Saw
