QUESTION_TEXT,QUESTION_TYPE,OPTION_1,OPTION_2,OPTION_3
"""Then I'll be ready."" He l _ _  the horse out, and stood meekly at its head while Owen berated him. [3 Letters L _ _ _ ]",Fill-in-the-Blank,led,LED,Led
"My body hurt, but the rest of me was oddly numb. Maybe I'd finally c _ _ _ _ _ d that line that Edward seemed to live behind. Maybe I'd never really feel anything again. [7 Letters C _ _ _ _ _ D]",Fill-in-the-Blank,crossed,CROSSED,Crossed
"""I will hold him."" Serena leaned over Brigham's body, as if to shield him. ""And God help you if the knife slips."" They built a fire and turned a blade in it until the tip g _ _ _ _ d red. [6 Letters G _ _ _ _ _ D]",Fill-in-the-Blank,glowed,GLOWED,Glowed
"I g _ _  in the car, closed the door, and said, ""I was almost trampled by an elephant once."" [3 Letters G _ _ _ ]",Fill-in-the-Blank,got,GOT,Got
"Danny Dew b _ _ _ _ _ d his belt and pulled up his fly, struggled into his shirt which stuck to his sweat-slicked chest. ""That's why I wish other people would start using their heads, like me,"" he told Kelly. [7 Letters B _ _ _ _ _ D]",Fill-in-the-Blank,buckled,BUCKLED,Buckled
"He chafed at the restraint. ""Let me sit in. I'll keep my mouth s _ _ _ ."" [4 Letters S _ _ _ ]",Fill-in-the-Blank,shut,SHUT,Shut
"Now, sitting quietly on the sofa, she realized she had already begun to give up her privacy, willingly and with total unawareness. t _ _ _ _ _ g her head, she studied Parks's profile. [7 Letters T _ _ _ _ _ G]",Fill-in-the-Blank,turning,TURNING,Turning
But she didn't get to finish the thought because there were murmurs from the crowd. Everyone was looking up. We f _ _ _ _ _ _ d suit and watched pinpricks of light appear and flash like brilliant diamonds in the night sky. [8 Letters F _ _ _ _ _ D],Fill-in-the-Blank,followed,FOLLOWED,Followed
A young black man w _ _ _ _ _ g a green windbreaker and red cap met him at the fence. [7 Letters W _ _ _ _ _ G],Fill-in-the-Blank,wearing,WEARING,Wearing
The nape of his neck came to rest against the board fronting the far side of the hole in the top of the crate. He looked like a man resting in some weird Zen position of contemplation. His dead eyes s _ _ _ _ _ _ d. [8 Letters S _ _ _ _ _ D],Fill-in-the-Blank,sparkled,SPARKLED,Sparkled
"Then without another word or allowing Dempsey to utter one, he stepped back and started to s _ _ _  the door but Dempsey's hand shot out and caught it. [4 Letters S _ _ _ ]",Fill-in-the-Blank,slam,SLAM,Slam
"Early on, he had called in Jacy Hubbard, his million-dollar mouthpiece who still p _ _ _ _ d golf once a week with the President and went barhopping with big shots on Capitol Hill. [6 Letters P _ _ _ _ _ D]",Fill-in-the-Blank,played,PLAYED,Played
"With Petra and Delph on either side of me, I kicked off and we l _ _ _ _ d into the air right as footfalls sounded nearby and we heard the voice. It was low and menacing. [6 Letters L _ _ _ _ _ D]",Fill-in-the-Blank,lifted,LIFTED,Lifted
A thick knot f _ _ _ _ d in front of da Vinci's most famous painting; the crowd was a permanent feature of the room. [6 Letters F _ _ _ _ _ D],Fill-in-the-Blank,formed,FORMED,Formed
"Jacques sat back and brushed off the lapels of his black leather coat, glaring at Lamar, who r _ _ _ _ d his shoulders and slung a possessive arm around her. [6 Letters R _ _ _ _ _ D]",Fill-in-the-Blank,rolled,ROLLED,Rolled
"He prodded its hip with his foot. The horse g _ _ _  a little jump. Elaine made a very unladylike squeak. ""Blaine Claim! What the blazes do you think you're doing?"" [4 Letters G _ _ _ ]",Fill-in-the-Blank,gave,GAVE,Gave
"""I think a chance at bagging Cortez is worth it, and I might be able to h _ _ _  with the extraction of those kids up in the mountains. [4 Letters H _ _ _ ]",Fill-in-the-Blank,help,HELP,Help
"I c _ _ _ _ d the house and Mrs. Ruffin answered the phone. I explained who I was and what I wanted, and she seemed to know everything about me. [6 Letters C _ _ _ _ _ D]",Fill-in-the-Blank,called,CALLED,Called
"Then he leaned in, touched his mouth to mine, p _ _ _ _ d back an inch and said softly, ""Shower. Calls. Then we'll figure out what's next."" [6 Letters P _ _ _ _ _ D]",Fill-in-the-Blank,pulled,PULLED,Pulled
"She had no family but wrote to some friends in Big Springs, Iowa, and one of them got her a job in a bakery. We lived here until 1977 when she was k _ _ _ _ d in an accident. [6 Letters K _ _ _ _ _ D]",Fill-in-the-Blank,killed,KILLED,Killed
