QUESTION_TEXT,QUESTION_TYPE,OPTION_1,OPTION_2,OPTION_3
"""You're right."" She scooted her chair closer to his so that her dark sweep of hair b _ _ _ _ _ d his cheek. ""You know when they have that stuff on like A Current Affair or Unsolved Mysteries! [7 Letters B _ _ _ _ _ D]",Fill-in-the-Blank,brushed,BRUSHED,Brushed
"The guards screamed as they fell. Kelsier t _ _ _ w open the balcony doors, letting a wall of mist fall inward around him, its tendrils creeping forward to claim the darkened room beyond. [5 Letters T _ _ _ _ _ W]",Fill-in-the-Blank,threw,THREW,Threw
"The floor s _ _ _ _ d to drop out from under her like she was in a high-speed elevator. ""No,"" she said. ""Don't even kid around about it."" What would Hannah have thought? [6 Letters S _ _ _ _ _ D]",Fill-in-the-Blank,seemed,SEEMED,Seemed
She f _ _ _  much as she had when she had seen the red car coming up Westmoreland Street toward her and thought it was Norman's Sentra. [4 Letters F _ _ _ ],Fill-in-the-Blank,felt,FELT,Felt
Aideen covered her open ear with her palm. The Jeep was m _ _ _ _ g a lot of noise as it slammed across the uneven terrain. She wanted to make sure she heard that correctly. [6 Letters M _ _ _ _ _ G],Fill-in-the-Blank,making,MAKING,Making
"""He h _ _ _ d a whisper on the wind, a rustling amongst the leaves. You cannot speak to him, try as you might. I know. I have my own ghosts, Bran. [5 Letters H _ _ _ _ _ D]",Fill-in-the-Blank,heard,HEARD,Heard
"And he w _ _ _ _ d more. His fingers slid down, over the thin barrier of cotton, under it to the heat. Her whimpers became moans, and moans became quick, mindless gasps. When she erupted beneath him, he pressed his face to her belly and shuddered with her. [6 Letters W _ _ _ _ _ D]",Fill-in-the-Blank,wanted,WANTED,Wanted
"I p _ _ _ _ d up the phone. In the squad room, Jacobi picked up as well. ""Boxer,"" I said.... Anything to keep him on the goddamn line. [6 Letters P _ _ _ _ _ D]",Fill-in-the-Blank,picked,PICKED,Picked
"As the lineless hand stroked, he felt strength flowing back into him. He looked up at the newcomer with dumb gratitude, lips q _ _ _ _ _ _ _ g. [9 Letters Q _ _ _ _ _ G]",Fill-in-the-Blank,quivering,QUIVERING,Quivering
"Then I slid down the door, ass to the floor, knees p _ _ _ _ _ d to the ceiling, hands on my knees and I stared into space, forcing my mind blank, tel ing myself I could do this and tomorrow it would be over and my life would be back to normal. [7 Letters P _ _ _ _ _ D]",Fill-in-the-Blank,pointed,POINTED,Pointed
"""Saw your car p _ _ _ _ d outside. I don't know what to think about this, Ignatious. I can't put two thoughts together about it."" [6 Letters P _ _ _ _ _ D]",Fill-in-the-Blank,parked,PARKED,Parked
We did the whole backpack whirl thing again and then he grabbed my hand and w _ _ _ _ d me to the house. Al this was done in silence. [6 Letters W _ _ _ _ _ D],Fill-in-the-Blank,walked,WALKED,Walked
"""And I love mine."" He t _ _ _  her hand, weighed it in his. ""I can't begin to explain what we went through when we thought Cal was dead. [4 Letters T _ _ _ ]",Fill-in-the-Blank,took,TOOK,Took
"""Ethan Quinn's not a man who'll l _ _  his wife wear herself to the bone working two jobs. That's the kind of man you should have been looking at all along. Honest, dependable."" [3 Letters L _ _ _ ]",Fill-in-the-Blank,let,LET,Let
"Hadi d _ _ _ e past it and continued north for another mile before reaching his turnoff, a two-lane asphalt road heading due east. [5 Letters D _ _ _ _ _ E]",Fill-in-the-Blank,drove,DROVE,Drove
"""So this""-Dominic c _ _ _ _ d the folder and passed it back to his host-""is a hunting license, with no bag limit and an open season."" [6 Letters C _ _ _ _ _ D]",Fill-in-the-Blank,closed,CLOSED,Closed
"I think I would have even kept it beyond that, if it weren't for the way things t _ _ _ _ d out. [6 Letters T _ _ _ _ _ D]",Fill-in-the-Blank,turned,TURNED,Turned
"Connor whistled, taking in the collection from where he h _ _ _  the door shut. ""Jesus. This isn't just the last unicorn; this is all the unicorns. Creepy."" [4 Letters H _ _ _ ]",Fill-in-the-Blank,held,HELD,Held
"King Aenys knew these rebels had to be put down, but seemed unable to d _ _ _ _ e where to begin. Grand Maester Gawen wrote that the king seemed unable to comprehend why this was happening. The smallfolk loved him, did they not? [6 Letters D _ _ _ _ _ E]",Fill-in-the-Blank,decide,DECIDE,Decide
"Stew still pulled a gun out of his jeans and drilled a round in the prone man's thigh. The guy c _ _ _ d out in agony and curled into himself deeper, cradling his thigh. [5 Letters C _ _ _ _ _ D]",Fill-in-the-Blank,cried,CRIED,Cried
