QUESTION_TEXT,QUESTION_TYPE,OPTION_1,OPTION_2,OPTION_3
They reached an intersection where several of Chubain's guards stood watch down one of the halls. They had swords at their sides and wore white tabards emblazoned with the Flame of Tar Valon. one h _ _ _  up a hand. [4 Letters H _ _ _ ],Fill-in-the-Blank,held,HELD,Held
"I made mental good-byes and said some quiet I-love-yous to my folks. While I was doing that, I saw an opportunistic target. Five 'Cong m _ _ _ d into position about two hundred yards away. They did not see me. [5 Letters M _ _ _ _ _ D]",Fill-in-the-Blank,moved,MOVED,Moved
"On another level, Abra listened to Lucy's nagging worry that she had somehow failed her grandmother, and to the truth of Momo's condition: frightened, addled, r _ _ _ _ d with pain. [6 Letters R _ _ _ _ _ D]",Fill-in-the-Blank,racked,RACKED,Racked
"The news that Janey g _ _  hold of she spread among the other coloredwomen. Sethe's dead daughter, the one whose throat she cut, had come back to fix her. Sethe was worn down, speckled, dying, spinning, changing shapes and generally bedeviled. [3 Letters G _ _ _ ]",Fill-in-the-Blank,got,GOT,Got
"fingers on his jeans. She r _ _ _ _ d her wand and said, ""Accio Locket!"" [6 Letters R _ _ _ _ _ D]",Fill-in-the-Blank,raised,RAISED,Raised
"Using another key from the key ring, Sidney opened the heavy double doors and viewed the contents of the cabinet: An impressive array of shotguns and pistols l _ _ _ _ d in front of her. She settled on a Winchester 1300 Defender. [6 Letters L _ _ _ _ _ D]",Fill-in-the-Blank,loomed,LOOMED,Loomed
"He turned his head and g _ _ _ d out the window onto Main Street, although there was nothing to see from in here. From in here it was all dark. [5 Letters G _ _ _ _ _ D]",Fill-in-the-Blank,gazed,GAZED,Gazed
"So, our guys will be able to d _ _ _ _ t something, but it will be different. They're going to have to get used to a wholly new acoustical signature. [6 Letters D _ _ _ _ _ T]",Fill-in-the-Blank,detect,DETECT,Detect
"When I said ""those of us who r _ _ _ _ n hidden,"" I should instead have said ""I who am hidden."" As far as I was aware, no other like me existed in that metropolis. I had lived alone for a long time. [6 Letters R _ _ _ _ _ N]",Fill-in-the-Blank,remain,REMAIN,Remain
"It was not yet completely dark. I bravely c _ _ _ _ _ d the stairs and found myself before the frightened faces of Frida and Frau Pilz, who motioned me to be silent and pointed to the newly built partition. [7 Letters C _ _ _ _ _ D]",Fill-in-the-Blank,climbed,CLIMBED,Climbed
"""No,"" Jushu said, r _ _ _ _ _ g his hand through his hair. ""But I heard. Balat has been starting fires again. Nearly burned down the storming servants' building."" Jushu pushed past her, then stumbled, grabbing the bannister to keep from falling. [7 Letters R _ _ _ _ _ G]",Fill-in-the-Blank,running,RUNNING,Running
"Ordering the canvas wall erected in the clearing, near to the river to make watering the animals easier, the man strutted into the village wearing coat and cloak red enough to make Mat's eyes h _ _ _  and so embroidered with golden stars and comets that a Tinker would have wept for the shame of donning the garments. [4 Letters H _ _ _ ]",Fill-in-the-Blank,hurt,HURT,Hurt
"""Maybe,"" Perrin muttered irritably. He tried not to worry about Rand's sanity, but Rand made Perrin at his most suspicious look like a child skipping in a meadow. How much did Rand trust even him? Rand k _ _ _  things back, had plans he never let on. [4 Letters K _ _ _ ]",Fill-in-the-Blank,kept,KEPT,Kept
"Nicole took one look at the mound and c _ _ _ _ _ d her throat, impressed. ""What is that?"" [7 Letters C _ _ _ _ _ D]",Fill-in-the-Blank,cleared,CLEARED,Cleared
"""I don't have a clue. But just a for instance, who'll remember to say, 'No more fizzies'? What if I w _ _ _  one? Or no pizza for dinner again, when come on, why the hell not? [4 Letters W _ _ _ ]",Fill-in-the-Blank,want,WANT,Want
"Letting her head f _ _ _  back, Roz laughed herself breathless. ""Oh, she would. I can just hear it. Well, she can balderdash all she likes, but she's lying. [4 Letters F _ _ _ ]",Fill-in-the-Blank,fall,FALL,Fall
He didn't want her to die. He hoped she didn't have to die. He wished with all of his heart and mind that she would give up on this case. Let the killing be done. She shouldn't f _ _ _  responsible. [4 Letters F _ _ _ ],Fill-in-the-Blank,feel,FEEL,Feel
"I s _ _ _ _ d my hands. ""It wouldn't be the first time. Maybe you could set me straight?"" [6 Letters S _ _ _ _ _ D]",Fill-in-the-Blank,spread,SPREAD,Spread
"I've heard tales of the Red King's madness and that the Dan-Tete has come to t _ _ _  his place, and all I can say is 'I'll believe it when I see it. [4 Letters T _ _ _ ]",Fill-in-the-Blank,take,TAKE,Take
"She was finishing her second vodka when her own burner rang. She s _ _ _ _ _ _ d off the radio and plucked the phone from the nightstand and took the call. She heard Travis say, ""Mommy?"" [8 Letters S _ _ _ _ _ D]",Fill-in-the-Blank,switched,SWITCHED,Switched
