QUESTION_TEXT,QUESTION_TYPE,OPTION_1,OPTION_2,OPTION_3
"When Gabe came back in, he s _ _  her glass on the table beside her. Smiling, she lifted a hand to his arm. ""Can I smell your brandy?"" [3 Letters S _ _ _ ]",Fill-in-the-Blank,set,SET,Set
My eyes s _ _ _  to Luke Stark and I knew from his continued arctic stare that he was a mixture of both one and two. [4 Letters S _ _ _ ],Fill-in-the-Blank,slid,SLID,Slid
He traced his route on the map with a yellow marker from the glovebox and refolded the map and laid it on the seat beside him and switched off the domelight and s _ _ _ _ _ d the engine. [7 Letters S _ _ _ _ _ D],Fill-in-the-Blank,started,STARTED,Started
"Ten minutes later, Julio and Bobby Escobar eased from the shadows and s _ _  theo before he saw them. [3 Letters S _ _ _ ]",Fill-in-the-Blank,saw,SAW,Saw
"After morning chores, they would go swimming with Diamond at Scott's Hole, a patch of water Diamond had introduced them to, and which he claimed had no bottom. As the summer went along Lou and Oz b _ _ _ _ e dark brown, while Diamond simply grew larger freckles. [6 Letters B _ _ _ _ _ E]",Fill-in-the-Blank,became,BECAME,Became
"""Well, Justin and I have decided to remedy that in about six and a half months."" ""And about time,"" Daniel began, then stopped as his mouth h _ _ _  open. ""Better late than never,"" Serena countered. [4 Letters H _ _ _ ]",Fill-in-the-Blank,hung,HUNG,Hung
"Brian started to get up-but fell again as the wasteland leaped more violently than it had d _ _ _  the first time.Gunvald's earthquake has come at last, he thought as he tried to brace himself within a shallow depression in the ice. [4 Letters D _ _ _ ]",Fill-in-the-Blank,done,DONE,Done
"Molly wore her brown apprentice's robe, and if her hair was bright blue, at least she had it pulled back in a no-nonsense style. She never w _ _ _  a lot of makeup, these days, but today she was wearing none at all. [4 Letters W _ _ _ ]",Fill-in-the-Blank,wore,WORE,Wore
"Dennison r _ _ _ _ d an eyebrow. ""Varion? He's more than twenty years older than I. I've never even met him."" [6 Letters R _ _ _ _ _ D]",Fill-in-the-Blank,raised,RAISED,Raised
"Rook made a sound that was more of a wet, wheezing gasp than any word. She rolled partly onto one side in reaction, her arms and legs thrashing weakly. blood r _ _ _ _ d from the gaping wound in her neck. [6 Letters R _ _ _ _ _ D]",Fill-in-the-Blank,rushed,RUSHED,Rushed
"I grabbed his shoulders with both hands, tears w _ _ _ _ _ g up again. [7 Letters W _ _ _ _ _ G]",Fill-in-the-Blank,welling,WELLING,Welling
"""So you t _ _ _ k the man murders the Speaker of the House to avoid changing jobs? And he didn't pull the trigger because he was at the club. So he'd have to hire a hit man to do it for him. [5 Letters T _ _ _ _ _ K]",Fill-in-the-Blank,think,THINK,Think
"They r _ _ _ _ _ d another corner. Niobe tripped over a body sprawled on the foor. Smitty lay faceup, eyes open, staring at the ceiling. Unblinking. Blood trickled from his eyes and nose. [7 Letters R _ _ _ _ _ D]",Fill-in-the-Blank,rounded,ROUNDED,Rounded
A man from another car involved in the accident l _ _  in the street. He wasn't moving-but Lizzie believed she heard him tell her not to be afraid. He said that she could stay on earth or leave. [3 Letters L _ _ _ ],Fill-in-the-Blank,lay,LAY,Lay
"When an ARG or carrier battle group decides to park itself just outside the territorial waters of a nation, it sends a message that is both loud and clear. s _ _ _  put and keep to your own borders! [4 Letters S _ _ _ ]",Fill-in-the-Blank,stay,STAY,Stay
"Just as the doors were about to close, he stepped inside. Despite the pain etched in his eyes he managed a slight grin as he t _ _ _  the seat across the aisle. [4 Letters T _ _ _ ]",Fill-in-the-Blank,took,TOOK,Took
Boots shook the metal landing of the stairway outside. I l _ _ _ _ d over my shoulder and saw one of the most feared sights in the understreets: fully geared Enforcement officers. [6 Letters L _ _ _ _ _ D],Fill-in-the-Blank,looked,LOOKED,Looked
"""Those cheerful fellows will s _ _ _  you the way out of the complex, and make sure you don't sleep on the street."" He leaned in. ""It's just another fight, Spin. I warned you. They won't make this easy. [4 Letters S _ _ _ ]",Fill-in-the-Blank,show,SHOW,Show
"And he had no way of knowing where they were s _ _ _ _ _ _ g the night Even if this game had begun to intrigue him enough to send him out of his way in order to keep it going, he would be discouraged by the bad weather; [8 Letters S _ _ _ _ _ G]",Fill-in-the-Blank,spending,SPENDING,Spending
"She had a job, but as she said, she was getting paid like a woman, so they were not exactly going to make ends m _ _ _ . They didn't have anything to eat till she got paid on Monday. [4 Letters M _ _ _ ]",Fill-in-the-Blank,meet,MEET,Meet
