QUESTION_TEXT,QUESTION_TYPE,OPTION_1,OPTION_2,OPTION_3
"Except he wasn't really gone at all, was he? No. Stark was keeping house while Thad was gone. They had left two Maine state troopers w _ _ _ _ _ _ g the place, but that didn't matter. [8 Letters W _ _ _ _ _ G]",Fill-in-the-Blank,watching,WATCHING,Watching
"Some of them were clustered around a table s _ _  in front of it the fireplace, in huge thronelike chairs, some on a cushioned seat near the fireplace. [3 Letters S _ _ _ ]",Fill-in-the-Blank,set,SET,Set
"Theater, Ester Ging's manicure salon, and Capozzi's Shoe Repair, saw people g _ _ _ g in and out of Kresge's, Mont gomery Ward, and Woolworth's, heard a lone Salvation Army Santa Claus ringing a brass bell. [5 Letters G _ _ _ _ _ G]",Fill-in-the-Blank,going,GOING,Going
"The banging at her door had Ruth sitting straight up in bed. What was the dream she had been having? Nick? She s _ _ _ k her head to clear it. Even as she reached for the clock, the banging started again. [5 Letters S _ _ _ _ _ K]",Fill-in-the-Blank,shook,SHOOK,Shook
"""Maybe the door's open. We can slip in and leave her a note, anyway. Wade really wants to get ahold of her."" She c _ _ _ _ _ d the patio, reached for the handle of the sliding glass door. [7 Letters C _ _ _ _ _ D]",Fill-in-the-Blank,crossed,CROSSED,Crossed
"c _ _ _ _ _ g the door behind Ryan, she said, ""Rebecca is a day-shift dealer. She's at the casino for hours yet."" [7 Letters C _ _ _ _ _ G]",Fill-in-the-Blank,closing,CLOSING,Closing
"With what seems like great effort, he ends the kiss, gently nibbling and tasting my lower lip. His hands g _ _ _  me a squeeze before sliding up and resting on my lower back. [4 Letters G _ _ _ ]",Fill-in-the-Blank,give,GIVE,Give
"Sciron s _ _ _ _ _ d his foot into Jason's chest. Jason tumbled backwards over the edge, his arms flailing, screaming as he fell. When he was about to hit the water, the turtle rose up and swallowed him in one bite, then sank below the surface. [7 Letters S _ _ _ _ _ D]",Fill-in-the-Blank,slammed,SLAMMED,Slammed
"And then it struck him: who was going to p _ _ _  the role of Arnold Ramsey? The answer came to him in a flash. Like father, like daughter! That son of a bitch. He really was going to do it again. [4 Letters P _ _ _ ]",Fill-in-the-Blank,play,PLAY,Play
"For a moment I was in a darkness shot with that red; then I opened my eyes. I was clutching Gandalf to my chest with my left arm, and his eyes were s _ _ _ _ _ g up at my face- [7 Letters S _ _ _ _ _ G]",Fill-in-the-Blank,staring,STARING,Staring
"""You could hire help,"" she noted. ""A s _ _ _ _ _ g girl or two."" [7 Letters S _ _ _ _ _ G]",Fill-in-the-Blank,serving,SERVING,Serving
"As long as we do, we m _ _ _  enemies. All of them are not, cannot be, in prison."" [4 Letters M _ _ _ ]",Fill-in-the-Blank,make,MAKE,Make
"I tried to k _ _ _  busy, so as not to grieve to no purpose. In between Okha's visits, his rest times between performances, I exercised, completed this journal so far, and sharpened each blade I carry. [4 Letters K _ _ _ ]",Fill-in-the-Blank,keep,KEEP,Keep
"And I saw a chrome-and-yellow Hummer p _ _ _ _ d on the street, idling in front of a town house. When I reached in and shut off the engine, a tall, handsome guy wearing a Yankees cap and a rumpled blue suit ran out. He looked pissed. [6 Letters P _ _ _ _ _ D]",Fill-in-the-Blank,parked,PARKED,Parked
"Now he picked up the weights and started working out with them. His enormous shoulders and powerful arms quickly got into the familiar rhythm, and he began to w _ _ _  up a sweat. [4 Letters W _ _ _ ]",Fill-in-the-Blank,work,WORK,Work
"A s _ _ _ _ _ g area was stylishly arranged in the right front corner. Or the table were a glossy black thermal pot, a plate of fruit and cheese, an oversized white cup and saucer, and a pale green cloth napkin. [7 Letters S _ _ _ _ _ G]",Fill-in-the-Blank,sitting,SITTING,Sitting
"""Go live. TOD, twenty-three-fifty-two."" She l _ _ _ _ d at roarke. ""There's your blip. Her heart stopped, and whatever he was jamming it with gave you the blip instead of the alarm. He came prepared. [6 Letters L _ _ _ _ _ D]",Fill-in-the-Blank,looked,LOOKED,Looked
"""Our lives just g _ _  a little more complicated,"" said Leslie. ""But what could possibly go wrong?"" She gave him her sweetest, most sarcastic smile. [3 Letters G _ _ _ ]",Fill-in-the-Blank,got,GOT,Got
"He p _ _ _ _ _ d his thumb and forefinger against his eyes, rubbing, as if he were tired. He blinked those jewel-like eyes at me. ""A pard emergency. We've got one member that couldn't come tonight, and she's got herself in trouble."" [7 Letters P _ _ _ _ _ D]",Fill-in-the-Blank,pressed,PRESSED,Pressed
"A door s _ _ _  smartly, made him jump a little. His quiet blue eyes narrowed as he finished the climb. His brothers weren't against screwing with him-and damned if he'd give either of them an excuse to snicker. [4 Letters S _ _ _ ]",Fill-in-the-Blank,shut,SHUT,Shut
