QUESTION_TEXT,QUESTION_TYPE,OPTION_1,OPTION_2,OPTION_3
"""He doesn't want me to tell him how I feel."" Hissing a breath through her teeth, she p _ _ _ _ _ d a hand to her stomach. ""Oh, God, it hurts. [7 Letters P _ _ _ _ _ D]",Fill-in-the-Blank,pressed,PRESSED,Pressed
"She called upon Cirrus to borrow from the wind fury's swiftness, and time s _ _ _ _ d to slow, giving her ages and ages to aim the arrow. [6 Letters S _ _ _ _ _ D]",Fill-in-the-Blank,seemed,SEEMED,Seemed
"Others, though, were eager to see him f _ _ _  flat because that would prove their drudgery was what they were meant to do. Nothing more. [4 Letters F _ _ _ ]",Fill-in-the-Blank,fall,FALL,Fall
She caught up with him half a block away. Dora didn't bother to s _ _ _ t his name and ask him to wait. [5 Letters S _ _ _ _ _ T],Fill-in-the-Blank,shout,SHOUT,Shout
"By that time I was ducking into the ladies room, which was small, of course; most of the females at the Pyramid of Gizeh wouldnt need to u _ _  such a facility, except to comb their hair. [3 Letters U _ _ _ ]",Fill-in-the-Blank,use,USE,Use
"""Farthest-north Egyptian artifacts in the world,"" Bes said. ""Pillaged from Thebes and brought up here to decorate Russia's new imperial city, St. Petersburg. Like I said, every new empire w _ _ _ s a piece of Egypt."" [5 Letters W _ _ _ _ _ S]",Fill-in-the-Blank,wants,WANTS,Wants
"We went out the next day and s _ _ _ t the entire day shopping (neither of my children was averse to either of their parents dropping a load of cash on them, one thing that hadn't changed), after which we had dinner out and went to see a movie. [5 Letters S _ _ _ _ _ T]",Fill-in-the-Blank,spent,SPENT,Spent
"Fitch r _ _ _ _ d his eyes. ""I don't mean to be testy. It's just … well, talk to me in the morning."" [6 Letters R _ _ _ _ _ D]",Fill-in-the-Blank,rubbed,RUBBED,Rubbed
"He knew she wouldn't lie to him-but then, cats turned up in the most unexpected places. Two weeks after his mother d _ _ _ , he was asked to visit the parsonage. Reverend Potter and Mrs. [4 Letters D _ _ _ ]",Fill-in-the-Blank,died,DIED,Died
Only twenty minutes had passed since Shaw's call when the buzzer on the entrance to Katie's building went off. She r _ _  to the door of her flat and spoke into the call box. [3 Letters R _ _ _ ],Fill-in-the-Blank,ran,RAN,Ran
"I'm sorry they're not there any longer, sorry it's so dim. It's such a raw, gloomy day, and I wish there was more light. I h _ _ _  voices. I'm annoyed and sad and h _ _ _  voices coming from down the hall. [4 Letters H _ _ _ ]",Fill-in-the-Blank,hear,HEAR,Hear
"""We found the mother lode."" Tate t _ _ _ w back her head and screamed at the sun. ""We found the mother lode."" [5 Letters T _ _ _ _ _ W]",Fill-in-the-Blank,threw,THREW,Threw
"Molly's initial sense that the overhead fog had grown markedly more dense, even as the lower blear somewhat clarified, p _ _ _ _ d correct on calmer observation. [6 Letters P _ _ _ _ _ D]",Fill-in-the-Blank,proved,PROVED,Proved
"When she was in control again - too soon, too soon; her control was so iron and constant that liberation had been as sweet as the physical pleasure - she raised her head and s _ _ _ _ d at him. [6 Letters S _ _ _ _ _ D]",Fill-in-the-Blank,smiled,SMILED,Smiled
"Still, he took a big gulp to start with and c _ _ _ _ d his eyes with gratitude as the booze exploded warmth out from his stomach. Gin, wonderful high-calorie gin, he thought. [6 Letters C _ _ _ _ _ D]",Fill-in-the-Blank,closed,CLOSED,Closed
"""Will he live, then, my lady?"" The woman c _ _ _ _ _ d her hands to her throat. [7 Letters C _ _ _ _ _ D]",Fill-in-the-Blank,clasped,CLASPED,Clasped
"""I'll see you around,"" Argrow said, then j _ _ _ _ d to his feet and vanished. [6 Letters J _ _ _ _ _ D]",Fill-in-the-Blank,jumped,JUMPED,Jumped
"To that, he hauled us both up the bed and pressed into me. He reached out an arm and I blinked when a light f _ _ _ _ _ d on. [7 Letters F _ _ _ _ _ D]",Fill-in-the-Blank,flashed,FLASHED,Flashed
"Receiving no response to his knock, Ethan turned away from Keesners door and m _ _ _  a show of frustration. He wiped his rain-wet face with one hand. He pushed that hand through his damp hair. He shook his head. He looked up and down the hall. [4 Letters M _ _ _ ]",Fill-in-the-Blank,made,MADE,Made
"She smiled, then touched his cheek. ""At noon, at the track. I think it's important that we do it there. We'll be t _ _ _ _ g pride home immediately after the autopsy."" She paused, took a long breath. [6 Letters T _ _ _ _ _ G]",Fill-in-the-Blank,taking,TAKING,Taking
