QUESTION_TEXT,QUESTION_TYPE,OPTION_1,OPTION_2,OPTION_3
"Whitney tossed her hair back. She'd find the way out. Smiling at him, she promised herself she'd find the way out. If she didn't-she still f _ _ _  the cold brush of his lips on her skin-she'd be dead. ""Of course."" [4 Letters F _ _ _ ]",Fill-in-the-Blank,felt,FELT,Felt
"She chuckled, s _ _ _ _ d into his eyes. ""Kate and I would be happy to help you toss his lifeless corpse off the cliffs. But hell, Josh, maybe he's right for her. He's attentive, intelligent, apparently patient in certain hormonal areas."" [6 Letters S _ _ _ _ _ D]",Fill-in-the-Blank,smiled,SMILED,Smiled
"He s _ _ _ _ _ _ d on the lights and strode across the room to stand behind her desk. ""You remember I said something was off when we left Reynolds's office last time?"" She nodded. [8 Letters S _ _ _ _ _ D]",Fill-in-the-Blank,switched,SWITCHED,Switched
Robert Fitzwillams looked in his employer's eyes and what he saw s _ _ _  a shiver down his spine. [4 Letters S _ _ _ ],Fill-in-the-Blank,sent,SENT,Sent
"The rush-hour crowd rushed past her, and she just s _ _ _ d on the corner singing her song in the eerie, dusky, northern light, as oblivious of them as they were of her, a tiny bird in tattered clothes chanting her psalm to the broken heart. [5 Letters S _ _ _ _ _ D]",Fill-in-the-Blank,stood,STOOD,Stood
"She also saw his erection was hard and heavy, l _ _ _ g on his stomach, his balls bulging at the sides of his harness. [5 Letters L _ _ _ _ _ G]",Fill-in-the-Blank,lying,LYING,Lying
"Putting her cloak on her shoulders, she walked proudly down the corridor, out into pale morning sunshine that suited her washed-out mood. Behind her, someone shouted acid words before the closing door c _ _  them off. [3 Letters C _ _ _ ]",Fill-in-the-Blank,cut,CUT,Cut
"Regardless, she had apparently g _ _ _ n her heart to him. Logically, Hrathen knew his jealousy was foolish. Hrathen's own relationship with the girl had been one of antagonism, not of affection. Why should he be jealous of another man? [5 Letters G _ _ _ _ _ N]",Fill-in-the-Blank,given,GIVEN,Given
"even Stepper would fall dead before he ran that far. Maybe this was Trolloc work. If it was Trollocs, maybe his family was still working their farm, still safe. He d _ _ _  a deep breath, but the char obliterated any other smell. [4 Letters D _ _ _ ]",Fill-in-the-Blank,drew,DREW,Drew
"""I figured we'd l _ _ _ e a note on Minnie's door telling her you'd be [5 Letters L _ _ _ _ _ E]",Fill-in-the-Blank,leave,LEAVE,Leave
"Measure sighed. ""Amy Sump t _ _ _  her friend Ramona, and Ramona told her mama, and her mama went straight to Goody Sump, and she went straight to her husband, and he like to went crazy because he can't conceive that every male creature larger than a mouse isn't hottin' up after his nubian daughter."" [4 Letters T _ _ _ ]",Fill-in-the-Blank,told,TOLD,Told
"And the other thing was, he'd f _ _ _ _ n in love with Dan's mother. For real. Renouncing the Vespers, he and Hope Cahill had spent much of their life together on the run from their enemies, namely the Vespers, who felt betrayed by Dan's father. [6 Letters F _ _ _ _ _ N]",Fill-in-the-Blank,fallen,FALLEN,Fallen
"This creature t _ _ _  no notice of its fallen companion, but kept its dim eyes on Roland, lurching along in rough step with its remaining companions. [4 Letters T _ _ _ ]",Fill-in-the-Blank,took,TOOK,Took
Four damaged infants were born in one family. Daughters refused to get out of bed. Brides disappeared on their honeymoons. Two brothers s _ _ _  each other on New Year's Day. Trips to Demby for VD shots common. [4 Letters S _ _ _ ],Fill-in-the-Blank,shot,SHOT,Shot
"Still, when she stepped inside, she felt another wave of pride. It was so beautiful, so perfectly lovely. The air s _ _ _ _ _ d lightly of polish and flowers. [7 Letters S _ _ _ _ _ D]",Fill-in-the-Blank,smelled,SMELLED,Smelled
The blinds were one of the many innovations Creed had come up with - innovations as far as this particular college was concerned. He had also had the tower built as well as the separate l _ _ _ _ g quarters for the football team. [6 Letters L _ _ _ _ _ G],Fill-in-the-Blank,living,LIVING,Living
"The men who walked with her were knights. They plainly expected everyone to know that, though they w _ _ _  no armor. They wore long tunics and cloaks like Lady Sabine. [4 Letters W _ _ _ ]",Fill-in-the-Blank,wore,WORE,Wore
"That knowledge, and that alone, stopped him. Calling on all his willpower, he lifted his head and took a step back. At once he felt bereft. His heart a _ _ _ d with need. [5 Letters A _ _ _ _ _ D]",Fill-in-the-Blank,ached,ACHED,Ached
He r _ _ _ _ d his head. A patrol car prowled by. The flat black face of the cop on the passenger side seemed to track him through the chicken-wire mesh that covered the windows of all the cars from the jokertown precinct as it slid sharklike through the sightseers huddled in schools against the strangeness of the scene. [6 Letters R _ _ _ _ _ D],Fill-in-the-Blank,raised,RAISED,Raised
"Calloway had k _ _ _  out of the way with his mouth shut-but this was too much. ""Captain Morris, aren't we a sitting duck?"" [4 Letters K _ _ _ ]",Fill-in-the-Blank,kept,KEPT,Kept
