QUESTION_TEXT,QUESTION_TYPE,OPTION_1,OPTION_2,OPTION_3
"Then the crazy man she was somehow married to c _ _ _ _ d his mouth silkily over hers. A hot little ball of pure lust burned along with terror, and both managed to jelly her knees so they buckled clumsily when her boots hit the stage. [6 Letters C _ _ _ _ _ D]",Fill-in-the-Blank,closed,CLOSED,Closed
"I saw Martin's body h _ _  the remnants of pavement, and I knew Tarken had shoved him out of the cab to take his place at the wheel. [3 Letters H _ _ _ ]",Fill-in-the-Blank,hit,HIT,Hit
"""Good, good, we'll do our best to k _ _ _  you busy."" He noted with a slight frown that two secretaries were not yet at their desks. In a habitual gesture, he passed a hand over his hair. [4 Letters K _ _ _ ]",Fill-in-the-Blank,keep,KEEP,Keep
"""No, I'm not. They whacked the bad guys for fair, without outside assistance, and they're back at the house now. Bonus: Brian-the Marine-had been h _ _ _ _ g second thoughts about his function. That, Pete reports, is a thing of the past. [6 Letters H _ _ _ _ _ G]",Fill-in-the-Blank,having,HAVING,Having
"""Was Walton interested in anything in particular here?"" a _ _ _ d robie. [5 Letters A _ _ _ _ _ D]",Fill-in-the-Blank,asked,ASKED,Asked
"n _ _ _ _ _ _ _ g my eyes, I stayed silent. I was aware that the rest of the flock was paying intense attention to her every word. [9 Letters N _ _ _ _ _ G]",Fill-in-the-Blank,narrowing,NARROWING,Narrowing
"If Fa Khan spotted uncharted sea traffic-smugglers were a primary target-or if he faced an engagement with the enemy, he would be able to m _ _ _  them, hold them until reinforcements could arrive, and still return to base. [4 Letters M _ _ _ ]",Fill-in-the-Blank,meet,MEET,Meet
"Eve sat again. After a moment, she o _ _ _ _ d the box and took out a cookie. She studied it a moment, then took a bite, sighed at the rush of sugar. [6 Letters O _ _ _ _ _ D]",Fill-in-the-Blank,opened,OPENED,Opened
"Edwyn's mouth t _ _ _ _ _ d. ""My brother had a hand in this, I'll wager. He allowed the outlaws to escape after they murdered Merrett and Petyr, and this is why. With our father dead, there's only me left between Black Walder and the Twins."" [7 Letters T _ _ _ _ _ D]",Fill-in-the-Blank,twisted,TWISTED,Twisted
"I heard her weeping, I didn't look back. I went and hid in my uncle's boat shed. It wasn't till the next morning that my father f _ _ _ d me. [5 Letters F _ _ _ _ _ D]",Fill-in-the-Blank,found,FOUND,Found
"The civilian, a tall, dark-haired man in a green chamois shirt, tan goose-down vest, jeans, and hiking boots, was standing out on the road with his back p _ _ _ _ _ d up against the driver's door of his truck. [7 Letters P _ _ _ _ _ D]",Fill-in-the-Blank,pressed,PRESSED,Pressed
"""I still say,"" Lir began finally, only to cut off as a stocky armsman with Marne's four Silver Moons on his chest e _ _ _ _ _ d the tent. [7 Letters E _ _ _ _ _ D]",Fill-in-the-Blank,entered,ENTERED,Entered
"In fact, Nick and I should be fucking so I could be leaving rather than us hanging out w _ _ _ _ _ _ g tv. [8 Letters W _ _ _ _ _ G]",Fill-in-the-Blank,watching,WATCHING,Watching
"She couldn't s _ _ _  the smile. She understood him perfectly. And it was great, that silence. [4 Letters S _ _ _ ]",Fill-in-the-Blank,stop,STOP,Stop
"Ana arrived in time to c _ _ _ h one exchange with a girl, maybe twelve, a redhead in braids and a baseball cap of her own. [5 Letters C _ _ _ _ _ H]",Fill-in-the-Blank,catch,CATCH,Catch
"Rachael was the first to reach Eric. Heart hammering, s _ _ _ _ _ _ g his name, she dropped to her knees and, by instinct, put one hand to his neck to feel for a pulse. [8 Letters S _ _ _ _ _ G]",Fill-in-the-Blank,shouting,SHOUTING,Shouting
"""I'm not going to get tangled . . ."" She remembered Mrs. Grady's phrase, c _ _  her eyes in that direction and saw the housekeeper raise her eyebrows."" [3 Letters C _ _ _ ]",Fill-in-the-Blank,cut,CUT,Cut
"they l _ _ _  at home with their mothers, who wait on them hand and foot, and when they get married, they expect their wives to do the same. The women are reluctant to get married. [4 Letters L _ _ _ ]",Fill-in-the-Blank,live,LIVE,Live
"For the man's limbs were oddly tangled and inert, and from the way his head was c _ _ _ _ d to one side (twisted at an almost impossible angle, as if the head were about to separate itself from the body), Nashe felt certain that he was dead. [6 Letters C _ _ _ _ _ D]",Fill-in-the-Blank,cocked,COCKED,Cocked
"dogs come to me, as do cats and birds and all manner of offal-dropping creatures. And, of course, we can p _ _  a stop to the life of any plant or animal just by thinking death at it. [3 Letters P _ _ _ ]",Fill-in-the-Blank,put,PUT,Put
