QUESTION_TEXT,QUESTION_TYPE,OPTION_1,OPTION_2,OPTION_3
"Or they will c _ _ _ e each other, racing up and down stairs or pounding along the halls in their ridiculous lederhosen, laughing like a pair of dopey (not to mention horny) kids, yelling out their German buzzwords: Achtung! and Jawohl! [5 Letters C _ _ _ _ _ E]",Fill-in-the-Blank,chase,CHASE,Chase
"""Bash with the trophy, it's handy. Then get a little creative with the kitchen knife, again handy."" Eve p _ _  her hands on her hips, then walked out to the living area. [3 Letters P _ _ _ ]",Fill-in-the-Blank,put,PUT,Put
"""Unless you catch me, you're the one who's never going home,"" Lisey said. Then she laughed again. She was frightened- terrified-but it f _ _ _  good to laugh, perhaps because she understood that her laughter was her knife. [4 Letters F _ _ _ ]",Fill-in-the-Blank,felt,FELT,Felt
"""Will you try to save one of your cats and risk l _ _ _ _ g them all? Do you really want to see what would happen if they tried to fight their way out of the lupanar, through the pack? I wouldn't want to see it."" [6 Letters L _ _ _ _ _ G]",Fill-in-the-Blank,losing,LOSING,Losing
"He said, ""Now that we've f _ _ _ d each other, everything will be all right."" [5 Letters F _ _ _ _ _ D]",Fill-in-the-Blank,found,FOUND,Found
"When the bell r _ _ _  at last, Snape held them back. [4 Letters R _ _ _ ]",Fill-in-the-Blank,rang,RANG,Rang
' 'My mother always t _ _ _  me food tastes better if it looks good.'' He picked up a long loaf of Italian bread and began slicing. [4 Letters T _ _ _ ],Fill-in-the-Blank,told,TOLD,Told
"The lock breaker was silent for a moment, considering. A muscle t _ _ _ _ _ _ d in her cheek. ""No,"" she said. [8 Letters T _ _ _ _ _ D]",Fill-in-the-Blank,twitched,TWITCHED,Twitched
"""First of all, keep your mouth shut. If you start a _ _ _ _ g questions, your life could be in danger. Your wife's also. Don't have any kids in the near future. They're easy targets. [6 Letters A _ _ _ _ _ G]",Fill-in-the-Blank,asking,ASKING,Asking
"Human arms, both male and female, reached out as if s _ _ _ _ _ g help. The thin, flailing arms of children were formed from the jellied tissue, some of them with their small hands open in a silent, pathetic plea. [7 Letters S _ _ _ _ _ G]",Fill-in-the-Blank,seeking,SEEKING,Seeking
"John Clark did not answer Chavez, careful not to m _ _ _  a sound as he peered around the open door of the elevator car. He looked down the hallway toward the source of all the gunfire. [4 Letters M _ _ _ ]",Fill-in-the-Blank,make,MAKE,Make
"Plenty of people darted about inside, arms filled with papers or boxes, eyes anxious, but none so much as looked at him. There was a feel of panic about them, and it grew by increments every time the ground s _ _ _ k. [5 Letters S _ _ _ _ _ K]",Fill-in-the-Blank,shook,SHOOK,Shook
"Then the man squeezed Billy's arm. ""Praise the Lord,"" Billy said. But that was wrong-- it was supposed to be t _ _ _ k the lord, and so he said it even louder, ""t _ _ _ k the lord."" [5 Letters T _ _ _ _ _ K]",Fill-in-the-Blank,thank,THANK,Thank
"No one s _ _  in the booths or at the tables. No one stood at the bar, nor was Tewkes stationed behind it. [3 Letters S _ _ _ ]",Fill-in-the-Blank,sat,SAT,Sat
"And when she shifted restlessly to make herself more comfortable, one hand f _ _ _  in such a way that it accidentally drew the hem of her dress even farther up until it showed a pale expanse of thigh. [4 Letters F _ _ _ ]",Fill-in-the-Blank,fell,FELL,Fell
"""But they're going to take him across on the Lymington ferry at eight-thirty Christmas morning. Excellent timing, when you think about it. Too early for heavy traffic. Everyone'll be opening his presents and getting d _ _ _ _ _ d for church. [7 Letters D _ _ _ _ _ D]",Fill-in-the-Blank,dressed,DRESSED,Dressed
"all the same, we s _ _  more than one pair of lions and panthers, but they had passed us by with something approaching indifference. To be precise, they had invariably passed on my side; [3 Letters S _ _ _ ]",Fill-in-the-Blank,saw,SAW,Saw
"""There's something else."" She didn't speak for a moment, but k _ _ _  her eyes on his, as she had when she first walked in. Searching, measuring, deciding. But there was, she knew, really no choice. He was all she had. [4 Letters K _ _ _ ]",Fill-in-the-Blank,kept,KEPT,Kept
"Hal l _ _ _ _ d hard at him. ""You look like you're telling me the absolute truth, but you're the one who told me to hang on to the bottom of the rope and spin, and then I shot up to the top. [6 Letters L _ _ _ _ _ D]",Fill-in-the-Blank,looked,LOOKED,Looked
"""I'll w _ _ _  in the car,"" Wally said, then took a long, lustful look at the door into Abner's. [4 Letters W _ _ _ ]",Fill-in-the-Blank,wait,WAIT,Wait
