QUESTION_TEXT,QUESTION_TYPE,OPTION_1,OPTION_2,OPTION_3
"Though Terry was pale, and perspiring, hed zipped up the light jacket he often wore over his Merlottes T-shirt. I noticed his hands s _ _ _ _ _ g as he pulled a draft beer. I wondered if he could last until dark. [7 Letters S _ _ _ _ _ G]",Fill-in-the-Blank,shaking,SHAKING,Shaking
It was two weeks before Christmas. A slow time of year for raising the dead. My last client of the night sat across from me. There had been no notation by his name. No note s _ _ _ _ g zombie raising or vampire slaying. [6 Letters S _ _ _ _ _ G],Fill-in-the-Blank,saying,SAYING,Saying
"""You're okay,"" said Dilish, the guy behind the counter. ""g _ _  a couple of hours left on that one."" [3 Letters G _ _ _ ]",Fill-in-the-Blank,got,GOT,Got
"'And something else I wonder,' Dan said. 'All of this, six years of it, t _ _ _  more money than he had when he cleaned out your joint bank accounts and left you. A lot more. Yet he wasn't working anywhere. [4 Letters T _ _ _ ]",Fill-in-the-Blank,took,TOOK,Took
"""And now you're angry at me, Abram. But I've t _ _ _  you the truth. I haven't lied. And I'm not wrong. Hagar has been insolent with me almost from the first moment she was sure she had a child in her. [4 Letters T _ _ _ ]",Fill-in-the-Blank,told,TOLD,Told
"""Because we have to. Because we're stronger this time."" He o _ _ _ _ d her hand, put the watch into her palm, closed her fingers over it. ""Because if we don't set it right, it never really ends."" [6 Letters O _ _ _ _ _ D]",Fill-in-the-Blank,opened,OPENED,Opened
"Both Mr. and Mrs. Godfrey were kind to you, and they did everything in their power to make you f _ _ _  welcome. The plump, cheerful, talkative Mrs. [4 Letters F _ _ _ ]",Fill-in-the-Blank,feel,FEEL,Feel
Why else had I given up reading the papers and l _ _ _ _ _ _ _ g to the news and watching television if not to hear nothing further about all that I couldn't stand and was powerless to alter? [9 Letters L _ _ _ _ _ G],Fill-in-the-Blank,listening,LISTENING,Listening
It took time to get Jammer out to Cab One and more time to b _ _ _ g everyone back to Deepcore. [5 Letters B _ _ _ _ _ G],Fill-in-the-Blank,bring,BRING,Bring
"A young soldier stood by the window, looking out with a l _ _ _ _ _ g glass. Bashere cursed, and hurried to the window, the others crowding around, several taking out looking glasses. [7 Letters L _ _ _ _ _ G]",Fill-in-the-Blank,looking,LOOKING,Looking
"Wes had f _ _ _ d at least two old DUIs, and the driver thought there might be another one, but he couldn't remember. [5 Letters F _ _ _ _ _ D]",Fill-in-the-Blank,found,FOUND,Found
"He led them into the suite. Stood s _ _ _ _ _ g into the mirror over the wet bar, a hand closed limply about a brandy bottle. [7 Letters S _ _ _ _ _ G]",Fill-in-the-Blank,staring,STARING,Staring
"But the day continued its apparently inexorable downhill slide. Parnell Engle and his wife, Leah, were at my front door, the door no one ever uses because theyd have to park in the backten feet from my back doorand then w _ _ _  all the way around the whole row of town houses to the front to ring the bell. [4 Letters W _ _ _ ]",Fill-in-the-Blank,walk,WALK,Walk
"""I've already been told of the deposit confirmation, but it's good to see the paper too. I'm old school. Don't u _ _  computers."" [3 Letters U _ _ _ ]",Fill-in-the-Blank,use,USE,Use
"Roxanne walked through the lounge car, doing a last c _ _ _ k on things, and saw Herrick Higgins still sitting there staring out the window. She sat next to him. [5 Letters C _ _ _ _ _ K]",Fill-in-the-Blank,check,CHECK,Check
"Because he heard the music playing inside, Hoyt knocked on Cian's door a littlebefore sundown. There'd been a time, he remembered, he wouldn't have thought of knocking, when a _ _ _ _ g permission to enter his brother's chambers wouldn't have been necessary. [6 Letters A _ _ _ _ _ G]",Fill-in-the-Blank,asking,ASKING,Asking
"""And I'm really curious about that gadget you had, the one that will m _ _ _  people forget about Edison and Bell?"" [4 Letters M _ _ _ ]",Fill-in-the-Blank,make,MAKE,Make
"""Something's wrong."" Again, Eve pushed to her feet, and now her blood was humming to a different beat. This time she gripped the rail tight in both hands, her eyes r _ _ _ _ _ d to the stage. ""Something's wrong. How do we get down there?"" [7 Letters R _ _ _ _ _ D]",Fill-in-the-Blank,riveted,RIVETED,Riveted
"""Is there anything in particular you'd like?"" The faintest wisp of a smile touched Summerset's lips as Roarke's eyes b _ _ _ _ d a hole through him. ""For supper?"" [6 Letters B _ _ _ _ _ D]",Fill-in-the-Blank,burned,BURNED,Burned
"Instead of a _ _ _ _ _ _ _ g the question, Closterman said, Children are highly susceptible to suggestion, even without hypnosis. Study after study has shown theyll remember what they think a persuasive therapist wants them to remember. [9 Letters A _ _ _ _ _ G]",Fill-in-the-Blank,answering,ANSWERING,Answering
