QUESTION_TEXT,QUESTION_TYPE,OPTION_1,OPTION_2,OPTION_3
"and often they had to race by pipes about to dump sewage into the water, but at least they weren't rubbing narrow walls c _ _ _ _ _ d with goo. These tunnels were built to last; [7 Letters C _ _ _ _ _ D]",Fill-in-the-Blank,covered,COVERED,Covered
"This was all I was able to process as I heard r _ _ _ _ _ g feet and Frey dismounted, instantly reaching up to pull me down. [7 Letters R _ _ _ _ _ G]",Fill-in-the-Blank,running,RUNNING,Running
"This earned a vague response. Wolves paid attention to men only to avoid them; in the wolf dream, that didn't matter much. Still, where men congregated, nightmares sometimes ran wild, so the wolves had learned to k _ _ _  their distance. [4 Letters K _ _ _ ]",Fill-in-the-Blank,keep,KEEP,Keep
All right. See Harold here about gettin you one from back in the back and then go up to the church and dig me two holes. Big enough to p _ _  somebody in. And not in the church lot neither. [3 Letters P _ _ _ ],Fill-in-the-Blank,put,PUT,Put
"When he died, his son took over, and since good old Rog didn't give it up until he was near eighty, Edwin Landon had waited a good long time to t _ _ _  the reins. He expanded again, everything. [4 Letters T _ _ _ ]",Fill-in-the-Blank,take,TAKE,Take
"\""I also never thought you\'d be so blessed down below.\"" She s _ _ _ _ _ d wistful now, like a child who hadn\'t gotten what she wanted for her birthday. \""I mean, you are descended from dogs and phoukas, and they are not much in that way.\"" [7 Letters S _ _ _ _ _ D]",Fill-in-the-Blank,sounded,SOUNDED,Sounded
"Even as we parked our HMMWV, we could feel the eyes of men upon us. These were OPFOR forces, p _ _ _ _ _ g the part of the local ""liberation front"" of insurgency forces. The guerrillas were easily recognizable from their floppy ""boonie"" [7 Letters P _ _ _ _ _ G]",Fill-in-the-Blank,playing,PLAYING,Playing
"Gigantic bolt of pain as he got to his feet. He swayed a little, c _ _ _ _ d his eyes, then opened them again. People looked surreal. Colors seemed too bright. [6 Letters C _ _ _ _ _ D]",Fill-in-the-Blank,closed,CLOSED,Closed
"I started to point toward Mysterio's Mirror Mansion, but she g _ _ _ _ _ d my arm. ""No. You can't. Not yet."" [7 Letters G _ _ _ _ _ D]",Fill-in-the-Blank,grabbed,GRABBED,Grabbed
"Snap f _ _ _  his neck get tight, ready to take down a brother, even if that brother was Tack, to ride out on Bounty. [4 Letters F _ _ _ ]",Fill-in-the-Blank,felt,FELT,Felt
One of the spaces was f _ _ _ _ d with people and I spotted a mike boom suspended over the massed heads. [6 Letters F _ _ _ _ _ D],Fill-in-the-Blank,filled,FILLED,Filled
"""It's not-"" She shook her head, rose to w _ _ _ _ r the room. ""I've got all these feelings stored up, and all these needs. It'd be so easy to set them loose on you."" ""I don't recall putting up a fight."" [6 Letters W _ _ _ _ _ R]",Fill-in-the-Blank,wander,WANDER,Wander
"The damane m _ _ _ d her head a fraction, enough to shoot a frightened look at Taisa. If her answer was displeasing, the sul'dam could make her feel pain without raising a finger, by means of the a'dam. [5 Letters M _ _ _ _ _ D]",Fill-in-the-Blank,moved,MOVED,Moved
"Peabody glanced back, then turned completely when she s _ _  the fury lighting Eve's eyes. [3 Letters S _ _ _ ]",Fill-in-the-Blank,saw,SAW,Saw
"It looked just like a Fourth of July rocket, but without the noise. A few people c _ _ _ _ _ d. Though both the target and the FLAGE ""warhead"" were totally inert, the energy of the collision converted metal and ceramic to incandescent vapor. [7 Letters C _ _ _ _ _ D]",Fill-in-the-Blank,cheered,CHEERED,Cheered
They turned and saw Tom Hemingway rising from the backseat. He did not l _ _ _  very happy. [4 Letters L _ _ _ ],Fill-in-the-Blank,look,LOOK,Look
"Another terrorist flailed under all that fire, dropped his weapon, and t _ _ _ _ _ d to the floor as the screams and groans lifted and the sulfur stench of gunfire overpowered the room. [7 Letters T _ _ _ _ _ D]",Fill-in-the-Blank,thudded,THUDDED,Thudded
Davos reflected on those words as he c _ _ _ _ _ d the steps of Sea Dragon Tower to the maester's chambers below the rookery. He did not need Salla to tell him that he had risen too high. [7 Letters C _ _ _ _ _ D],Fill-in-the-Blank,climbed,CLIMBED,Climbed
She surprised herself by how quickly she was on her feet when she h _ _ _ d his voice in the outer office. [5 Letters H _ _ _ _ _ D],Fill-in-the-Blank,heard,HEARD,Heard
"Then I called out, ""FBI, o _ _ _  the door. FBI, Dr. Cassady."" [4 Letters O _ _ _ ]",Fill-in-the-Blank,open,OPEN,Open
