QUESTION_TEXT,QUESTION_TYPE,OPTION_1,OPTION_2,OPTION_3
"The clubs slamming down on him, slamming down all over him, as if the green folk wanted not just to b _ _ _  him to death but to tenderize him as they did so. [4 Letters B _ _ _ ]",Fill-in-the-Blank,beat,BEAT,Beat
"It's suspected that they were hit to remove them from competition, and to m _ _ _  a point to others who might be tempted to infringe."" [4 Letters M _ _ _ ]",Fill-in-the-Blank,make,MAKE,Make
"They came into Vegas the night before and took a small suite at Bally's Grand, and within a few hours the city s _ _ _ _ d to be sending them omens that indicated a happy future together. [6 Letters S _ _ _ _ _ D]",Fill-in-the-Blank,seemed,SEEMED,Seemed
Eleanor f _ _ _ _ d her arms across her chest and moved away from Tom. It was then that Lelia saw Tom and waved frantically. [6 Letters F _ _ _ _ _ D],Fill-in-the-Blank,folded,FOLDED,Folded
Some of them were still with him for years-that knee injury tended to throb when it g _ _  cold and rainy even now. [3 Letters G _ _ _ ],Fill-in-the-Blank,got,GOT,Got
"In her haste, Mouse rounded the corner and collided with a tall figure coming the other way. Only his strong arm k _ _ _  her from falling. She looked up into a pair of eyes as deep and black as midnight. And as impersonal as air. [4 Letters K _ _ _ ]",Fill-in-the-Blank,kept,KEPT,Kept
"The sky was getting dark; I l _ _ _ _ d out of the window and saw snow falling. I poked my finger down into the mouth of my volcano, and it toppled, dispersing the golden grains into little swirls. The turnip pot crackled. [6 Letters L _ _ _ _ _ D]",Fill-in-the-Blank,looked,LOOKED,Looked
"' The Traveller bent so low over the paper that the Officer, afraid that he might touch it, moved it further away. The Traveller didn't say anything more, but it was clear that he was still unable to r _ _ _  anything. '"" [4 Letters R _ _ _ ]",Fill-in-the-Blank,read,READ,Read
"She became concerned when no one answered the door or the 'link, and let herself in where she d _ _ _ _ _ _ _ _ d the bodies she identified as Carl and Barbara Reinhold, listed as residents of this unit."" [10 Letters D _ _ _ _ _ D]",Fill-in-the-Blank,discovered,DISCOVERED,Discovered
"He j _ _ _ _ d his thumb toward the kitchen door, and had to smile when she made a little hum of pleasure. [6 Letters J _ _ _ _ _ D]",Fill-in-the-Blank,jerked,JERKED,Jerked
"He had to make notes. He f _ _ _  his way back to the amphitheater and to the seat where he had left the satchel. His notepad was not there, but the flashlight was. [4 Letters F _ _ _ ]",Fill-in-the-Blank,felt,FELT,Felt
"She s _ _ _ k her head. ""Ninety percent sure. But he thinks she should be examined by another doctor in Memphis. We're supposed to take her in a month."" [5 Letters S _ _ _ _ _ K]",Fill-in-the-Blank,shook,SHOOK,Shook
"The door s _ _ _ g open and Hugo appeared. He said, ""Sorry I'm late. Another rough night."" He tossed his briefcase on the table and took a sip from a tall coffee. [5 Letters S _ _ _ _ _ G]",Fill-in-the-Blank,swung,SWUNG,Swung
"Esste sucked in air quickly. She s _ _  in silence, her eyes focused on nothing. Onn's voice had been as kind as possible, his song gentle to her. But there was no gentleness in the message. [3 Letters S _ _ _ ]",Fill-in-the-Blank,sat,SAT,Sat
"""Very bad. Syrian troops surrounded Turkish troops which had c _ _ _ _ _ d the border looking for the terrorists. The Syrians were fired upon and fired back. Three Turkish soldiers were killed before the rest of the border patrol managed to work their way back into Turkey."" [7 Letters C _ _ _ _ _ D]",Fill-in-the-Blank,crossed,CROSSED,Crossed
"And in this case, if there is anybody to blame, its the kid herself, not you. According to the witnesses, she was behaving strangely just before you t _ _ _ _ d the corner, almost as if she intended to get herself run down. [6 Letters T _ _ _ _ _ D]",Fill-in-the-Blank,turned,TURNED,Turned
"When, within the space of twenty minutes, my sister t _ _ _  their conversation from, ""I'm getting married in May,"" to, ""Your bridesmaid dress fitting will be this Saturday at ten A.M.. I'll pay for it, of course,"" the poor girl was thrilled. [4 Letters T _ _ _ ]",Fill-in-the-Blank,took,TOOK,Took
"""Well okay, she went out,"" the clerk said, drifting away toward the bank of pigeonholes behind him. ""But you'd better w _ _ _ h your tongue, boy. You better apologize to me, fancy little Master Sawyer. I got eyes, too. I know things."" [5 Letters W _ _ _ _ _ H]",Fill-in-the-Blank,watch,WATCH,Watch
"""She's been feeding intravenously for two hours now,"" the intern said. ""She hasn't been able to move that arm, and of course her fingers are numb."" Kirkwood l _ _ _ _ d close to the girl and said, ""Miss Nichols, you must listen to me. [6 Letters L _ _ _ _ _ D]",Fill-in-the-Blank,leaned,LEANED,Leaned
"Frank's face finally sagged in recognition. ""I'll be sure to l _ _  them know, Mr. Flanders. Just in case. For posterity."" [3 Letters L _ _ _ ]",Fill-in-the-Blank,let,LET,Let
