QUESTION_TEXT,QUESTION_TYPE,OPTION_1,OPTION_2,OPTION_3
"""I know,"" Percy said. ""But while I was there, I saw so many demigods living without fear: kids g _ _ _ g to college, couples getting married and raising families. There's nothing like that at Camp Half-Blood. [5 Letters G _ _ _ _ _ G]",Fill-in-the-Blank,going,GOING,Going
Mrs. Truman had the door open before Abby's foot h _ _  the first step on her stoop. [3 Letters H _ _ _ ],Fill-in-the-Blank,hit,HIT,Hit
"His bright gray eyes met David's blue ones, and the boy t _ _ _  an unplanned step back from the bars. He felt suddenly weak with horror. And vulnerable. [4 Letters T _ _ _ ]",Fill-in-the-Blank,took,TOOK,Took
"Then he was on the porch and s _ _ _ _ _ _ g with his back to the left of the front door. It was a simple door lock. Again, that seemed off. He checked up, down, and along the eaves of the roofline. [8 Letters S _ _ _ _ _ G]",Fill-in-the-Blank,standing,STANDING,Standing
"For a second, Jack was afraid that Richard's shoulder had separated, but a voice large within him said PULL! and he d _ _  in his heels and pulled back even harder. [3 Letters D _ _ _ ]",Fill-in-the-Blank,dug,DUG,Dug
"Moody raised his wand, he o _ _ _ _ d his mouth; Harry plunged [6 Letters O _ _ _ _ _ D]",Fill-in-the-Blank,opened,OPENED,Opened
"""Any of you, I would think. Even the cook."" The look the king g _ _ _  Slynt was cold. [4 Letters G _ _ _ ]",Fill-in-the-Blank,gave,GAVE,Gave
"Alai mourned his friend, pausing in the midst of his escape from the attempted murder to close Ivan's eyes as he l _ _  dead in a parking garage. [3 Letters L _ _ _ ]",Fill-in-the-Blank,lay,LAY,Lay
"Right before I d _ _ _ _ _ d off to sleep, my dream girl smiled back and said, ""Don't worry, Daniel."" She playfully jostled her chains. ""I'm not going anywhere. I'm sort of tied up at the moment."" [7 Letters D _ _ _ _ _ D]",Fill-in-the-Blank,drifted,DRIFTED,Drifted
"The first metal feather shook loose from his wings and fluttered away. Then another. Icarus wabbled in midair. Suddenly he was shedding bronze feathers, which twirled away from him like a flock of frightened birds. ""Icarus!"" his father c _ _ _ d. ""Glide! [5 Letters C _ _ _ _ _ D]",Fill-in-the-Blank,cried,CRIED,Cried
"""If you'd moved,"" she began, then s _ _ _ k her head. Arguing would take time she simply didn't have. ""Never mind."" Grabbing at packages, she rose. ""Excuse me."" [5 Letters S _ _ _ _ _ K]",Fill-in-the-Blank,shook,SHOOK,Shook
"""Stay here,"" Raphael ordered as he g _ _  to his feet. ""I'll get a torch from the car."" [3 Letters G _ _ _ ]",Fill-in-the-Blank,got,GOT,Got
"""Hrud's right about one thing,"" Disten said. ""That man isn't human. He might not be a mistwraith, but he's not skaa either. I've heard of him doing things, things like only they can do. The ones that c _ _ _  out at night. [4 Letters C _ _ _ ]",Fill-in-the-Blank,come,COME,Come
"Perrin lowered a hand from his head. The air was heavy, full of humidity, and it s _ _ _ _ _ d of rain. Above the scent of the weather and that of the dry field, he could smell Hopper's patience. [7 Letters S _ _ _ _ _ D]",Fill-in-the-Blank,smelled,SMELLED,Smelled
"I am only you, like you, b _ _ _  of man and woman, but with this gift or burden. In that stable in Elsewhere, I felt as you would have felt, overwhelmed and terrified of failing. [4 Letters B _ _ _ ]",Fill-in-the-Blank,born,BORN,Born
"Alanna made a face and k _ _ _  quiet. When the time came, she would get away without George. She could take care of herself! [4 Letters K _ _ _ ]",Fill-in-the-Blank,kept,KEPT,Kept
"Philippe f _ _ _  a quick flash of anger. Was it wrong of him to wish to enjoy an afternoon's drive with a beautiful woman? To create the illusion, for a few pleasurable hours, that life was the same for him as for other men? [4 Letters F _ _ _ ]",Fill-in-the-Blank,felt,FELT,Felt
"Dutifully, she d _ _ _ _ d her fingers in poi and sampled. She shrugged her shoulders as Dillon laughed at her wrinkled nose. [6 Letters D _ _ _ _ _ D]",Fill-in-the-Blank,dipped,DIPPED,Dipped
I shivered and pressed the insides of my thighs tighter to his sides in order to h _ _ _  him to me and use him to lift me up so I could get more of him. [4 Letters H _ _ _ ],Fill-in-the-Blank,hold,HOLD,Hold
"Coert took his eyes from the view where he and Cady were finally alone, cuddled together in the observation room in her lighthouse, and looked down at her head r _ _ _ _ _ g on his shoulder. [7 Letters R _ _ _ _ _ G]",Fill-in-the-Blank,resting,RESTING,Resting
