QUESTION_TEXT,QUESTION_TYPE,OPTION_1,OPTION_2,OPTION_3
"Sarah t _ _ _  a handkerchief from her purse and began rubbing her mouth with it. Drink of water, she thought. I'd sell my soul for a drink of water. [4 Letters T _ _ _ ]",Fill-in-the-Blank,took,TOOK,Took
A walk on the ramparts would e _ _ _  her mind. She climbed to the walkway around the inner wall as Fort Mastiff slept. Only the night watch was awake: they seemed used to visitors taking a late stroll. [4 Letters E _ _ _ ],Fill-in-the-Blank,ease,EASE,Ease
"Rand's silence had an effect. Berelain lowered the letter, and her anger receded. A little. Eyes fixed on his, she d _ _ _  a deep breath that heated his cheeks. ""My Lord Dragon-"" [4 Letters D _ _ _ ]",Fill-in-the-Blank,drew,DREW,Drew
"Fin's eyes f _ _ _ _ d, his lips twitched and he jerked his chin up again. [6 Letters F _ _ _ _ _ D]",Fill-in-the-Blank,flared,FLARED,Flared
Bean saluted him. He r _ _ _ _ _ _ d the salute and got on board. [8 Letters R _ _ _ _ _ D],Fill-in-the-Blank,returned,RETURNED,Returned
"""It's a pity what she wants."" He s _ _ _ _ d his wine, a man accustomed to getting precisely what he wanted. One way or another. ""I'll stay out of your way, but I'm going. [6 Letters S _ _ _ _ _ D]",Fill-in-the-Blank,sipped,SIPPED,Sipped
"Lilith had turned back to watch us as the escorts led the way out of the gate, and her unnerving gaze m _ _  Leonora's. [3 Letters M _ _ _ ]",Fill-in-the-Blank,met,MET,Met
"""We argued about it,"" she says. ""We knew you were k _ _ _ _ _ g people while you tried to sort things out and get control. [7 Letters K _ _ _ _ _ G]",Fill-in-the-Blank,killing,KILLING,Killing
"When he was swinging right, I concentrated on anything that g _ _  close on the left. Same with his left, I went right. When he was circling his sword overhead, anything went. [3 Letters G _ _ _ ]",Fill-in-the-Blank,got,GOT,Got
"Roy had laughed at her, p _ _ _ d a finger through the text window hanging in the air to mark his place, and had waved the window away to give Jill his full attention. [5 Letters P _ _ _ _ _ D]",Fill-in-the-Blank,poked,POKED,Poked
"""When I sit up in the tower, I think about you- the way I imagine Bianca once thought about Christian. Do you think they ever m _ _ _  love?"" [4 Letters M _ _ _ ]",Fill-in-the-Blank,made,MADE,Made
"""Delph. And he has most of the money in the universe. But not enough to p _ _  for me."" [3 Letters P _ _ _ ]",Fill-in-the-Blank,pay,PAY,Pay
"On that thought he c _ _ _ _ t movement, focused his attention on the door, and felt his body snap tight. [6 Letters C _ _ _ _ _ T]",Fill-in-the-Blank,caught,CAUGHT,Caught
"He l _ _  out a long sigh. ""Anita, Anita, God."" He put one arm across his eyes. [3 Letters L _ _ _ ]",Fill-in-the-Blank,let,LET,Let
"But the government man h _ _ _  his arm. ""Her next,"" he said. Fat Canada kicked free of the place where they stood, hardly hesitating. She knew the risks, like them, but she was a dreamer too. [4 Letters H _ _ _ ]",Fill-in-the-Blank,held,HELD,Held
Frank finally noted the expression of expectancy on his face and f _ _ _ _ _ d open his notebook. His heartbeat calmed down as he perused the familiar scribbles. [7 Letters F _ _ _ _ _ D],Fill-in-the-Blank,flipped,FLIPPED,Flipped
"""What are you doing up there to make her react like that?"" Jason asked. His hands had g _ _ _  still against my thighs. [4 Letters G _ _ _ ]",Fill-in-the-Blank,gone,GONE,Gone
"Anyway, I want to check with security, find out if he t _ _ _  me the truth about when he logged out yesterday, and if he had a window to get to Mars."" [4 Letters T _ _ _ ]",Fill-in-the-Blank,told,TOLD,Told
"""Maybe a little."" She snapped beans while boys shouted, dogs barked. Male laughter r _ _ _ _ d over it all. ""Go on outside. You know you want to. I'm fine here. It's like a small sanity break."" [6 Letters R _ _ _ _ _ D]",Fill-in-the-Blank,rolled,ROLLED,Rolled
My head f _ _ _  back and I cried out as the wave crashed over me even as I felt Shy bury his face in my chest and groan into my skin. [4 Letters F _ _ _ ],Fill-in-the-Blank,flew,FLEW,Flew
