QUESTION_TEXT,QUESTION_TYPE,OPTION_1,OPTION_2,OPTION_3
"""I'm sure you f _ _ _ d the men agreeable."" Dillon crushed out his cigarette with one quick thrust. Laine found his fresh anger rewarding. [5 Letters F _ _ _ _ _ D]",Fill-in-the-Blank,found,FOUND,Found
"We n _ _ _ _ d stiffly, moved toward the door. ""If you could locate what we talked about,"" I said to him, ""we'll send someone by to pick it up."" [6 Letters N _ _ _ _ _ D]",Fill-in-the-Blank,nodded,NODDED,Nodded
"Maya was still trying to lose the last of her baby weight, and Holly wanted to e _ _  cake later, so they tried to work out together at least once a week. [3 Letters E _ _ _ ]",Fill-in-the-Blank,eat,EAT,Eat
"Everyone he could see snapped to look at him. Many were r _ _ _ _ _ g books or newspapers, which they immediately put down or hid away. The office clattered to life with the sound of fingers on keyboards and paper shuffling. [7 Letters R _ _ _ _ _ G]",Fill-in-the-Blank,reading,READING,Reading
"""See you there,"" Lucien muttered, taking Leah's hand and guiding her to the gleaming black Porsche p _ _ _ _ d on the street. [6 Letters P _ _ _ _ _ D]",Fill-in-the-Blank,parked,PARKED,Parked
"With a weak laugh, Naomi r _ _ _ _ d her eyes. ""God. What possible difference could it make now? You can't give me back one second of the time I lost. [6 Letters R _ _ _ _ _ D]",Fill-in-the-Blank,rubbed,RUBBED,Rubbed
He h _ _ _ d the door open and he righted his head. [5 Letters H _ _ _ _ _ D],Fill-in-the-Blank,heard,HEARD,Heard
"Avery c _ _ _ _ _ _ _ _ d a moment. ""I get your point, but, Hope, Jonathan was an asshole."" [10 Letters C _ _ _ _ _ D]",Fill-in-the-Blank,considered,CONSIDERED,Considered
"she said, ""I want your counsel, and you should never fear to s _ _ _ k your mind with me … when we are alone. But never question me in front of strangers. Is that understood?"" [5 Letters S _ _ _ _ _ K]",Fill-in-the-Blank,speak,SPEAK,Speak
"Ben sat back and took another long look. ""Maybe we've got a start."" His leg b _ _ _ _ _ d hers under the table. ""Wanna go back to my place and listen to my record collection?"" [7 Letters B _ _ _ _ _ D]",Fill-in-the-Blank,brushed,BRUSHED,Brushed
"Something large h _ _  the side of my head, and I fell to the bloody ground. Even in its death throes it had tried to take me with it. [3 Letters H _ _ _ ]",Fill-in-the-Blank,hit,HIT,Hit
"Bashere stiffened at first; then-strangely-he smiled a broad smile beneath drooping mustaches. Bloody Saldaeans. They liked being yelled at. Mat's words seemed to give him heart, and he galloped off, wife at his side. She threw Mat a fond look, which m _ _ _  him uncomfortable. [4 Letters M _ _ _ ]",Fill-in-the-Blank,made,MADE,Made
"Judge, who was still sleeping on Theo's bed instead of under it, got restless on Sunday morning about the time the sun b _ _ _ n peeking through the curtains. [5 Letters B _ _ _ _ _ N]",Fill-in-the-Blank,began,BEGAN,Began
"He fed there, starving for her until she moaned and brought his hand to r _ _ _  on her breast. With torturous slowness he undid the series of buttons, allowing his fingertips to trail along her skin as it was painstakingly exposed. [4 Letters R _ _ _ ]",Fill-in-the-Blank,rest,REST,Rest
"He felt her body relax under him and her arm s _ _ _  around him, her other hand gliding up his neck and into his hair as her leg moved from under him to wrap around his thigh. [4 Letters S _ _ _ ]",Fill-in-the-Blank,slid,SLID,Slid
"The harder the contraction, the longer the inhale-exhale. In my pamphlet, I called this stage ""r _ _ _ _ g the waves."" [6 Letters R _ _ _ _ _ G]",Fill-in-the-Blank,riding,RIDING,Riding
"I gave him a cold smile. ""You pass on a dozen chances to visit. You wait almost four months before you s _ _ _  your face. [4 Letters S _ _ _ ]",Fill-in-the-Blank,show,SHOW,Show
"Even later, in the bottom floor of the funhouse, when she r _ _ _ _ _ _ d consciousness, she resisted fiercely, though bound at wrists and ankles. She squirmed and thrashed, biting him until he repeatedly bashed her skull against the concrete floor. [8 Letters R _ _ _ _ _ D]",Fill-in-the-Blank,regained,REGAINED,Regained
"""-there's no evidence that a single one of our troopers so much as f _ _ _ d a shot in his own defense. It's as if they all just . . . sat there, waiting for someone-or something-to tear them apart."" [5 Letters F _ _ _ _ _ D]",Fill-in-the-Blank,fired,FIRED,Fired
Fisher felt like he'd been p _ _ _ _ _ d in the stomach. He turned away from the screen and took a deep breath. The Trego had just been the opening salvo. This was the real event. [7 Letters P _ _ _ _ _ D],Fill-in-the-Blank,punched,PUNCHED,Punched
