QUESTION_TEXT,QUESTION_TYPE,OPTION_1,OPTION_2,OPTION_3
He was right. Somehow I couldn't imagine Perse s _ _ _ _ _ _ g the next eighty years in the barrel of a Garrity flashlight. I was already wondering how thin the shield between the battery case and the lens housing might be. [8 Letters S _ _ _ _ _ G],Fill-in-the-Blank,spending,SPENDING,Spending
"It was hard to see in the semidark, but we could make out the shape clearly enough. A man, l _ _ _ g on his back. The red light-bulbs in the animal recesses made the blood seem almost transparent at first. [5 Letters L _ _ _ _ _ G]",Fill-in-the-Blank,lying,LYING,Lying
"""I had a funny feeling in my stomach, and my throat was too dry to swallow, but I had to ask her just the same-why did she mess up the funeral that way. Mr. Trace looked at her as though he had a _ _ _ d the question. [5 Letters A _ _ _ _ _ D]",Fill-in-the-Blank,asked,ASKED,Asked
"The Sowerbys had a full-time maid, and a $30,000 house, and enough money to send a daughter off to a place like Northwestern for four years, but the fact r _ _ _ _ _ _ d that Lucy Nelson was still more of a person than their own daughter would ever be. [8 Letters R _ _ _ _ _ D]",Fill-in-the-Blank,remained,REMAINED,Remained
"And still my power g _ _ _ . Or, perhaps, the more I used it, the better my manipulatory mechanisms became. [4 Letters G _ _ _ ]",Fill-in-the-Blank,grew,GREW,Grew
"She was halfway up the steps to get the first when the knock s _ _ _ _ _ d on the door. Knowing that Bess was likely in the kitchen, Willa stomped back down to answer. [7 Letters S _ _ _ _ _ D]",Fill-in-the-Blank,sounded,SOUNDED,Sounded
"They lost their first four games, the first two of these they lost soundly and Sam and the boys t _ _ _  those hits very publicly, very widely and, surprisingly, viciously. [4 Letters T _ _ _ ]",Fill-in-the-Blank,took,TOOK,Took
"Vinson o _ _ _ _ d the door, his face sullen. ""What?"" He didn't invite her in. [6 Letters O _ _ _ _ _ D]",Fill-in-the-Blank,opened,OPENED,Opened
"""Take it away,"" she whispered, and something in his face, something in her fractured mind gave her truth. ""You want to G _ _  rid of me because . . . you know. It's you who've taken the baby."" [3 Letters G _ _ _ ]",Fill-in-the-Blank,get,GET,Get
"""You know what it's like to lose a best friend. Promise me you'll at least t _ _  to understand what it would be like to lose… a son."" [3 Letters T _ _ _ ]",Fill-in-the-Blank,try,TRY,Try
"Stone quickly e _ _ _ _ _ _ _ d things to him and added, ""But there are a lot of events."" [9 Letters E _ _ _ _ _ D]",Fill-in-the-Blank,explained,EXPLAINED,Explained
It's what the mind sees that makes these stories such quintessential tales of terror. It is the unpleasant speculation called to mind when the k _ _ _ _ _ _ g on the door begins in the latter story and the grief-stricken old woman rushes to answer it. [8 Letters K _ _ _ _ _ G],Fill-in-the-Blank,knocking,KNOCKING,Knocking
"""Copy that, too. McNab's going to w _ _  his pants when he sees this place."" [3 Letters W _ _ _ ]",Fill-in-the-Blank,wet,WET,Wet
"The relevance to the Carter murder was unclear to Fritz, but then most of what the cops were saying m _ _ _  little sense. [4 Letters M _ _ _ ]",Fill-in-the-Blank,made,MADE,Made
"""I'll be sure to p _ _  that in my report."" She jerked a thumb toward the stairs, then started up. [3 Letters P _ _ _ ]",Fill-in-the-Blank,put,PUT,Put
"Do you t _ _ _ k your mother has so much honor that it would actually transfer to her sons? If you think that, then you don't know how the world works. [5 Letters T _ _ _ _ _ K]",Fill-in-the-Blank,think,THINK,Think
"""The old man l _ _ _ _ _ d gleefully again. 'Yes-Potter's Field is his new residence; eternity's the length of his lease; and he's got the Devil for a roommate. How do you like them apples, young meester? [7 Letters L _ _ _ _ _ D]",Fill-in-the-Blank,laughed,LAUGHED,Laughed
"This was too rare a thing at the CIA. The agency still spent too much of its money c _ _ _ _ _ _ _ _ g data, Greer thought, and not enough collating it. [10 Letters C _ _ _ _ _ G]",Fill-in-the-Blank,collecting,COLLECTING,Collecting
He gave Colt no chance to r _ _ _ y before he walked away and Colt found himself at the end of a bar that now both Jack and Feb were avoiding and he needed another beer. [5 Letters R _ _ _ _ _ Y],Fill-in-the-Blank,reply,REPLY,Reply
"But things would c _ _ _ _ e. This time, when the Seven came around, they'd be more than ready for the Big Evil Bastard. They'd do more than mop up the blood, put out the fires, lock up the deranged until the madness passed. [6 Letters C _ _ _ _ _ E]",Fill-in-the-Blank,change,CHANGE,Change
