QUESTION_TEXT,QUESTION_TYPE,OPTION_1,OPTION_2,OPTION_3
"The habit proved hard to b _ _ _ k once Ralph became a successful pawnshop king. Today, he would still move into the offices of acquired shops for a few weeks, to get a feel for the land, he claimed, and then move to another apartment or rental house. [5 Letters B _ _ _ _ _ K]",Fill-in-the-Blank,break,BREAK,Break
"The Devoted squeezed his eyes s _ _ _  and started whispering a prayer. To Raidriar himself, of course. [4 Letters S _ _ _ ]",Fill-in-the-Blank,shut,SHUT,Shut
"Still work to be d _ _ _ , but for what else she needed, it had to be Central. She knew just how to get through, get the rest, get it done. In just a few hours, she thought, and turned to the mirror. [4 Letters D _ _ _ ]",Fill-in-the-Blank,done,DONE,Done
"The State Department is hard at work pulling the necessary strings. And unless I m _ _ _  my guess, Senator Corrigan will probably lock his daughter in a closet until she turns about thirty."" [4 Letters M _ _ _ ]",Fill-in-the-Blank,miss,MISS,Miss
"Nine times out of ten, you will unconsciously do what she commands, and she will quickly f _ _ _  back to sleep. [4 Letters F _ _ _ ]",Fill-in-the-Blank,fall,FALL,Fall
"""Moonpie!"" Mavis called out when Leonardo came in, carrying an emormous vase of yellow roses. ""Aw, you b _ _ _ _ _ t me flowers and I haven't even had the baby yet."" [7 Letters B _ _ _ _ _ T]",Fill-in-the-Blank,brought,BROUGHT,Brought
Grace clasped her hands around her coffee cup and h _ _ _ _ _ d over the table. There was worry in her blue eyes. Thats one nasty dream. What do you make of it? [7 Letters H _ _ _ _ _ D],Fill-in-the-Blank,hunched,HUNCHED,Hunched
"""Please,"" Beldre said. ""Quellion is a good man, like you. You have to g _ _ _  him more time. Don't kill him."" [4 Letters G _ _ _ ]",Fill-in-the-Blank,give,GIVE,Give
"""Oh right."" Wayne had a s _ _ _ _ _ g feeling. ""Wasn't she one of the ones I tried to save?"" [7 Letters S _ _ _ _ _ G]",Fill-in-the-Blank,sinking,SINKING,Sinking
She h _ _ _  up her hand and shook her head. Barbie ceased. [4 Letters H _ _ _ ],Fill-in-the-Blank,held,HELD,Held
"There is a young man, plain of face, his black hair s _ _ _ t back straight and feathered with color in a style that has not been the fashion on Gulliver for a century. [5 Letters S _ _ _ _ _ T]",Fill-in-the-Blank,swept,SWEPT,Swept
"""A doughnut is right, Mr. Smart Guy, Mr. Adult. And coffee. Coffee and a doughnut, and on this a thirteen-year-old pisher with half a stomach is supposed to start a day. But you, T _ _ _ k god, have been brought up differently. [5 Letters T _ _ _ _ _ K]",Fill-in-the-Blank,thank,THANK,Thank
"They went down the hall to room 8, and Listen pushed a key into a door. He opened it, and he and his buddies began to e _ _ _ r the room. [5 Letters E _ _ _ _ _ R]",Fill-in-the-Blank,enter,ENTER,Enter
"""I'll just leave you alone to enjoy your little joke, then."" She fumbled with the knob, but even as she j _ _ _ _ d the door open, Caine was there, slamming it shut again. [6 Letters J _ _ _ _ _ D]",Fill-in-the-Blank,jerked,JERKED,Jerked
"So they werent just limited to t _ _ _ _ g things from the pastthe knife, the jewels in their hiding place. They could also put things back there, things and peopleas long as there was someone there willing to receive them. [6 Letters T _ _ _ _ _ G]",Fill-in-the-Blank,taking,TAKING,Taking
"I felt her touch when she put one hand to my face, as though she, a ghost, had more difficulty b _ _ _ _ _ _ _ g in me than I had believing in her. [9 Letters B _ _ _ _ _ G]",Fill-in-the-Blank,believing,BELIEVING,Believing
"), but the clunky images on screen, the monotone voice of the narrator, and the intermittent ping that told the teacher when to p _ _ _  the button and move on to the next picture soon took their toll on us. [4 Letters P _ _ _ ]",Fill-in-the-Blank,push,PUSH,Push
THINGS BEGAN FALLING APART for us in the summer of 1930. That's when my father refused to take a cut in pay and wound up l _ _ _ _ g his job. [6 Letters L _ _ _ _ _ G],Fill-in-the-Blank,losing,LOSING,Losing
"As the train pulled out of the station, Joanna said, ""We're sure g _ _ _ g roundabout. No one'll be able to track us down easily."" [5 Letters G _ _ _ _ _ G]",Fill-in-the-Blank,going,GOING,Going
"Scarfed and booted, with his topcoat collar t _ _ _ _ d up, David Thorne walked the streets of Manhattan, ostensibly in search of inspiration. But his imagination was not stimulated. [6 Letters T _ _ _ _ _ D]",Fill-in-the-Blank,turned,TURNED,Turned
