QUESTION_TEXT,QUESTION_TYPE,OPTION_1,OPTION_2,OPTION_3
Verbaken h _ _ _  his hands to his cheek and bent forward. [4 Letters H _ _ _ ],Fill-in-the-Blank,held,HELD,Held
"A teen-aged girl, a nat, had s _ _ _ _ _ d on the sidewalk. She was looking at me through the gate of the chainlink fence. [7 Letters S _ _ _ _ _ D]",Fill-in-the-Blank,stopped,STOPPED,Stopped
"Grandpa Smedry nodded. 'You don't think Quentin and I got ourselves captured for nothing, do you? We g _ _  close to the sands, lad. Very close.' [3 Letters G _ _ _ ]",Fill-in-the-Blank,got,GOT,Got
"He tossed aside anything that s _ _ _ d in his way, knocking over tables, smashing chairs and lamps and robotenders. [5 Letters S _ _ _ _ _ D]",Fill-in-the-Blank,stood,STOOD,Stood
"""They're all right,"" he insisted, a little frantically. ""You just ... lay down and T _ _ _  it easy, okay?"" [4 Letters T _ _ _ ]",Fill-in-the-Blank,take,TAKE,Take
"She closed her eyes a moment while her lips m _ _ _ d in silent prayer. ""I'm so confused. So sick in my heart. I want to help. I want to stay on the path."" Ulla spoke to Roarke. [5 Letters M _ _ _ _ _ D]",Fill-in-the-Blank,moved,MOVED,Moved
"""This is a place of law and order,"" Devin said solemnly, then j _ _ _ _ d his head toward the back room. ""Couple in the cooler. [6 Letters J _ _ _ _ _ D]",Fill-in-the-Blank,jerked,JERKED,Jerked
"He strode into the room like an approaching storm, his anger riding before him in a crackling wave. The power p _ _ _ _ d over me and I wanted to scream. [6 Letters P _ _ _ _ _ D]",Fill-in-the-Blank,poured,POURED,Poured
"The OmniCom was just completing its retargeting and a barren, brown-and-white image b _ _ _ n to fill the screen. Hood watched through tired eyes as the pixels filled in. Right now he wished that he were there, in the field with Mike Rodgers. [5 Letters B _ _ _ _ _ N]",Fill-in-the-Blank,began,BEGAN,Began
"Bert was an unscrupulous bastard and didn't care who knew it. It was hard to w _ _  a fight when you couldn't insult someone. I sat down across from him. He looked pleased with himself, like he knew he'd won. He should have known better. [3 Letters W _ _ _ ]",Fill-in-the-Blank,win,WIN,Win
"She lifted her brows, p _ _ _ _ d her lips as if considering. ""Interesting. However, I really think you're reaping the benefits on both sides of that deal."" [6 Letters P _ _ _ _ _ D]",Fill-in-the-Blank,pursed,PURSED,Pursed
"""I know you're one of them! Following me everywhere, reporting everything I do,"" said the rock man. His eyes d _ _ _ _ d around really fast, like he had trouble keeping still. ""Bribing my dentist, eavesdropping through my fillings! Poisoning my thoughts with fluoride!"" [6 Letters D _ _ _ _ _ D]",Fill-in-the-Blank,darted,DARTED,Darted
"""Tarnation, I did just say I have a fault or two. I didn't make any claim to shining perfection. All I said is I've k _ _ _  you safe. Haven't I?"" [4 Letters K _ _ _ ]",Fill-in-the-Blank,kept,KEPT,Kept
"Given her more than she'd deserved, Dwayne told himself now, remembering the letter. If she thought he was going to let that guitar-playing shoe hawker adopt his blood children, she had another think c _ _ _ _ g. He'd see her in hell first. [6 Letters C _ _ _ _ _ G]",Fill-in-the-Blank,coming,COMING,Coming
"Her face was drawn and tight, one hand grasping her shoulder. blood t _ _ _ _ _ _ d out between her fingers. She forced a pained smile. ""Lanced by a fish,"" she said. ""How humiliating."" [8 Letters T _ _ _ _ _ D]",Fill-in-the-Blank,trickled,TRICKLED,Trickled
"""Decided to get some night life, did you, buddy?"" Weasel smiled and c _ _ _ _ _ d him on the shoulder. Ben thought that his check must have come in; his breath alone could have made Milwaukee famous. [7 Letters C _ _ _ _ _ D]",Fill-in-the-Blank,clapped,CLAPPED,Clapped
"no one had m _ _ _ _ _ _ _ d his name, but there had more than enough of ""he this"" and ""he that."" At least neither had tried making an excuse to leave so she could report to Birgitte. [9 Letters M _ _ _ _ _ D]",Fill-in-the-Blank,mentioned,MENTIONED,Mentioned
"Silvanus turned to Elaine. His glittering eyes s _ _ _ _ _ _ d her face. ""Elaine ..."" He let the sentence trail off. He did not look to where Jonathan still sat. He did not have to. [8 Letters S _ _ _ _ _ D]",Fill-in-the-Blank,searched,SEARCHED,Searched
"Waxillium d _ _ _  his lips into a line. ""He's the one we're hiding from."" [4 Letters D _ _ _ ]",Fill-in-the-Blank,drew,DREW,Drew
"""Yes,"" I w _ _ _ _ _ _ _ d against his lips as I stroked downward. [9 Letters W _ _ _ _ _ D]",Fill-in-the-Blank,whispered,WHISPERED,Whispered
