QUESTION_TEXT,QUESTION_TYPE,OPTION_1,OPTION_2,OPTION_3
"For a while it will be buildings-craning his neck to catch a glimpse of the roofs, inspecting doorways, r _ _ _ _ _ g his hands slowly over the stone facades. [7 Letters R _ _ _ _ _ G]",Fill-in-the-Blank,running,RUNNING,Running
"""Balls,"" Max said, his voice serious. ""You've done those things, Tavi. Sometimes you had help. Some of them took a whole lot of work. None of it involved furycraft-but you've done them."" Max t _ _ _ _ d his head toward the town. [6 Letters T _ _ _ _ _ D]",Fill-in-the-Blank,tilted,TILTED,Tilted
"""So Mr. Battle didn't want her to know about it?"" prompted Michelle when the old man s _ _ _ _ d disinclined to continue. [6 Letters S _ _ _ _ _ D]",Fill-in-the-Blank,seemed,SEEMED,Seemed
"The USAF, insufficiently trained and lacking the experience that a previous war might have given, l _ _ _ _ _ d that lesson in the skies over North Vietnam. [7 Letters L _ _ _ _ _ D]",Fill-in-the-Blank,learned,LEARNED,Learned
"The thought of the Unraveling made me walk faster, excitement skipping through me. If what the Mothers said was true, I'd be able to u _ _  the cloth to help Susan, which was something just this side of divine intervention. [3 Letters U _ _ _ ]",Fill-in-the-Blank,use,USE,Use
"The Brysons' two-story Spanish house was in the Valley, on the edge of Burbank, lucky number 777 on a street l _ _ _ d with sycamores. [5 Letters L _ _ _ _ _ D]",Fill-in-the-Blank,lined,LINED,Lined
"I tried to r _ _ _ e my hand to touch the damage, but I couldnï¿½t make that much of my body move yet. [5 Letters R _ _ _ _ _ E]",Fill-in-the-Blank,raise,RAISE,Raise
"""It doesn't hurt you any. You G _ _ _  my best to your ma."" [4 Letters G _ _ _ ]",Fill-in-the-Blank,give,GIVE,Give
"Jadine c _ _ _ _ d her elbows in her palms and rocked back and forth on the stone trying hard to pull herself together before she went back to talk to Valerian, to tell him he and his joke had gone too far and might backfire. [6 Letters C _ _ _ _ _ D]",Fill-in-the-Blank,cupped,CUPPED,Cupped
"""I've never struck anyone before in my life."" She tried to k _ _ _  her voice prim, then gave up. ""I liked it."" [4 Letters K _ _ _ ]",Fill-in-the-Blank,keep,KEEP,Keep
"Toni h _ _ _ _ _ d down the hall. In her hand, she held the kris that Guru had given her, the wavy-bladed Javanese dagger that had been in the old lady's family for years. [7 Letters H _ _ _ _ _ D]",Fill-in-the-Blank,hurried,HURRIED,Hurried
"""He led an ugly life."" When Blair only lifted a brow, Cam shrugged. ""I don't have to like him to find who killed him. It's a job. My mother s _ _ _  the farm,"" [4 Letters S _ _ _ ]",Fill-in-the-Blank,sold,SOLD,Sold
"How does one escape the entirely risible fate of turning into Gramps, the old codger who, when he embarks on one of his ""Back in my time"" discourses, makes the children r _ _ _  their eyes in silent despair? [4 Letters R _ _ _ ]",Fill-in-the-Blank,roll,ROLL,Roll
"""A precious thing, loyalty,"" the pale-haired man said, eyeing the tabletop, after Ajimbura p _ _ _ _ d the door shut behind himself. ""You are involved in Lord Yulan's plans, Banner-General Karede? I would not have expected the Deathwatch Guard to be part of that."" [6 Letters P _ _ _ _ _ D]",Fill-in-the-Blank,pulled,PULLED,Pulled
"There was no doubt of that. Though someone had had the courage and compassion to cut him down from where he had swung from a rope t _ _ _  to a beam, there was no mistaking the sight of death. [4 Letters T _ _ _ ]",Fill-in-the-Blank,tied,TIED,Tied
"This he set on an easel as Maxwell t _ _ _  his place behind the lectern. From his place on the corner of the stage, Master Gunnery Sergeant Irvin watched the young faces in the audience, reminding himself that he had to pretend surprise at the announcement. [4 Letters T _ _ _ ]",Fill-in-the-Blank,took,TOOK,Took
She drew another breath and m _ _ _  him think of someone preparing to execute a surface dive in murky water. [4 Letters M _ _ _ ],Fill-in-the-Blank,made,MADE,Made
"""Go get 'em,"" Herbert said and hung up. He lowered the phone and l _ _ _ _ d at the others. [6 Letters L _ _ _ _ _ D]",Fill-in-the-Blank,looked,LOOKED,Looked
"A large, bald-headed man with a gold chain across his vest and a slightly mysterious German accent, whose family l _ _ _ d (in high style, I imagined) in New York (and on Long Island) while (no less glamorously to me) he slept during the week in a Newark hotel, the Boss was our family's Bernard Baruch. [5 Letters L _ _ _ _ _ D]",Fill-in-the-Blank,lived,LIVED,Lived
"They were selling fear 24-7, d _ _ _ g a brisk business, and I had to admit I dealt with that particular commodity myself. Except that I tried to relieve the fear, as best I could, anyway; [5 Letters D _ _ _ _ _ G]",Fill-in-the-Blank,doing,DOING,Doing
