QUESTION_TEXT,QUESTION_TYPE,OPTION_1,OPTION_2,OPTION_3
"She could have gone at him with the chair once more, but it was falling apart. Instead, she abandoned furniture for the promise of a firearm, d _ _ _ _ _ d to her knees, and snatched the discarded pistol magazine off the floor. [7 Letters D _ _ _ _ _ D]",Fill-in-the-Blank,dropped,DROPPED,Dropped
"She s _ _ _ k her head, still dazed, and moved until she could see the wild chaos of the courtyard, and the gargant with its ferocious rider as it turned to flatten a Marat warrior beneath its feet in a sudden rush of fierce anger and swiftly fading pain. [5 Letters S _ _ _ _ _ K]",Fill-in-the-Blank,shook,SHOOK,Shook
"""Think of it this way,"" she continued. ""There's a very interesting woman alive and well tonight because we w _ _ _ _ d the case and bagged a killer. [6 Letters W _ _ _ _ _ D]",Fill-in-the-Blank,worked,WORKED,Worked
"""Well, isn't that what you've got to have if you're going to k _ _ _  a bunch of goblins?"" the boy asked earnestly. [4 Letters K _ _ _ ]",Fill-in-the-Blank,kill,KILL,Kill
"It was as though the boy h _ _ _  some sort of futuristic weapon that shot light beams, a la Star Wars or Star Trek. Actually, it was a device that all people, especially kids, would be familiar with these days. [4 Letters H _ _ _ ]",Fill-in-the-Blank,held,HELD,Held
"Are you ready to h _ _ _  that? Are you ready to h _ _ _  that this was a stupid accident and Burnett's covering it up to make his own record a little less dusty?"" [4 Letters H _ _ _ ]",Fill-in-the-Blank,hear,HEAR,Hear
"The Flyboys dropped us roughly on the stone floor, which was padded here and there by Oriental carpets. None of us m _ _ _  a sound as our knees slammed against the stone, our shackled hands unable to break our fall. [4 Letters M _ _ _ ]",Fill-in-the-Blank,made,MADE,Made
"""t _ _ _  care of yourself,"" he challenged. ""Then we'll move on to the demonstration."" [4 Letters T _ _ _ ]",Fill-in-the-Blank,take,TAKE,Take
"""p _ _ _ _ e jesus,"" one of them observed. A few seconds later, the train jolted to a stop, and they were able to walk out onto the concrete platform, which, they saw, stretched a good thousand meters to the east. [6 Letters P _ _ _ _ _ E]",Fill-in-the-Blank,praise,PRAISE,Praise
"We worked gently, fearing what we might hit. I'd just f _ _ _  the tip of my shovel touch sommat when we heard wings in that hot space. Eight pigeons had followed us down. [4 Letters F _ _ _ ]",Fill-in-the-Blank,felt,FELT,Felt
"""It was never because I didn't love you."" Roger swallowed. The sound c _ _ _ _ _ d clearly over the line. ""No matter what I'm doing, I'd always rather be spending time with you."" [7 Letters C _ _ _ _ _ D]",Fill-in-the-Blank,carried,CARRIED,Carried
"Before I could finish, Tessa in her mantis form blurred through the vault door, fantastic in her speed, terrifying in her strength, and s _ _ _ _ _ d the door closed behind her. [7 Letters S _ _ _ _ _ D]",Fill-in-the-Blank,slammed,SLAMMED,Slammed
"Belew s _ _ _ _ _ d his hands down on his khaki-clad thighs. ""For an old hippie burn-out, you turn in a fair imitation of a Jesuit, Mark."" He stood. [7 Letters S _ _ _ _ _ D]",Fill-in-the-Blank,slapped,SLAPPED,Slapped
"Then he swore, scooped fingers though his just-combed hair, remembering he'd neglected to set the timer on his coffeemaker. The minutes it would take to brew it would not only s _ _  his teeth on edge, they would eat into his schedule. [3 Letters S _ _ _ ]",Fill-in-the-Blank,set,SET,Set
"""I've got to head out in a minute. Have you ever thought of… Hey."" It was the way his face l _ _  up that had Essie pursing her lips, even before she turned and saw Phoebe in the parlor doorway. [3 Letters L _ _ _ ]",Fill-in-the-Blank,lit,LIT,Lit
"He calmed himself, then turned on his computer and did a thorough search on DC detectives named Cross and Sampson. He f _ _ _ d more than he hoped for, especially on Detective Cross. [5 Letters F _ _ _ _ _ D]",Fill-in-the-Blank,found,FOUND,Found
"I stood there while he did all that except, when the door s _ _ _ _ _ d closing, I caught it, moved into it, leaned into the hall then asked Sam's departing back, ""You're leaving?"" [7 Letters S _ _ _ _ _ D]",Fill-in-the-Blank,started,STARTED,Started
"A woman I did not recognize sprawled across a cherry four-poster, her demure lace gown at odds with the rakish mask covering her eyes. I slipped inside, locking the door behind me. Then I t _ _ _ _ d to the bed. [6 Letters T _ _ _ _ _ D]",Fill-in-the-Blank,turned,TURNED,Turned
"But she walked through to her room first to c _ _ _ h her breath, compose herself. Treasures, she thought. She had the most precious treasures. She pressed her fingers to her eyes and thought of Kevin. A treasure she'd lost. [5 Letters C _ _ _ _ _ H]",Fill-in-the-Blank,catch,CATCH,Catch
"She had done the change again this morning, turning into a different person, yet the same. He could not p _ _  his finger on how he knew she was not her, she just was not. [3 Letters P _ _ _ ]",Fill-in-the-Blank,put,PUT,Put
