QUESTION_TEXT,QUESTION_TYPE,OPTION_1,OPTION_2,OPTION_3
"When she saw Egwene approaching, her relief bloomed like a flower in spring. ""Mother . . ."" That was almost a gasp. "". . . I was explaining possible penalties."" She d _ _ _  a long breath, and went on more definitely. [4 Letters D _ _ _ ]",Fill-in-the-Blank,drew,DREW,Drew
"We would d _ _ _ k a lot of white wine, blow off steam, and generally have a good time. [5 Letters D _ _ _ _ _ K]",Fill-in-the-Blank,drink,DRINK,Drink
"""This is February Owens, Denny Lowe has me, Melanie Colton and Susie Shepherd at Susie's house. He also has a gun and an axe. He's h _ _ _  people at J&J's Saloon. I can't talk anymore. [4 Letters H _ _ _ ]",Fill-in-the-Blank,hurt,HURT,Hurt
She thought Grandpop could find a sky-brushing tree for her so she could climb all the way up and c _ _ _  her mother. Mama would hear if she could just get closer to heaven. [4 Letters C _ _ _ ],Fill-in-the-Blank,call,CALL,Call
"""So am I,"" I said heatedly. ""I've faced Endemen and Necro and been outnumbered a dozen to one and survived. And, unless you forgot, your mother l _ _ _  her war. So, Archie, tell me why should I assume the outcome will be any different this time?"" [4 Letters L _ _ _ ]",Fill-in-the-Blank,lost,LOST,Lost
"Even in summer, the nights were cool. The air s _ _ _ _ _ d of rain and wet roses. The long days of July held the light even while a ghost moon rose in the eastern sky. Still, Olivia fingered the flashlight in her pocket. [7 Letters S _ _ _ _ _ D]",Fill-in-the-Blank,smelled,SMELLED,Smelled
"strength to walk away, dig for it even to t _ _ _  the first step. ""Nothing we can give [4 Letters T _ _ _ ]",Fill-in-the-Blank,take,TAKE,Take
"Added together, it meant perhaps a thousand from each clan. Twelve clans. Twelve thousand men and Maidens, eventually, all tied up in their strange honor and ready to d _ _ _ e the spears if a cat sneezed. Maybe more, because of the fair. [5 Letters D _ _ _ _ _ E]",Fill-in-the-Blank,dance,DANCE,Dance
"""He wants me to m _ _ _  a mistake. And the theme of this party is he doesn't get what he wants. He's not ready to end it yet, because he wants something from me first. [4 Letters M _ _ _ ]",Fill-in-the-Blank,make,MAKE,Make
"She had him. She lost him. She wanted him back. She knew that wasn't going to happen, mainly because she was a s _ _ _ _ _ _ _ g bitch. [9 Letters S _ _ _ _ _ G]",Fill-in-the-Blank,screaming,SCREAMING,Screaming
"his weight had spun up from one-eighty into the two-twenty range. He had b _ _ _ _ e a partner in the accounting firm-Benson and Bacon was now Benson, Bacon & Anderson. [6 Letters B _ _ _ _ _ E]",Fill-in-the-Blank,become,BECOME,Become
"But I w _ _ _  more not to see your face lookin' like I slapped you, like it does right now, so you gotta know it all."" [4 Letters W _ _ _ ]",Fill-in-the-Blank,want,WANT,Want
"I looked up at Jeremy for a hint of what to do with the goblin. He s _ _ _ _ d his hands wide. ""Don't look at me. I've never had an employee crawl into my lap and want to be petted."" [6 Letters S _ _ _ _ _ D]",Fill-in-the-Blank,spread,SPREAD,Spread
So I'd be able to s _ _ _ d more time doing things with you-and for you- after decades of endless responsibility to a corporation with thousands of employees scattered across every continent on earth. But the key phrase is doing things. [5 Letters S _ _ _ _ _ D],Fill-in-the-Blank,spend,SPEND,Spend
"He b _ _ _ _ _ d his lips over her head. ""I gotta get this out, Caroline. It gave me some hard hours through the night. He wouldn't have come after you if it weren't for me. [7 Letters B _ _ _ _ _ D]",Fill-in-the-Blank,brushed,BRUSHED,Brushed
I l _ _ _ _ d over my shoulder and through the open kitchen door. Guy lay on his back with carbonized mushrooms circling his head like an existential diadem. [6 Letters L _ _ _ _ _ D],Fill-in-the-Blank,looked,LOOKED,Looked
Suddenly he looked up and a radiant smile c _ _ _ _ _ d his dirty face. Walking in front of him was a young woman. He could only see her from the back but her long blonde hair shimmered like spun gold in the sun. [7 Letters C _ _ _ _ _ D],Fill-in-the-Blank,crossed,CROSSED,Crossed
"""They know the starkblast is coming,"" I said. My eyes would be g _ _ _ _ _ g heavy by then, and minutes later I would drift off to the music of her voice. [7 Letters G _ _ _ _ _ G]",Fill-in-the-Blank,growing,GROWING,Growing
"I slid my keycard in, the light went green, I pushed down the handle and slid the card out. Then I p _ _ _ _ d open the door. [6 Letters P _ _ _ _ _ D]",Fill-in-the-Blank,pushed,PUSHED,Pushed
He p _ _ _ _ d on jeans and a shirt to go downstairs. [6 Letters P _ _ _ _ _ D],Fill-in-the-Blank,pulled,PULLED,Pulled
