QUESTION_TEXT,QUESTION_TYPE,OPTION_1,OPTION_2,OPTION_3
"""Off the record."" Nadine h _ _ _  up her hands to signal no recorder. ""I might be able to help."" [4 Letters H _ _ _ ]",Fill-in-the-Blank,held,HELD,Held
"Fortunately, things were g _ _ _ g better with the rest of the nobility. Since Raoden had left Elantris two days before, entrusting New Elantris to Karata's care, he had managed to wiggle his way into Arelish high society with an ease that surprised even him. [5 Letters G _ _ _ _ _ G]",Fill-in-the-Blank,going,GOING,Going
"Bibi p _ _ _ _ d across the street from-and a hundred feet west of-Calida's place, in the enrobing indigo shade of a California live oak. [6 Letters P _ _ _ _ _ D]",Fill-in-the-Blank,parked,PARKED,Parked
"I had a sudden urge to l _ _ _ h at all of them, to point out that I had started out as the main attraction and had ended up as the sideshow. [5 Letters L _ _ _ _ _ H]",Fill-in-the-Blank,laugh,LAUGH,Laugh
"I wrapped my arms around his waist and t _ _ _ _ d my head back to look at him. ""You said you needed to learn to handle me with care. Wel , I need to learn the same thing. [6 Letters T _ _ _ _ _ D]",Fill-in-the-Blank,tilted,TILTED,Tilted
"""I don't have the hots for him,"" Carissa returned sharply, and Carson f _ _ _  his gut lurch. ""I just think he's a nice guy. And he doesn't deserve some girl pretending she's into him just to get in his pants. [4 Letters F _ _ _ ]",Fill-in-the-Blank,felt,FELT,Felt
"""Go to hell!"" With one violent move, he shoved the w _ _ _ _ _ g woman at Nate and dived behind a car. [7 Letters W _ _ _ _ _ G]",Fill-in-the-Blank,weeping,WEEPING,Weeping
"The doors s _ _ _ _ _ d closed and the train began to move. It might have been the light, but the bright grafitti on the sides seemed to change. [7 Letters S _ _ _ _ _ D]",Fill-in-the-Blank,snapped,SNAPPED,Snapped
Miller got out of the right-front seat and went back to the window on the s _ _ _ _ _ g door. [7 Letters S _ _ _ _ _ G],Fill-in-the-Blank,sliding,SLIDING,Sliding
"""Try me,"" I said. ""Your sick husband, your years of raising Dan alone. Now here he is at the tender young age of twenty-eight, not quite ready to l _ _ _ e the nest but already, despite your best efforts, deeply involved in the family's shit. [5 Letters L _ _ _ _ _ E]",Fill-in-the-Blank,leave,LEAVE,Leave
He l _ _  out a roar of rage and used his newfound fury to plant his feet and throw his attacker over his shoulder onto his back on the floor. [3 Letters L _ _ _ ],Fill-in-the-Blank,let,LET,Let
"The door was o _ _ _ _ d for her by the gray-uniformed maid before she'd reached the top of the wide, curved steps. [6 Letters O _ _ _ _ _ D]",Fill-in-the-Blank,opened,OPENED,Opened
"I had little hope of g _ _ _ _ _ g her to do more than that; she was a little too enchanted with herself. Still, it was fun trying. [7 Letters G _ _ _ _ _ G]",Fill-in-the-Blank,getting,GETTING,Getting
"WE d _ _ _ k coffee from plastic cups in a grill on the third floor. Deck prefers this small cafeteria because it's near the orthopedic wing, and because it's the result of a recent renovation and few lawyers know about it. [5 Letters D _ _ _ _ _ K]",Fill-in-the-Blank,drink,DRINK,Drink
"She shivered as he removed the ivory gown. The warm light of his eyes pleased her, and experimentally, she t _ _ _ _ d her head, letting her long sable curls swirl around her shoulders and over her breasts. [6 Letters T _ _ _ _ _ D]",Fill-in-the-Blank,tossed,TOSSED,Tossed
"""Get the jewel,"" said Loaf. Then he c _ _ _ _ d his eyes to wait. [6 Letters C _ _ _ _ _ D]",Fill-in-the-Blank,closed,CLOSED,Closed
"But I still had a chance, this brief moment between transformations, to strike, and I did. I performed the one act that Howlaa could not resist, the power I was given permission to u _ _  only in circumstances as extreme as these. [3 Letters U _ _ _ ]",Fill-in-the-Blank,use,USE,Use
"""I have no way of k _ _ _ _ _ g. But what I do know is, it's quite a coincidence that both the main power and the backup generator failed on the same night. [7 Letters K _ _ _ _ _ G]",Fill-in-the-Blank,knowing,KNOWING,Knowing
"""I agree,"" James Owens said. ""If they're this anxious to talk with us, they might be anxious enough to t _ _ _  us something useful. Of course, there is an element of risk. You could take someone with you."" [4 Letters T _ _ _ ]",Fill-in-the-Blank,tell,TELL,Tell
"I could try my best not to be paralyzed by the viciousness of these evil people-of-the-red-arms, and I could strive to accommodate myself to their singular lunacy, but it just wasn't right that they also expected me to p _ _ _  their game by some book of boy's-club rules that included code signs, countersigns, and secret handshakes. [4 Letters P _ _ _ ]",Fill-in-the-Blank,play,PLAY,Play
