QUESTION_TEXT,QUESTION_TYPE,OPTION_1,OPTION_2,OPTION_3
The woman h _ _ _  up her badge for me to see: FBI. [4 Letters H _ _ _ ],Fill-in-the-Blank,held,HELD,Held
"Mitch a _ _ _ _ _ d in the city of Orange at 2:20 a.m., and parked on a street that was a block away from the one on which his house stood. [7 Letters A _ _ _ _ _ D]",Fill-in-the-Blank,arrived,ARRIVED,Arrived
"The whistle b _ _ _  and the train lurched to a start, then rocked along, wheels clacking in a soothing rhythm that soon faded into the background. [4 Letters B _ _ _ ]",Fill-in-the-Blank,blew,BLEW,Blew
"I t _ _ _  a sip and told him, ""Grams to mah jongg then me to my place in town, if the cops will let me get in. [4 Letters T _ _ _ ]",Fill-in-the-Blank,took,TOOK,Took
"Her weakness of the summer was gone, and the reserves of her Gift were greater than ever. She even wondered if she didn't enjoy u _ _ _ g magic sometimes. [5 Letters U _ _ _ _ _ G]",Fill-in-the-Blank,using,USING,Using
"""Then you'll j _ _ _  the ranks of everyone else who's ever been on TV,"" Jerry said. He punched the kid in the shoulder in a comradely manner. ""Be cool. You wanted to be an ace."" [4 Letters J _ _ _ ]",Fill-in-the-Blank,join,JOIN,Join
"""And it is human nature to grasp and cling to life and to hope. If they can keep Tolenka alive they may buy enough time to f _ _ _  a solution."" She tried another bite of General Tso's chicken. [4 Letters F _ _ _ ]",Fill-in-the-Blank,find,FIND,Find
"Tavi suddenly blinked. ""Oh,"" he said. ""I can m _ _ _  a couple of minutes right now, if you like. What was it you wanted to talk about?"" [4 Letters M _ _ _ ]",Fill-in-the-Blank,make,MAKE,Make
"""It says a lot about your law firm that you have a policy about that,"" said Don. ""Don't w _ _ _ e my time, I'm calling from a payphone."" [5 Letters W _ _ _ _ _ E]",Fill-in-the-Blank,waste,WASTE,Waste
"Are the sheets warm, or is it my imagination? It's impossible to i _ _ _ _ _ e him sleeping here. Or sleeping at all. [7 Letters I _ _ _ _ _ E]",Fill-in-the-Blank,imagine,IMAGINE,Imagine
"""I suppose that's true,"" Mat agreed. It did make sense. He held out a hand to Birgitte, but she chuckled and g _ _ _  him a hug, slapping him on the back like an old pal meeting for a mug of ale. [4 Letters G _ _ _ ]",Fill-in-the-Blank,gave,GAVE,Gave
"Cauvel t _ _ _ _ _ t a moment, abandoned any thought of using implied threats, and said, And you still can avail yourself of it, Ben. I'm here, waiting to see you- [7 Letters T _ _ _ _ _ T]",Fill-in-the-Blank,thought,THOUGHT,Thought
"Awkward saying even that much, as I remembered everything he'd told me while I was in kite form about his travels with Dad-how he'd gotten lost in the Underground, g _ _ _ _ n sick in Venice, squealed like a baby when he'd found a scorpion in his sock. [6 Letters G _ _ _ _ _ N]",Fill-in-the-Blank,gotten,GOTTEN,Gotten
"Well, I might as well k _ _ _  my thoughts to myself if I wasn't going to get any information out of my companions. [4 Letters K _ _ _ ]",Fill-in-the-Blank,keep,KEEP,Keep
"""Couldn't hurt. But I'm going to speak to him later. Son of a bitch."" Eve s _ _ _ _ _ d her shoulders and went up to the second level. [7 Letters S _ _ _ _ _ D]",Fill-in-the-Blank,squared,SQUARED,Squared
"Also nestled with nature into this clearing were rusted engine blocks, piles of trash, a small mountain of bone-dry beer cans, discarded furniture, and a litany of other debris that served as visual art objects when c _ _ _ _ _ d with snow, and as home to snakes and other creatures when the mercury made its way north. [7 Letters C _ _ _ _ _ D]",Fill-in-the-Blank,covered,COVERED,Covered
"The l _ _ _  on her face, however, had made him drop the subject. She wore the same look now. [4 Letters L _ _ _ ]",Fill-in-the-Blank,look,LOOK,Look
"His head s _ _ _  back as, with satisfaction (it might not be nice, but it was honest) I saw blood form on his cheek and he shouted, ""Fuckin' bitch!"" [4 Letters S _ _ _ ]",Fill-in-the-Blank,shot,SHOT,Shot
"it would come to him in time), when he noticed that there were people still eating in the Haven Lunch. People still shopping in the market. A deep chill had t _ _ _ _ _ d his heart like a finger made of ice. [7 Letters T _ _ _ _ _ D]",Fill-in-the-Blank,touched,TOUCHED,Touched
"Watching her, he slipped his arms around her waist and d _ _ _  her slowly close, closer, saw her lashes flutter as he lowered his mouth to touch hers. ""I've got to see you, Laura. Alone."" ""I know. [4 Letters D _ _ _ ]",Fill-in-the-Blank,drew,DREW,Drew
