QUESTION_TEXT,QUESTION_TYPE,OPTION_1,OPTION_2,OPTION_3
"This is one of the saddest stories I know. If not for a minor miracle that occurred twenty years after the fact, I doubt that I would have been able to s _ _ _ _ n the courage to tell it. [6 Letters S _ _ _ _ _ N]",Fill-in-the-Blank,summon,SUMMON,Summon
"He went into the kitchen, casting lunatic, shying glances at the open cellar door. The sun was g _ _ _ g down in a blazing mullion of reds and yellows and purples. [5 Letters G _ _ _ _ _ G]",Fill-in-the-Blank,going,GOING,Going
"He was sitting in the implant chair with his head leaned back, eyes closed, lips m _ _ _ _ g slightly-she had always teased him about being, not a lip reader, but a ""lip writer."" [6 Letters M _ _ _ _ _ G]",Fill-in-the-Blank,moving,MOVING,Moving
"""Absolutely. Please. If you have any questions - if there's anything we can do…"" Buchanan l _ _ _ _ d his hands. ""I've never dealt with anything like this, so I'm not sure what we can or should do."" [6 Letters L _ _ _ _ _ D]",Fill-in-the-Blank,lifted,LIFTED,Lifted
"Because he m _ _ _  her think instead of react, the constriction on her chest loosened. She shook her head. ""I have my passport with me all the time. I don't travel with anything really valuable. But my laptop-"" [4 Letters M _ _ _ ]",Fill-in-the-Blank,made,MADE,Made
"I h _ _ _  up the phone, and Nurse Jen stared at me with her mouth open. ""What the hell are you doing?"" [4 Letters H _ _ _ ]",Fill-in-the-Blank,hung,HUNG,Hung
"If that was her pissed off, they were both in trouble. She thought he was hot when he was pissed. He thought she l _ _ _ _ d adorable. [6 Letters L _ _ _ _ _ D]",Fill-in-the-Blank,looked,LOOKED,Looked
"""I had been hoping to teach you,"" said Master Han. ""But if this man is going to work toward what he says he will, then with him you'll have a better chance to c _ _ _ _ e the course of human history than you'd ever have here, where the virus will do our main work for us."" [6 Letters C _ _ _ _ _ E]",Fill-in-the-Blank,change,CHANGE,Change
"He o _ _ _ _ d the screen door. ""You wanted to clean him out. Let's do it."" [6 Letters O _ _ _ _ _ D]",Fill-in-the-Blank,opened,OPENED,Opened
"Urethra, Cerebella, Hernia Sue. They moved like cats and like cats in heat attracted surrounding swains to their midden until the old man u _ _ _  to go out at night and fire a shotgun at random just to clear the air. [4 Letters U _ _ _ ]",Fill-in-the-Blank,used,USED,Used
"The core of him floated in emptiness. He could see the light-saidin-even with his eyes closed, f _ _ _  the warmth of it, surrounding him, surrounding everything, suffusing everything. It wavered like a candle flame seen through oiled paper. Rancid oil. Stinking oil. [4 Letters F _ _ _ ]",Fill-in-the-Blank,feel,FEEL,Feel
"Heart fluttering in anticipation, Vin slipped through the opening and into the silent storage cache. She immediately jumped down to the cache floor and b _ _ _ n searching for the plate that would contain the Lord Ruler's information. She just had to- [5 Letters B _ _ _ _ _ N]",Fill-in-the-Blank,began,BEGAN,Began
"With the sagging, the vomiting, the near fainting, the face blanching, and the weak, unsteady voice, Westbay was turning into putty. Allie sensed a quick kill, though the lawyer could c _ _ _ _ _ _ _ _ e things, as they so often did. [10 Letters C _ _ _ _ _ E]",Fill-in-the-Blank,complicate,COMPLICATE,Complicate
I had this droll mental picture of him marching the guy up to his loon of a teenaged king and trying to t _ _ _  the boy to stay away from Poltava. [4 Letters T _ _ _ ],Fill-in-the-Blank,tell,TELL,Tell
"As they t _ _ _ _ d to the door, Sully used a conversational tone that smacked so contradictorily against the words he said that they struck the room with a force that couldn't be ignored. [6 Letters T _ _ _ _ _ D]",Fill-in-the-Blank,turned,TURNED,Turned
"I suggested, and something hot and phenomenal moved through his eyes even as his hips g _ _ _  a slight jerk and his face got closer to mine. [4 Letters G _ _ _ ]",Fill-in-the-Blank,gave,GAVE,Gave
"perhaps it was George who was the real killer from the white wastes. Finally Bill had fled from that cold, invisible brother and into his room, where he l _ _  face down on his bed and cried into his pillow. [3 Letters L _ _ _ ]",Fill-in-the-Blank,lay,LAY,Lay
"""Shit,"" Shaw muttered. They'd l _ _ _ _ d the doors. He peered inside the window. No keys dangling conveniently in the ignition. He saw no guns either. Reggie joined him. [6 Letters L _ _ _ _ _ D]",Fill-in-the-Blank,locked,LOCKED,Locked
"And then, as she reached for the money, I b _ _ _  her a kiss, turned around, and left. [4 Letters B _ _ _ ]",Fill-in-the-Blank,blew,BLEW,Blew
"But it was back and as he moved down the stairs, he p _ _ _ _ d to god that this time he kept his shit together and took care of it. [6 Letters P _ _ _ _ _ D]",Fill-in-the-Blank,prayed,PRAYED,Prayed
