QUESTION_TEXT,QUESTION_TYPE,OPTION_1,OPTION_2,OPTION_3
"Rick d _ _ _ k his coffee. ""There are all kinds of men in the world."" [5 Letters D _ _ _ _ _ K]",Fill-in-the-Blank,drank,DRANK,Drank
"When I was free for a few minutes, I took Greg a fresh Newcastle and p _ _  it in front of him, whisking away the empty. [3 Letters P _ _ _ ]",Fill-in-the-Blank,put,PUT,Put
Her mind always worked better when her hands were o _ _ _ _ _ _ d. So she made herself at home while she thought through her options. [8 Letters O _ _ _ _ _ D],Fill-in-the-Blank,occupied,OCCUPIED,Occupied
"""Good morning."" Loretta, dressed in one of her tidy suits, hair and pearls in place, b _ _ _ _ d a smile. [6 Letters B _ _ _ _ _ D]",Fill-in-the-Blank,beamed,BEAMED,Beamed
"Then I kissed him as hard as I could, trying to show him how much his words m _ _ _ t to me. [5 Letters M _ _ _ _ _ T]",Fill-in-the-Blank,meant,MEANT,Meant
"He hadn't told that story in years. If he had, he would have talked about her exactly the way his twin had, just now. Some things you just don't s _ _  to people. [3 Letters S _ _ _ ]",Fill-in-the-Blank,say,SAY,Say
"When I walk into a store, I immediately find cover and watch the door I just came through. I never eat in the same restaurant twice, and I always f _ _ _  a table with a view of the parking lot. [4 Letters F _ _ _ ]",Fill-in-the-Blank,find,FIND,Find
"""I won't apologize for being in love with you. Or for m _ _ _ _ g love with you. [6 Letters M _ _ _ _ _ G]",Fill-in-the-Blank,making,MAKING,Making
"""I'm, uh, an exterminator."" Spector t _ _ _  a few steps away from Ralph and dug into some fresh garbage. He tossed a couple of paper sacks aside and unearthed a broken-clown couch. [4 Letters T _ _ _ ]",Fill-in-the-Blank,took,TOOK,Took
"""I cannot believe you a _ _ _ d mom to buy you a chair,"" Auden said precisely like he couldn't believe it. [5 Letters A _ _ _ _ _ D]",Fill-in-the-Blank,asked,ASKED,Asked
"She g _ _ _  him a quick, toothy grin. ""You're pretty handy to have around, even after sex."" [4 Letters G _ _ _ ]",Fill-in-the-Blank,gave,GAVE,Gave
"Exton slammed the door shut, ignoring Joel. Then he knelt to the floor and p _ _ _ _ d out a piece of chalk. He drew a line in front of the doorway, then up the sides of the wall and around the doorway. He stepped back. [6 Letters P _ _ _ _ _ D]",Fill-in-the-Blank,pulled,PULLED,Pulled
"She s _ _ _ _ _ d her attention from the list to Carter. ""Do I look upset?"" [7 Letters S _ _ _ _ _ D]",Fill-in-the-Blank,shifted,SHIFTED,Shifted
"Crowler rose to his feet, all the blood drained from his face at the sight of his victims, his nostrils flared and his eyes w _ _ _ _ _ d just a bit. Please, he said, turning to the others, his tone almost desperate. [7 Letters W _ _ _ _ _ D]",Fill-in-the-Blank,widened,WIDENED,Widened
"""same g _ _ _ . You want to explain that little trick when you came out of the wall?"" Ry began, but he was talking to air before the sentence was finished. ""Not bad,"" [4 Letters G _ _ _ ]",Fill-in-the-Blank,goes,GOES,Goes
Their eyes m _ _  and she recognized him. It was the man in the photo. The man The Hand had called Billy Ray. [3 Letters M _ _ _ ],Fill-in-the-Blank,met,MET,Met
"A capital M man, she reflected. No polished executive could exude such an aura of success striding down Madison Avenue in a thousand-dollar suit with a dozen Sterling roses in his manicured hand as Murphy Muldoon strolling over the land in w _ _ _  boots and a spray of wildflowers. [4 Letters W _ _ _ ]",Fill-in-the-Blank,worn,WORN,Worn
"When Coram found signs that bandits had been in the area recently, Liam decreed it was time to s _ _ _  for the night. Faithful found abandoned caves above a stream, where Thayet briskly set up camp. [4 Letters S _ _ _ ]",Fill-in-the-Blank,stop,STOP,Stop
"Maybe it was the way his hand curved around her neck, with his fingers gentle and soothing. Or maybe it was the way his lips made hers f _ _ _  soft and tingly. [4 Letters F _ _ _ ]",Fill-in-the-Blank,feel,FEEL,Feel
"The girl lay there before the fire, breathing soft, her eyes c _ _ _ _ d. [6 Letters C _ _ _ _ _ D]",Fill-in-the-Blank,closed,CLOSED,Closed
