QUESTION_TEXT,QUESTION_TYPE,OPTION_1,OPTION_2,OPTION_3
"His face l _ _ _ _ d haunted. He shook the thought away and looked back at me. ""I have seen the Darkness hunt. [6 Letters L _ _ _ _ _ D]",Fill-in-the-Blank,looked,LOOKED,Looked
"Remington's eyes c _ _ _ _ _ d, fog over ice, and began to dart around the room. The intelligence, the crafty humor in them, had vanished. ""I need a phone. I seem to have misplaced my phone. Where's the damn concierge?"" [7 Letters C _ _ _ _ _ D]",Fill-in-the-Blank,clouded,CLOUDED,Clouded
"He didn't know if a tricked-up gun could explode in his hand when he p _ _ _ _ d the trigger, but he wasn't going to find out the hard way. [6 Letters P _ _ _ _ _ D]",Fill-in-the-Blank,pulled,PULLED,Pulled
"Unconventional warfare is hard to pin down, but over the years, a working understanding has developed. It is far from complete, and is blind to many nuances, but it's not a bad place to s _ _ _ t: [5 Letters S _ _ _ _ _ T]",Fill-in-the-Blank,start,START,Start
"His answer was a mutter as he turned again. He drove sedately for a half block, then pulled over to the curb, s _ _ _  off the engine. [4 Letters S _ _ _ ]",Fill-in-the-Blank,shut,SHUT,Shut
"I s _ _  the glasses down beside the confessions. ""I decline to drink,"" I said. My mother had asked me to avoid alcohol, too. [3 Letters S _ _ _ ]",Fill-in-the-Blank,set,SET,Set
"Jonathan Yarbeck was stuffing handfuls of wood chips in among the logs that he'd piled in the brick fireplace, g _ _ _ _ _ g ready to light a fire. He stood up, dusting his hands together, as his wife introduced Vince. "". . . John Parker of the FBI."" [7 Letters G _ _ _ _ _ G]",Fill-in-the-Blank,getting,GETTING,Getting
"When they got out of the limo, under an awning on the East Wing, a Marine in parade dress took Ridley's arm and began an escort that took them into the East Room of the White House, where the guests were congregating and h _ _ _ _ g a drink. [6 Letters H _ _ _ _ _ G]",Fill-in-the-Blank,having,HAVING,Having
"Some of the large canvases portrayed the twisted, mutant faces of a few of the human oddities who m _ _ _  their living in Freak-o-rama, and these appeared to leer and wink and snarl and sneer at the carnies who labored below, a trick of the wind as it played with the canvas. [4 Letters M _ _ _ ]",Fill-in-the-Blank,made,MADE,Made
The guided weapon of the terrorist is a human being with an explosive vest ready to d _ _  for his cause. The B-2 bomber of a radical Islamic terrorist is a B-767 filled with fuel and flown into the Pentagon. [3 Letters D _ _ _ ],Fill-in-the-Blank,die,DIE,Die
"""Protection spell,"" Cassandra replied, ""some special pixie dust sprinkled here and there, a few incantations."" When Cash's jaw got tight, Cassandra's voice d _ _ _ _ d low. ""I know how it sounds but, I promise you, I also know what I'm doing."" [6 Letters D _ _ _ _ _ D]",Fill-in-the-Blank,dipped,DIPPED,Dipped
"""This is great, and we'll have a group hug later,"" Fang interrupted, ""but can we p _ _  attention to what's happening below?"" [3 Letters P _ _ _ ]",Fill-in-the-Blank,pay,PAY,Pay
"All of a sudden, my arms were forced to circle his shoulders when his hand d _ _ _ _ _ _ _ _ _ d from my jaw. He caught me up in a tight embrace and buried his face in my neck. [11 Letters D _ _ _ _ _ D]",Fill-in-the-Blank,disappeared,DISAPPEARED,Disappeared
"They were now coming up to a curve in the highway. From the corner of his eye web w _ _ _ _ _ d Romano. The guy looked calmly ahead, as though he drove this fast every day. Hell, maybe he did. [7 Letters W _ _ _ _ _ D]",Fill-in-the-Blank,watched,WATCHED,Watched
"She had to take a drink, had to p _ _  some distance between them. Whatever she'd said to Rowena, she understood now that she was a about to do something much more wrenching than giving up a talent with paint and brush. [3 Letters P _ _ _ ]",Fill-in-the-Blank,put,PUT,Put
"It don't have to be no big-time stuff like the Cards. I mean, Class D is okay with me. Just as long as they use bats and balls, you won't h _ _ _  a word of complaint from this corner. [4 Letters H _ _ _ ]",Fill-in-the-Blank,hear,HEAR,Hear
"Yet were they entirely sightless? There was something in them, something just beyond definition, which made Laurel wonder. She f _ _ _  a sense of unknown awe creep into her, a feeling which almost touched upon fear. [4 Letters F _ _ _ ]",Fill-in-the-Blank,felt,FELT,Felt
"""Last night. Well, this morning. You don't forget a face like that,"" she a _ _ _ d with a laugh. [5 Letters A _ _ _ _ _ D]",Fill-in-the-Blank,added,ADDED,Added
"The tears vanished as her blood b _ _ _ n to swim. Pulling him closer, she let her hands run up the sides of his face and into his hair. [5 Letters B _ _ _ _ _ N]",Fill-in-the-Blank,began,BEGAN,Began
Brian unbuckled his harness and got shakily to his feet. He t _ _ _  his handkerchief out of his back pocket and handed it to her. 'Wipe your nose. It's bleeding.' [4 Letters T _ _ _ ],Fill-in-the-Blank,took,TOOK,Took
