QUESTION_TEXT,QUESTION_TYPE,OPTION_1,OPTION_2,OPTION_3
"Modular Man had managed to wrench himself around in the Turtle's telekinetic grasp. The android was hellacious strong. Sweat was popping out on Tom's brow as he fought to hold him. ""I don't want to fight you,"" Modular man s _ _ _ _ _ d up. [7 Letters S _ _ _ _ _ D]",Fill-in-the-Blank,shouted,SHOUTED,Shouted
"His heart was t _ _ _ _ _ _ g as he thought about what came next. Breaking and entering, sugarbear. You could go to jail for that. [8 Letters T _ _ _ _ _ G]",Fill-in-the-Blank,thumping,THUMPING,Thumping
"Partly this was because having made it into the Net Force Explorers when so many people w _ _ _ _ d to get in was something of a plum…and partly because it struck them all that bragging about it was not only unnecessary, but possibly unwise. [6 Letters W _ _ _ _ _ D]",Fill-in-the-Blank,wanted,WANTED,Wanted
The house had haunted him for a lifetime. He hadn't s _ _  eyes on her a month before. Yet they were both in his blood. He hadn't been exaggerating when he told her that he couldn't see anything but her. [3 Letters S _ _ _ ],Fill-in-the-Blank,set,SET,Set
"At first numb with shock, he at last l _ _  out a wail and grabbed for the zipper on the purse to close it. [3 Letters L _ _ _ ]",Fill-in-the-Blank,let,LET,Let
"And one who'd be seduced by and damaged by a man who had none of those things inside him. A man who wouldn't be able to s _ _ _  himself from taking them from her, then leaving her shattered. [4 Letters S _ _ _ ]",Fill-in-the-Blank,stop,STOP,Stop
"He'd always l _ _ _ d the feel of it, the smell of it. ""You're the only one,"" he murmured. ""You've always been the only one."" [5 Letters L _ _ _ _ _ D]",Fill-in-the-Blank,loved,LOVED,Loved
"Centuries from now, who knows? Maybe magic will have the side effect of m _ _ _ _ g you really good-looking and popular with the opposite sex-but I'm not holding my breath. [6 Letters M _ _ _ _ _ G]",Fill-in-the-Blank,making,MAKING,Making
"Rick pressed the button, and a voice answered, then someone buzzed us in. We c _ _ _ _ _ d the bridge over a man-made recirculating river that could only have existed in Las Vegas, or maybe Orlando. [7 Letters C _ _ _ _ _ D]",Fill-in-the-Blank,crossed,CROSSED,Crossed
"""We will, child."" Gersalius patted her hand and l _ _ _ _ _ _ d her grip on his arm. ""Let us see who abides in this tomb."" He crawled forward, brushing snow from the grave maker. [8 Letters L _ _ _ _ _ D]",Fill-in-the-Blank,loosened,LOOSENED,Loosened
"I m _ _ _ _ _ _ d the art of magical copies so that I might be able to move around. May I sit down?"" [8 Letters M _ _ _ _ _ D]",Fill-in-the-Blank,mastered,MASTERED,Mastered
"Assume that just fifteen minutes after she t _ _ _ _ _ _ _ _ d the call to Sidney, her enemy's security software alerted them to a search of Shenneck Technology's website from a Pierce College workstation. [10 Letters T _ _ _ _ _ D]",Fill-in-the-Blank,terminated,TERMINATED,Terminated
"Dark came abruptly, with no twilight to speak of, and the streets emptied. The harper's melody began again. Gareth Bryne still sat on his box on the edge of a pool of light from the Hall's banquet. Nynaeve s _ _ _ k her head; [5 Letters S _ _ _ _ _ K]",Fill-in-the-Blank,shook,SHOOK,Shook
"""We got caught by Gate Lords, Mai and me and some of the others,"" she t _ _ _  briar when she could speak clearly. ""The Lords beat Mai bad, worse than the boys with us, because of their tesku talking with her. [4 Letters T _ _ _ ]",Fill-in-the-Blank,told,TOLD,Told
"""No, no, Jason Grace, aren't you? It was-what-last year? You were on your way to f _ _ _ t a sea monster, I believe."" [5 Letters F _ _ _ _ _ T]",Fill-in-the-Blank,fight,FIGHT,Fight
"He could h _ _ _  voices, but he didn't want to open his eyes to see who was speaking. [4 Letters H _ _ _ ]",Fill-in-the-Blank,hear,HEAR,Hear
"For a bare moment Perrin gaped. Alanna wanted him? She had sent Ihvon? Just in time to save his life. Shaking himself, he r _ _ _ _ d his voice again. ""Two Rivers to me! For the love of the Light, rally to me! Here! Rally! Here!"" [6 Letters R _ _ _ _ _ D]",Fill-in-the-Blank,raised,RAISED,Raised
"Are you foolish enough to t _ _ _ k you'll get out of this place alive? Look at you-your gun hand isn't even trembling."" [5 Letters T _ _ _ _ _ K]",Fill-in-the-Blank,think,THINK,Think
"""Too bad I can't s _ _  the same thing about your goddamned morality,"" said Tolly Mune. Her tone was acid. Blackjack growled counterpoint at her feet. ""Why the hell did I ever help you keep this goddamned ship? [3 Letters S _ _ _ ]",Fill-in-the-Blank,say,SAY,Say
"Sean followed him back to his federal-issued cruiser. He climbed in the passenger side while Ventris ducked in the driver's seat. When the doors s _ _ _ _ _ d shut Ventris turned to him and snapped, ""What do you think you're doing, you idiot?"" [7 Letters S _ _ _ _ _ D]",Fill-in-the-Blank,slammed,SLAMMED,Slammed
