QUESTION_TEXT,QUESTION_TYPE,OPTION_1,OPTION_2,OPTION_3
"""You brought home a wedding dress for me to try on?"" Eyes narrowed, Mac pointed at Parker. ""Aren't you the one who's always telling brides they might try on a hundred dresses before they f _ _ _  the one?"" [4 Letters F _ _ _ ]",Fill-in-the-Blank,find,FIND,Find
"But she had been twelve when her father had g _ _ _ n her mother the brooch. A birthday present. And she remembered how delighted her mother had been. She had worn it at every case she had tried, even after the divorce. [5 Letters G _ _ _ _ _ N]",Fill-in-the-Blank,given,GIVEN,Given
"As she stepped outside, a sudden, high beep-beep-beep stopped her in her tracks. Cage door alarm, she thought, as her pulse j _ _ _ _ d. The coffee splattered when she dropped it to streak down the steps, to race to the other cabin. [6 Letters J _ _ _ _ _ D]",Fill-in-the-Blank,jumped,JUMPED,Jumped
"Raising its head again, speaking in that same scratchy voice but with cold, insane glee, it said, ""Kill dog, kill dog, kill dog,"" and it m _ _ _  a sound that might have been laughter. [4 Letters M _ _ _ ]",Fill-in-the-Blank,made,MADE,Made
"She felt she'd missed something important about his visit-something she would've seen if she'd been t _ _ _ _ _ _ g more clearly. She'd been so shaken, she wasn't even sure she'd locked the front door when she left. [8 Letters T _ _ _ _ _ G]",Fill-in-the-Blank,thinking,THINKING,Thinking
"As they t _ _ _ _ d left onto the gravel track, Sylvia opened the window to let the fresh air into the coupe. [6 Letters T _ _ _ _ _ D]",Fill-in-the-Blank,turned,TURNED,Turned
"As soon as he o _ _ _ _ d the door, Web almost bumped into the rear of the mass of people that had somehow squeezed itself into the space. [6 Letters O _ _ _ _ _ D]",Fill-in-the-Blank,opened,OPENED,Opened
"He flung himself sideways, closing his eyes and throwing his arms about his head, smashed through the window and struck the yard with his wounded shoulder. The place where the bullet had grazed him b _ _ _ e open and began to bleed again. [5 Letters B _ _ _ _ _ E]",Fill-in-the-Blank,broke,BROKE,Broke
"She took me into the kitchen and t _ _ _  a knife out of the drawer and tried to cut out my uterus."" [4 Letters T _ _ _ ]",Fill-in-the-Blank,took,TOOK,Took
"""I was getting headaches. Headaches so terrible they made me vomit. You'll help me G _ _  rid of this Kliman, won't you?"" [3 Letters G _ _ _ ]",Fill-in-the-Blank,get,GET,Get
"She glanced at Ruin, who stood on the other side of the bench, s _ _ _ _ _ g his head as if he understood far more than he was telling her. She turned back to Yomen. ""I still don't understand,"" she said. ""Time for what?"" [7 Letters S _ _ _ _ _ G]",Fill-in-the-Blank,shaking,SHAKING,Shaking
Lamia didn't have time to finish before Claymore's fist s _ _ _ _ _ d into her face. [7 Letters S _ _ _ _ _ D],Fill-in-the-Blank,slammed,SLAMMED,Slammed
"She s _ _ _ _ _ _ d his hand, urging him to be silent. The judges paid him no attention. [8 Letters S _ _ _ _ _ D]",Fill-in-the-Blank,squeezed,SQUEEZED,Squeezed
"""I did, yes. I see now that Alasdair knew, and he used it against me. I wanted you safe. Knowing you now-the man you are now-that b _ _ _ _ e more important than…"" She looked at the castle. ""Than the rest. [6 Letters B _ _ _ _ _ E]",Fill-in-the-Blank,became,BECAME,Became
"Unlike the intelligence chief, Hood had never p _ _  his life on the line. He had been a mayor and a financial officer before taking this job. He had sent Striker into danger before but never into an armed conflict. [3 Letters P _ _ _ ]",Fill-in-the-Blank,put,PUT,Put
"Wide reading in both these fields, not only to help you learn the form but also to help you l _ _ _ n the names and careers of established series characters, is essential. [5 Letters L _ _ _ _ _ N]",Fill-in-the-Blank,learn,LEARN,Learn
"""Oh, no, please, don't run off on my account. I've got to go."" Patricia sent one more longing look in Joseph's direction. ""I've people w _ _ _ _ _ g for me. I just wanted to-well, goodbye."" [7 Letters W _ _ _ _ _ G]",Fill-in-the-Blank,waiting,WAITING,Waiting
"Lessie waved from the inside of her building, then pointed toward the back. She was going to go out in that direction and creep along behind the next set of buildings. wax n _ _ _ _ d, then made a curt gesture. [6 Letters N _ _ _ _ _ D]",Fill-in-the-Blank,nodded,NODDED,Nodded
"Orenthaler nodded. He got up and came around the desk and took my hand. ""Then here's the truth, Lindsay. What you have is life t _ _ _ _ _ _ _ _ _ g."" [11 Letters T _ _ _ _ _ G]",Fill-in-the-Blank,threatening,THREATENING,Threatening
"He t _ _ _ _ d his head back, putting his hands to her hips as he looked to her eyes to see them on his tee. [6 Letters T _ _ _ _ _ D]",Fill-in-the-Blank,tipped,TIPPED,Tipped
