QUESTION_TEXT,QUESTION_TYPE,OPTION_1,OPTION_2,OPTION_3
"""No."" She kept her eyes closed as he drove, but her lips c _ _ _ _ d a little. ""I don't get hysterical over a spat. I hope to God it takes more than that to bring me so low."" [6 Letters C _ _ _ _ _ D]",Fill-in-the-Blank,curved,CURVED,Curved
Whatever happened to those two h _ _ _ _ g each other? she thought with annoyance. I barely get to see him. [6 Letters H _ _ _ _ _ G],Fill-in-the-Blank,hating,HATING,Hating
I started giggling. Lahn's arm gave me a squeeze as his lips t _ _ _ _ d up into a smile. [6 Letters T _ _ _ _ _ D],Fill-in-the-Blank,tipped,TIPPED,Tipped
"In those eight months, she had s _ _  at her desk and at boring meetings over at the Pentagon, reading the communiques of his exploits and jealous that she was at the controls of nothing more powerful than a Porsche 997 Carrera. [3 Letters S _ _ _ ]",Fill-in-the-Blank,sat,SAT,Sat
"Ben and Dave Miller were going to f _ _ _  one of those lost cities and revolutionize the human view of the ancient Martian civilization. Oh, he had such plans, with his new-minted Ph.D. [4 Letters F _ _ _ ]",Fill-in-the-Blank,find,FIND,Find
The sand t _ _ _ _ d black and sprayed off the Kershtian's armor like water splashing against a stone wall. [6 Letters T _ _ _ _ _ D],Fill-in-the-Blank,turned,TURNED,Turned
"he said, and he t _ _ _ _ d his fingers along the mounds of my breasts where the bra met the whiteness of my flesh. I drew a breath for him. [6 Letters T _ _ _ _ _ D]",Fill-in-the-Blank,traced,TRACED,Traced
"He s _ _ _ k his head and wrapped her cloak back around her, fastening the brooch in place once more. He lifted her so that she was nestled against him, his strong arms enfolding her. ""It is safe. And so are you. [5 Letters S _ _ _ _ _ K]",Fill-in-the-Blank,shook,SHOOK,Shook
"It didn't look like a robbery gone bad. The doors were all locked, and the only sign of f _ _ _ _ d entry was what Jacobi had done to the front door. [6 Letters F _ _ _ _ _ D]",Fill-in-the-Blank,forced,FORCED,Forced
Daughter Naomi and son Owen got here late last night. We had a great Father's Day dinner; people s _ _ _ _ g things to me that were so nice I had to check to make sure I wasn't dead! [6 Letters S _ _ _ _ _ G],Fill-in-the-Blank,saying,SAYING,Saying
"Then Engel made his way back to where Weimy, the consummate professional, had his Mk12 trained over the gunwale, still looking for targets along the wooded riverbank. Engel p _ _  his hand on Weimy's shoulder and leaned close to make himself heard. [3 Letters P _ _ _ ]",Fill-in-the-Blank,put,PUT,Put
"""Three hundred and eighty-seven words . . . and counting,"" Ernie answers, his fingers t _ _ _ _ _ g away on the wireless keyboard. ""I'll make it."" [7 Letters T _ _ _ _ _ G]",Fill-in-the-Blank,tapping,TAPPING,Tapping
"Before Ferramore could even nod in agreement, though, my office f _ _ _ _ d with the sound of Courtney's cell phone. Instinctively, she reached into the pocket of her Chanel suit to check the caller ID. [6 Letters F _ _ _ _ _ D]",Fill-in-the-Blank,filled,FILLED,Filled
"She k _ _ _  her gaze on the window of the room, even as she fought hard to move herself. Inch by precious inch she progressed, until she was half-sitting, her eyes still on that window. [4 Letters K _ _ _ ]",Fill-in-the-Blank,kept,KEPT,Kept
"It was about two months into the expedition. winter was c _ _ _ _ g to Wraithworld and Castle Cloud, and the air was getting cold and crisp. Dubowski and I were out on the dining balcony, lingering over coffee after another superb meal. [6 Letters C _ _ _ _ _ G]",Fill-in-the-Blank,coming,COMING,Coming
"""Farewell, Father,"" Helaran said, turning and striding from the room. ""Try not to ruin too much while I'm gone. I will come back periodically to check."" His voice e _ _ _ _ d in the hallway outside as he left. [6 Letters E _ _ _ _ _ D]",Fill-in-the-Blank,echoed,ECHOED,Echoed
"I d _ _ _  in a deep breath, pulling it together before I looked down at her. ""Not really. Lots on my mind. But I figure I just need to find Abel and I'll be okay."" [4 Letters D _ _ _ ]",Fill-in-the-Blank,drew,DREW,Drew
"For some reason, his whole body t _ _ _ _ d. He looked at me like I was trying to corner him. ""What do you mean?"" [6 Letters T _ _ _ _ _ D]",Fill-in-the-Blank,tensed,TENSED,Tensed
"ing round our necks,"" said Ron, w _ _ _ _ g his mouth on the back of [6 Letters W _ _ _ _ _ G]",Fill-in-the-Blank,wiping,WIPING,Wiping
"""Then s _ _ _  close,"" Michael said. He moved out at a stalk, sword held high over his head, ready to sweep down on top of anything stupid enough to come leaping at him. [4 Letters S _ _ _ ]",Fill-in-the-Blank,stay,STAY,Stay
