QUESTION_TEXT,QUESTION_TYPE,OPTION_1,OPTION_2,OPTION_3
"Gwynn l _ _ _ _ d at the woman busily tearing cloth. ""I'm grateful to you."" [6 Letters L _ _ _ _ _ D]",Fill-in-the-Blank,looked,LOOKED,Looked
"Hartke says, ""I know there are people who think the piece was too slow and repetitious, I guess, and uneventful. But it's probably too eventful. I p _ _  too much into it. [3 Letters P _ _ _ ]",Fill-in-the-Blank,put,PUT,Put
"Totally relaxed, she toyed with the idea of a short preparty nap. Then w _ _ _ _ d into the bedroom and shrieked. [6 Letters W _ _ _ _ _ D]",Fill-in-the-Blank,walked,WALKED,Walked
"It's simply a fact, one of the conditions of being human, and even if we're surrounded by others, we essentially live our l _ _ _ s alone: real life takes place inside us. We're not dogs, after all. [5 Letters L _ _ _ _ _ S]",Fill-in-the-Blank,lives,LIVES,Lives
"little bit you said coincidences, sugar. You don't b _ _ _ _ _ e in coincidences.' That's what makes it so scary. If you want to know the truth, I think that someone really is after me, and they've been after me for a long time. [7 Letters B _ _ _ _ _ E]",Fill-in-the-Blank,believe,BELIEVE,Believe
"I'm not Mad Hatter insane. I'm pretty sure. But studying survival under someone like Auntie Lea leaves you ready to p _ _ _ _ _ t yourself, not to play well with others. [7 Letters P _ _ _ _ _ T]",Fill-in-the-Blank,protect,PROTECT,Protect
"Now she and her mother had c _ _ _  down to the planet's surface, to do some ""sightseeing."" The girl was obviously looking for only one sight: Ender Wiggin. And he was nowhere. [4 Letters C _ _ _ ]",Fill-in-the-Blank,come,COME,Come
"Instead of any of those things, she did what she always did in times of trouble: kept herself to herself. For awhile, things s _ _ _ _ d to be all right. [6 Letters S _ _ _ _ _ D]",Fill-in-the-Blank,seemed,SEEMED,Seemed
"Janice f _ _ _  her heart swelling in her breast, pounding hard. [4 Letters F _ _ _ ]",Fill-in-the-Blank,felt,FELT,Felt
"She was acutely aware that the longer she took to f _ _ _  help, the smaller the chance that their guardian would survive. [4 Letters F _ _ _ ]",Fill-in-the-Blank,find,FIND,Find
"Doug n _ _ _ _ _ _ d his eyes. Classy wasn't all she was, he thought grimly. ""Okay then, how about an advance?"" [8 Letters N _ _ _ _ _ D]",Fill-in-the-Blank,narrowed,NARROWED,Narrowed
"Tremayne. Your presence is requested for questioning on the murders of four women. Mary Rodell."" His voice g _ _ _  quieter, more dangerous, on each name. ""Angie Horowitz, Crystal LaRue and Rosalie Hood. You're free to call your attorney."" [4 Letters G _ _ _ ]",Fill-in-the-Blank,grew,GREW,Grew
"She pulled in a breath, k _ _ _  her eyes trained on him and kept going. [4 Letters K _ _ _ ]",Fill-in-the-Blank,kept,KEPT,Kept
"""Oh, I'm so glad, because you have a phone call."" Anabelle smiled more brightly. ""It's from New York, so I really t _ _ _ _ _ t it best to wake you. It's that Michael of yours. He has a lovely voice."" [7 Letters T _ _ _ _ _ T]",Fill-in-the-Blank,thought,THOUGHT,Thought
"Monday, he thought, Monday he would seek help. A lawyer. No, first a doctor. Surely in a minute a doctor could t _ _ _  a look and tell him what he already knew-that Ida Kaufman was a clean woman. [4 Letters T _ _ _ ]",Fill-in-the-Blank,take,TAKE,Take
"""Is that so?"" Jessica shook her head as she r _ _ _ _ _ d for the card. ""Gin."" [7 Letters R _ _ _ _ _ D]",Fill-in-the-Blank,reached,REACHED,Reached
"When the coin bearers were r _ _ _ _ _ g things, they could be more dangerous-but no more so than anyone else I had crossed metaphorical swords with. [7 Letters R _ _ _ _ _ G]",Fill-in-the-Blank,running,RUNNING,Running
"There was a bottle still unopened on the counter. He watched her as he pried off the top and poured. Soundlessly, she d _ _ _  her knees in close to her chest and dropped her forehead on them. [4 Letters D _ _ _ ]",Fill-in-the-Blank,drew,DREW,Drew
I never even saw Gloria move. One moment Jill Franklyn was opening the door; I felt something brush past me. A f _ _ _ _ d picture of Celeste Akintola's children skidded off the top of the desk into my lap. [6 Letters F _ _ _ _ _ D],Fill-in-the-Blank,framed,FRAMED,Framed
"Adolph motioned to his men. They seized Shaw, p _ _ _ _ d off his jacket, and stood him up. Victor pulled out a knife and slit open Shaw's shirt, checking for a wire. They pulled his pants off doing the same. [6 Letters P _ _ _ _ _ D]",Fill-in-the-Blank,pulled,PULLED,Pulled
