QUESTION_TEXT,QUESTION_TYPE,OPTION_1,OPTION_2,OPTION_3
I hung up the phone a minute or so later. I must have because it was back on its hook. My legs and arms had t _ _ _ _ d to jelly. I was biting the inside of my cheek and I tasted blood. [6 Letters T _ _ _ _ _ D],Fill-in-the-Blank,turned,TURNED,Turned
"She started to protest, but a Seanchan woman r _ _ _ _ d her voice demanding wine. Grim-eyed in blue-and-green armor, with a helmet carrying two plumes under her arm, she wanted her stirrup cup right then. [6 Letters R _ _ _ _ _ D]",Fill-in-the-Blank,raised,RAISED,Raised
He tipped his head down and his eyes l _ _ _ _ d on mine in the moonlight. [6 Letters L _ _ _ _ _ D],Fill-in-the-Blank,locked,LOCKED,Locked
"Uncle Vernon finished reading, p _ _  his hand back into his breast [3 Letters P _ _ _ ]",Fill-in-the-Blank,put,PUT,Put
"""They've g _ _  the gun Hugh used to shoot Henry, but David Friedman from State Police Ballistics says he doesn't know what it is. An automatic pistol of some kind, but the guy said he's never seen one quite like it."" [3 Letters G _ _ _ ]",Fill-in-the-Blank,got,GOT,Got
"far as he was concerned, any man who could l _ _ _  at harry and say [4 Letters L _ _ _ ]",Fill-in-the-Blank,look,LOOK,Look
"He was overcome by the panic familiar from his worst asthma attacks, the terror of suffocation. He couldn't o _ _ _  his mouth to bite, couldn't land a kick that mattered. Couldn't breathe. [4 Letters O _ _ _ ]",Fill-in-the-Blank,open,OPEN,Open
"When the light came on, with the amount of guns on them, they didn't move as the door s _ _ _ g shut behind them. [5 Letters S _ _ _ _ _ G]",Fill-in-the-Blank,swung,SWUNG,Swung
"There had been dozens of demonstrations, some of which turned into senseless riots. Celebrities were updating their Twitter profiles en masse, w _ _ _ _ _ g things like ""Earth is mine, 1 more for 99."" [7 Letters W _ _ _ _ _ G]",Fill-in-the-Blank,writing,WRITING,Writing
"She c _ _ _ _ d the lid on the diamond and pressed the box into his hands. ""I make a poor wife, Channing, that much I know. And I have no intention of becoming one again."" [6 Letters C _ _ _ _ _ D]",Fill-in-the-Blank,closed,CLOSED,Closed
"""Can you do something right here? d _ _  a hole or make an earthquake or something?"" one of the officers asked. It was a ridiculous question, on the road inside the glass-and-concrete bunker of the border crossing. [3 Letters D _ _ _ ]",Fill-in-the-Blank,dig,DIG,Dig
"""She and I have talked about it. Well, I talked and she didn't s _ _  much. She's a smart kid, but she really doesn't understand why this is happening, Jack. And her defense mechanism is to just detach herself from it. [3 Letters S _ _ _ ]",Fill-in-the-Blank,say,SAY,Say
"A man decides to s _ _ _ d the rest of his life with a woman, make a family with her and it ends, that's gonna happen. But it happened. She happened. And now it's done."" [5 Letters S _ _ _ _ _ D]",Fill-in-the-Blank,spend,SPEND,Spend
"Captivated and delighted, the onlookers laughed, applauded. Dom looked at Ginger. Her radiant face s _ _ _ e with an expression of pure, spiritual uplift that made her more beautiful than ever. [5 Letters S _ _ _ _ _ E]",Fill-in-the-Blank,shone,SHONE,Shone
"''It's not going to happen again. So you stay clear of me for a while.'' Desperation tinged his voice as he leaned across and s _ _ _ _ d open her door. ''I mean it, Grace, you just stay clear of me for a while. [6 Letters S _ _ _ _ _ D]",Fill-in-the-Blank,shoved,SHOVED,Shoved
"He motioned her to lead the way, and she floated out into the moon-shadowed trees beyond the sentries. That golden hair nestled about her shoulders, framing a face to m _ _ _  any man stare, and the moonlight softened her arrogance. [4 Letters M _ _ _ ]",Fill-in-the-Blank,make,MAKE,Make
"It wouldn't matter if they r _ _  to the end of the earth; they would get there, look around, and see George Stark mushing after them behind a team of huskies, his straight-razor in his hand. [3 Letters R _ _ _ ]",Fill-in-the-Blank,ran,RAN,Ran
"Abram g _ _ _  orders for all his herds to be driven up to the high valleys, where they would be invisible to armies coming up the Jordan Valley. [4 Letters G _ _ _ ]",Fill-in-the-Blank,gave,GAVE,Gave
"""Well, I had to threaten it out of you, but at least I heard you say it once. Go ahead and ride off. I won't stop you. No one's h _ _ _ _ _ g a gun on you now."" She wouldn't cry. [7 Letters H _ _ _ _ _ G]",Fill-in-the-Blank,holding,HOLDING,Holding
"""If people complain, tell them that linemen from Bexford are working on the break. But there was a great deal of damage. The repairs will t _ _ _  hours. The job might not be done until tomorrow afternoon. Is that clear?"" [4 Letters T _ _ _ ]",Fill-in-the-Blank,take,TAKE,Take
