QUESTION_TEXT,QUESTION_TYPE,OPTION_1,OPTION_2,OPTION_3
"""If we let the Aes Sedai set hooks into our apprentices,"" Melaine said, ""they will not soon be p _ _ _ _ d free."" [6 Letters P _ _ _ _ _ D]",Fill-in-the-Blank,pulled,PULLED,Pulled
"How she could l _ _ _  cute with that big bandage on her nose, he didn't know, but thank Christ she did or seeing it would remind him he'd very much like to murder somebody. [4 Letters L _ _ _ ]",Fill-in-the-Blank,look,LOOK,Look
"tension d _ _ _ _ _ d out of the Taraboners visibly; they upended their goblets as if trying to replace it with wine, even Andric. [7 Letters D _ _ _ _ _ D]",Fill-in-the-Blank,drained,DRAINED,Drained
"Hairy Mike shrugged. It hadn't t _ _ _ n much out of him, it seemed. ""Go sleep,"" he said. [5 Letters T _ _ _ _ _ N]",Fill-in-the-Blank,taken,TAKEN,Taken
"Rowl, generally speaking, knew very well what he was about-but when his natural ability and confidence failed, the results tended to be the sorts of events one f _ _ _  obligated to write down in one's diary. [4 Letters F _ _ _ ]",Fill-in-the-Blank,felt,FELT,Felt
He led her into the dining room and o _ _ _ _ d Mary's china cupboard. He took out a silver serving dish and pulled a thick pile of paper money out of it. Her eyes widened. [6 Letters O _ _ _ _ _ D],Fill-in-the-Blank,opened,OPENED,Opened
"She shook her head stubbornly, her hair fell into her face, sliding gorgeously down his chest and his already stiffening body turned rock hard. He recognised then that he wasn't going to be able to p _ _ _  this game very long. [4 Letters P _ _ _ ]",Fill-in-the-Blank,play,PLAY,Play
"The man laughed out loud. ""Oh, yeah, I g _ _  that right here on my desk. Pentagon wouldn't give it to me so I strolled on over to the CIA and the spooks printed me out a nice clean copy and then asked me what other secret shit I'd like to get my hands on."" [3 Letters G _ _ _ ]",Fill-in-the-Blank,got,GOT,Got
"Mike didn't s _ _  a word. He looked at Lambert for a full minute as if they were in a stare-down contest. Finally, the prisoner leaned forward and said as slowly as he could, ""I. Want. A. Lawyer."" [3 Letters S _ _ _ ]",Fill-in-the-Blank,say,SAY,Say
"Sour Billy turned his eyes on the slave catcher and gave him a cold stare, but the big man was too stupid to even notice. ""We'll wait inside,"" Sour Billy said, k _ _ _ _ _ g his hands well clear of his back. [7 Letters K _ _ _ _ _ G]",Fill-in-the-Blank,keeping,KEEPING,Keeping
"I pulled to move away. I couldn't help it. He t _ _ _ _ _ _ _ d his grip, let me know he had me, or that it would be a fight to get away. [9 Letters T _ _ _ _ _ D]",Fill-in-the-Blank,tightened,TIGHTENED,Tightened
"Suddenly tingle and pain v _ _ _ _ _ _ d together, and Selene's head whipped around as if listening to something beyond the walls. A tiny frown appeared on her face, and she lowered her hand. The frown vanished. ""We will talk again, Mat. [8 Letters V _ _ _ _ _ D]",Fill-in-the-Blank,vanished,VANISHED,Vanished
"Albion gave him a feline smile. ""Do this work for me, and you'll be m _ _ _ _ g the trip down to Landing with top-of-the-line replacements from the Lancaster Vattery. I'm told your engineer can have them installed and calibrated within a week."" [6 Letters M _ _ _ _ _ G]",Fill-in-the-Blank,making,MAKING,Making
"""No, and you'd better-"" He made the mistake of looking at her, and her mouth f _ _ _ d to his. Honorable or not, he was human. The heat ran through him, tormenting, tempting. [5 Letters F _ _ _ _ _ D]",Fill-in-the-Blank,fused,FUSED,Fused
"She was fast, and she was desperate. But he'd shifted to draw her to him, and the knife s _ _ _ _ k his shoulder instead of his heart. As he cried out in shock and rage, she whirled. [6 Letters S _ _ _ _ _ K]",Fill-in-the-Blank,struck,STRUCK,Struck
"Fran: ""No, I'm going to have my say. I won't w _ _ _  my hands of the committee or even walk off in a huff if I'm voted down, but I'm going to have my say. [4 Letters W _ _ _ ]",Fill-in-the-Blank,wash,WASH,Wash
"""It's hard to e _ _ _ _ _ n,"" Shannon murmured. Feeling foolish, for she wasn't a woman to speak of dreams, she smiled. ""I've always told myself, if I ever took time for a long vacation, that's where I'd go. [7 Letters E _ _ _ _ _ N]",Fill-in-the-Blank,explain,EXPLAIN,Explain
Then all of a sudden the grin died and his eyes moved over my face as his thumb s _ _ _ _ _ d my cheekbone. [7 Letters S _ _ _ _ _ D],Fill-in-the-Blank,stroked,STROKED,Stroked
"people l _ _ _  to hear the brag of the local boy, because they want him to be great, but the foreigner must deny that he has any outstanding virtue -- this is what will endear him to the locals. [4 Letters L _ _ _ ]",Fill-in-the-Blank,love,LOVE,Love
"s _ _ _ _ _ g at the ceiling, Alan considered, calculating, turning over angles. ""I've always liked Hyannis Port in the fall,"" he mused. Shifting his gaze, he gave Myra his slow, serious smile. ""Shelby should enjoy getting married in a drafty castle, don't you think?"" [7 Letters S _ _ _ _ _ G]",Fill-in-the-Blank,staring,STARING,Staring
