QUESTION_TEXT,QUESTION_TYPE,OPTION_1,OPTION_2,OPTION_3
"And, last, you think on your child g _ _ _ _ _ g up without knowing all the righteousness that is you. That would be a tragedy. So you think on that, Lee. [7 Letters G _ _ _ _ _ G]",Fill-in-the-Blank,growing,GROWING,Growing
"""The man says it is urgent,"" the servant continued rapidly, his hands c _ _ _ _ _ d before him. ""He must speak with you and begs you to admit him to-"" [7 Letters C _ _ _ _ _ D]",Fill-in-the-Blank,clasped,CLASPED,Clasped
"Consolata loved those hands: the flat fingernails, the smooth tough skin of the palm. And she loved the u _ _ _ _ _ _ _ g mouth, which never needed to show its teeth to radiate happiness or welcome. [9 Letters U _ _ _ _ _ G]",Fill-in-the-Blank,unsmiling,UNSMILING,Unsmiling
"""They will k _ _ _  their eyes open and be in immediate radio contact with you,"" Ahmad said. ""If all goes well, you will be across the LoC and make your rendezvous with half the morning to spare. [4 Letters K _ _ _ ]",Fill-in-the-Blank,keep,KEEP,Keep
"His voice b _ _ _ n to rise, to become shrill, and I felt horror sweep over me again. I was helpless against that unmanning fear and could only hope that it didn't show on my face. Because it wasn't just [5 Letters B _ _ _ _ _ N]",Fill-in-the-Blank,began,BEGAN,Began
"""Your touch,"" she whispered, taking his left hand in both of hers. ""Your touch."" She m _ _  his eyes. ""Joey … what's going to happen to me … what would have happened if you hadn't come along?"" [3 Letters M _ _ _ ]",Fill-in-the-Blank,met,MET,Met
"""The Soulless will think, to an extent, that it is me. The Worker will have neutered its ability to rule, but it will try anyway. And it will be able to f _ _ _ t."" [5 Letters F _ _ _ _ _ T]",Fill-in-the-Blank,fight,FIGHT,Fight
"He marveled at her aura of strength, her liquid grace, the play of buttocks beneath her tight black suit-buttocks were much with him, tonight. He trotted after her, Takisian-unwilling to l _ _  a woman face danger. [3 Letters L _ _ _ ]",Fill-in-the-Blank,let,LET,Let
"Gwen frowned. She o _ _ _ _ d her mouth to object again, thought about it, and put her teeth together. ""And if Benedict does, then perhaps everyone else does, too?"" [6 Letters O _ _ _ _ _ D]",Fill-in-the-Blank,opened,OPENED,Opened
"Without another word, he picked up the box c _ _ _ _ _ _ _ _ g the pistol, went to the door, led her down the hallway to the client lounge, and left her there with the new gun. [10 Letters C _ _ _ _ _ G]",Fill-in-the-Blank,containing,CONTAINING,Containing
"Arnie, I thought. Hey, man-it's not true, is it? Jesus Christ, we still g _ _  too much to do. We never even double-dated at the drive-in yet. [3 Letters G _ _ _ ]",Fill-in-the-Blank,got,GOT,Got
"He could only kneel there before her, holding her cold hands. How could he know so much? People asked him that all the time. They used different words to e _ _ _ _ _ s it - how did you make that up? [7 Letters E _ _ _ _ _ S]",Fill-in-the-Blank,express,EXPRESS,Express
"She s _ _  on the floor, rocking back and forth helplessly with laughter. Her plate with its slice of pizza had landed beside her when she'd fallen out of her chair a few minutes before, and hadn't moved. [3 Letters S _ _ _ ]",Fill-in-the-Blank,sat,SAT,Sat
"Who knew how to bleed others and s _ _ _ k the words and summon the forces of the universe to our bidding. It described how we devoured the world, bleeding it dry. [5 Letters S _ _ _ _ _ K]",Fill-in-the-Blank,speak,SPEAK,Speak
"""My pleasure, ma'am."" A grin s _ _ _ t his face as he watched her walk away. ""Handles herself real well, doesn't she?"" [5 Letters S _ _ _ _ _ T]",Fill-in-the-Blank,split,SPLIT,Split
"She leaned on the doorjamb, s _ _ _ t a few minutes chatting with his plumbers. And Declan could stand back and just look at her. [5 Letters S _ _ _ _ _ T]",Fill-in-the-Blank,spent,SPENT,Spent
"The screaming had s _ _ _ _ _ d by the time they came to Hardin's Tower, but Wun Weg Wun Dar Wun was still roaring. [7 Letters S _ _ _ _ _ D]",Fill-in-the-Blank,stopped,STOPPED,Stopped
"He placed his other hand under both of theirs, turned her wrist and the tablets fell out of her now-opened palm into his own. He took two tablets and gave them to her, his fingers c _ _ _ _ _ g around the other two. [7 Letters C _ _ _ _ _ G]",Fill-in-the-Blank,closing,CLOSING,Closing
"It would hardly be the first time Boyd Fletcher had bent the rules. His decision m _ _ _ , he gestured toward Althea. ""She's my best man."" [4 Letters M _ _ _ ]",Fill-in-the-Blank,made,MADE,Made
"My curiosity was piqued by the conversation, though, because it pointed to the interesting fact that people do r _ _ _ _ _ _ r details around their first reading of Ender's Game, in the same way people remember profound, life-changing events. [8 Letters R _ _ _ _ _ R]",Fill-in-the-Blank,remember,REMEMBER,Remember
