QUESTION_TEXT,QUESTION_TYPE,OPTION_1,OPTION_2,OPTION_3
"""No!"" Foxy's eyes g _ _ _  wide with distress.""I think. Kirk's wrong for you."" [4 Letters G _ _ _ ]",Fill-in-the-Blank,grew,GREW,Grew
"""If Faith's going to poke at me about it, and she won't be able to r _ _ _ _ t, it's about time I got something out of it."" He tightened his grip on her arm, tossed his sunglasses on the ground beside them. [6 Letters R _ _ _ _ _ T]",Fill-in-the-Blank,resist,RESIST,Resist
"Adolin walked up, taking Dalinar by the arm and speaking in a h _ _ _ _ d tone that was not so soft that Kaladin couldn't hear. ""We barely know him."" [6 Letters H _ _ _ _ _ D]",Fill-in-the-Blank,hushed,HUSHED,Hushed
"As I waited for my Coke, I thought of Sadie saying We're l _ _ _ _ _ g a trail a mile wide. It was true. But maybe I could make that work for me. [7 Letters L _ _ _ _ _ G]",Fill-in-the-Blank,leaving,LEAVING,Leaving
"I t _ _ _ _ d my head and frowned at him. ""What?"" I snapped. [6 Letters T _ _ _ _ _ D]",Fill-in-the-Blank,turned,TURNED,Turned
"Anyway, he came to the hospital to help. The Papal Nuncio, Renato Cardinal DiMilo, evidently knew the Baptist preacher pretty well and came to o _ _ _ r assistance. [5 Letters O _ _ _ _ _ R]",Fill-in-the-Blank,offer,OFFER,Offer
"When they'd c _ _ _ _ d the door again, Julia started to go to her rooms but Douglas caught her hand. [6 Letters C _ _ _ _ _ D]",Fill-in-the-Blank,closed,CLOSED,Closed
"He wasn't a dream after all, he was solid and real. Solid enough that I could knock him down, pound his hand, pry up his fingers. I didn't know how to G _ _  rid of him. [3 Letters G _ _ _ ]",Fill-in-the-Blank,get,GET,Get
"The narrow table was crowded with hairbrushes, coffee cups, thermos bottles, makeup kits, eight-by-ten glossies, sprays and foams, boxes of Kleenex, and it e _ _ _ _ _ _ d the length of the room, supporting four unframed mirrors. Brenda wore a bathrobe belonging to her sister. [8 Letters E _ _ _ _ _ D]",Fill-in-the-Blank,extended,EXTENDED,Extended
"She shook her head and b _ _ _ _ _ d her eyes several times. It didn't stop a tear from leaking out. ""But that's just it. I…I don't want to go. I don't want to see that…"" She glanced aside at Mouse and shuddered. [7 Letters B _ _ _ _ _ D]",Fill-in-the-Blank,blinked,BLINKED,Blinked
"They hadn't gone far before a group of horse men m _ _ _ d to intercept them. Elend rode low on his horse, sparing a glance for Spook and the packhorses. [5 Letters M _ _ _ _ _ D]",Fill-in-the-Blank,moved,MOVED,Moved
"Dan balanced the box on the bumper of his car, unlocked the trunk, p _ _  the box inside, and said, ""'The man who does not read good books has no advantage over the man who can't read them.' Mark Twain said that, George."" [3 Letters P _ _ _ ]",Fill-in-the-Blank,put,PUT,Put
"He s _ _ _ _ _ d me for a moment and his voice was soft when he replied, ""I believe you will. I still don't want you at my side. Ravenscroft is here. He's an acquaintance I trust. I will leave you with him. [7 Letters S _ _ _ _ _ D]",Fill-in-the-Blank,studied,STUDIED,Studied
"She l _ _ _ _ d a brow. Oh, he was a cool one, she thought, carrying on the conversation as if her insides weren't sizzling. Appreciating it, she smiled. ""Why, thank you."" [6 Letters L _ _ _ _ _ D]",Fill-in-the-Blank,lifted,LIFTED,Lifted
"""Now,"" I said, still smiling, ""how many people were k _ _ _ _ d in the bathroom."" [6 Letters K _ _ _ _ _ D]",Fill-in-the-Blank,killed,KILLED,Killed
"As Jack looked on, the old man l _ _ _ _ d over the table and unselfconsciously cut his wife's fried egg into four-inch square sections. [6 Letters L _ _ _ _ _ D]",Fill-in-the-Blank,leaned,LEANED,Leaned
"Andrew had got used to the idea that these things were d _ _ _  in the name of the Speaker for the Dead, but he had never attended one, and as Valentine expected, he jumped at the chance to do so now, even though he did not have time. [4 Letters D _ _ _ ]",Fill-in-the-Blank,done,DONE,Done
"At sixty he commenced a zigzag trek to the front porch, k _ _ _ _ _ g low and to the side, never exposing himself full on to sightlines from the cabin's front. [7 Letters K _ _ _ _ _ G]",Fill-in-the-Blank,keeping,KEEPING,Keeping
"""See you tomorrow morning then,"" Sunny said as I h _ _ _ _ d to the door. ""And tomorrow night!"" she called. [6 Letters H _ _ _ _ _ D]",Fill-in-the-Blank,headed,HEADED,Headed
"""I want to understand."" He b _ _ _ _ _ t her hand to his lips. When she didn't pull away, he left it there. ""Talk, talk to me."" [7 Letters B _ _ _ _ _ T]",Fill-in-the-Blank,brought,BROUGHT,Brought
