QUESTION_TEXT,QUESTION_TYPE,OPTION_1,OPTION_2,OPTION_3
"He did so, and obviously liked her, because he knocked her to the ground in one bounding leap. Shade was around the van before Bryan had a chance to d _ _ _  a breath. [4 Letters D _ _ _ ]",Fill-in-the-Blank,draw,DRAW,Draw
"They all looked gaunt and kind of unhealthy, though they had sort of a bright look in their eyes. Except for one kid, that is. He was b _ _ _ _ _ g his head against the wall, over and over, blood streaming down his face. [7 Letters B _ _ _ _ _ G]",Fill-in-the-Blank,banging,BANGING,Banging
"""I've g _ _  lots of time,"" replied Decker. ""I'm technically on vacation."" He clasped his hands in front of him and studied her with an expectant expression. [3 Letters G _ _ _ ]",Fill-in-the-Blank,got,GOT,Got
"I wanted to call out to Bernardo and Ethan, but I forced myself to k _ _ _  quiet. Were they doing the same, or were they dead? [4 Letters K _ _ _ ]",Fill-in-the-Blank,keep,KEEP,Keep
He fixed a smooth place on the ground and fluffed up the pineneedles and s _ _ _ _ d a blanket and sat down. He lay back and stretched out. The river chattered back a querulous babbling from the limestone shoals below the camp. [6 Letters S _ _ _ _ _ D],Fill-in-the-Blank,spread,SPREAD,Spread
"""No, but unlike some of the others you've accidentally rolled, this one is…"" He s _ _ _ k his head. ""Young."" [5 Letters S _ _ _ _ _ K]",Fill-in-the-Blank,shook,SHOOK,Shook
"Mat frowned at her, then finally pulled it over his head and laid it beside him. She took his head again, and he g _ _ _  a shout as if he had been ducked headfirst into ice; [4 Letters G _ _ _ ]",Fill-in-the-Blank,gave,GAVE,Gave
"He could feel the eyes of the dead. They were all listening, he knew. And winter was c _ _ _ _ g. [6 Letters C _ _ _ _ _ G]",Fill-in-the-Blank,coming,COMING,Coming
"""Okay. Okay."" He scooped his fingers through his d _ _ _ _ _ _ _ _ d hair. ""That's the right thing to do, isn't it? I'm just not thinking straight. I can't see what I should do."" [10 Letters D _ _ _ _ _ D]",Fill-in-the-Blank,disordered,DISORDERED,Disordered
Then I t _ _ _ _ d my head back and looked at Gray. [6 Letters T _ _ _ _ _ D],Fill-in-the-Blank,tipped,TIPPED,Tipped
"The two Fades attacked, one from each side. The void did not shake. A sword could not f _ _ _  fear, and for that moment, Lan was the sword. The Heron Spreads Its Wings. [4 Letters F _ _ _ ]",Fill-in-the-Blank,feel,FEEL,Feel
"""I needed the air."" He kept his hands in his pockets, his shoulders r _ _ _ _ _ d against the cold as he watched her. ""They wouldn't let me see Beth."" [7 Letters R _ _ _ _ _ D]",Fill-in-the-Blank,rounded,ROUNDED,Rounded
"""I cannot believe you've done this,"" Josen Rael said, very loudly. Tolly Mune had t _ _ _ _ d the volume up high on her comm unit, to drown out the constant irritating protests of her captive cat. [6 Letters T _ _ _ _ _ D]",Fill-in-the-Blank,turned,TURNED,Turned
"""Don't jam your hands into your pockets,"" snapped his mother, breaking into his thoughts. ""You'll ruin the line of that coat. Do you want us to f _ _ _ _ e to death? Let's go!"" [6 Letters F _ _ _ _ _ E]",Fill-in-the-Blank,freeze,FREEZE,Freeze
"I was not surprised, therefore, that Viola's nightmare, which earlier in the day had s _ _ _ _ d likely to be of no consequence, had proved to be a matter of importance, after all. ""Do your dreams have voices, sounds?"" I asked her. ""Some people's don't."" [6 Letters S _ _ _ _ _ D]",Fill-in-the-Blank,seemed,SEEMED,Seemed
"Once every afternoon, she m _ _ _  the rounds of the various sectors, delivering notes from team directors and collecting whatever artifacts the directors thought would do more good with another director's line of study. [4 Letters M _ _ _ ]",Fill-in-the-Blank,made,MADE,Made
"Troi t _ _ _ _ _ _ _ d her grip on Picard's arm. ""Captain . . ."" [9 Letters T _ _ _ _ _ D]",Fill-in-the-Blank,tightened,TIGHTENED,Tightened
"He would not replace Moiraine with a woman who would ambush him that way. He could not trust any woman t _ _ _ _ _ d by the Tower. Except three. Elayne, Nynaeve and Egwene. He hoped he could trust them. If only just a little. [7 Letters T _ _ _ _ _ D]",Fill-in-the-Blank,touched,TOUCHED,Touched
"thunder c _ _ _ _ _ d, and the creature leaped away from her, yelping. A second boom sounded, this time accompanied by a flash of light. Less like a lightning strike and more like some kind of explosion in reverse. [7 Letters C _ _ _ _ _ D]",Fill-in-the-Blank,cracked,CRACKED,Cracked
"And some people have all the luck, the secretary mused before she went back to her desk. In less than five minutes, Parks walked by the twins in Claire's outer office and opened her door without k _ _ _ _ _ _ g. ""Where's Brooke?"" [8 Letters K _ _ _ _ _ G]",Fill-in-the-Blank,knocking,KNOCKING,Knocking
