QUESTION_TEXT,QUESTION_TYPE,OPTION_1,OPTION_2,OPTION_3
"Every few steps the officer l _ _ _ _ d down. She wanted to make sure the sailor was still hanging on. He was there, his right arm hooked over the rung. If he went under, Loh knew that she would have to drop in to retrieve him. [6 Letters L _ _ _ _ _ D]",Fill-in-the-Blank,looked,LOOKED,Looked
"The bottom half of her face s _ _ _ _ _ _ _ d up, wrinkling her nose and he couldn't help but chuckle. He reached out and wrapped his hand around her knee, giving her a squeeze before letting her go. [9 Letters S _ _ _ _ _ D]",Fill-in-the-Blank,scrunched,SCRUNCHED,Scrunched
"""I'm a businessman, as you remind me with regularity."" He settled back, making a determined effort not to l _ _  his mind or his gaze wander to her bare legs. ""Third generation. [3 Letters L _ _ _ ]",Fill-in-the-Blank,let,LET,Let
"They had their guns d _ _ _ n and were obviously headed toward the Security Council chamber, which was on their right. They had probably been sent to evacuate the delegates in case that was the target. [5 Letters D _ _ _ _ _ N]",Fill-in-the-Blank,drawn,DRAWN,Drawn
"And I hope, I p _ _ _  to god, that she's right. [4 Letters P _ _ _ ]",Fill-in-the-Blank,pray,PRAY,Pray
"It was good coffee, and David was right. It was nice h _ _ _ _ g a fire in January. Outside, the air was moist and raw, with a broody sky overhead. [6 Letters H _ _ _ _ _ G]",Fill-in-the-Blank,having,HAVING,Having
"His pale fingers fluttered in the general direction of the dark pond. I t _ _ _ _ d in the direction indicated, peering through the curtain of rain to see if there was someone standing on the other side of the water. I could see nothing. [6 Letters T _ _ _ _ _ D]",Fill-in-the-Blank,turned,TURNED,Turned
"And he touched down on the forest floor softly, on two b _ _ _ _ d feet. [6 Letters B _ _ _ _ _ D]",Fill-in-the-Blank,booted,BOOTED,Booted
"""Why not?"" Nighthawk asked. ""The world has changed considerably since the wild card virus came down on Manhattan in 1946. People fly without machines. They leap tall buildings in a single b _ _ _ d. [5 Letters B _ _ _ _ _ D]",Fill-in-the-Blank,bound,BOUND,Bound
"And just to m _ _ _  things even more clear, if this gentleman posts bond and he's within one hundred yards of the victim, he'll be accommodated by McCook County for some time seein' as he'll be held without bail until this matter is settled."" [4 Letters M _ _ _ ]",Fill-in-the-Blank,make,MAKE,Make
"She'd done that, she thought with a rush of wonder and delight as they g _ _ _ _ d at each other. She'd made him so angry he was snarling. [6 Letters G _ _ _ _ _ D]",Fill-in-the-Blank,glared,GLARED,Glared
"mione shout ""Stupefy!"" and the hand r _ _ _ _ _ _ d him at once. [8 Letters R _ _ _ _ _ D]",Fill-in-the-Blank,released,RELEASED,Released
"But the Kings had dropped the last two games to the Herons. A professional athlete knows that skill is not the only d _ _ _ _ _ _ _ _ _ g factor in winning. Momentum, luck, timing are all added for balance. [11 Letters D _ _ _ _ _ G]",Fill-in-the-Blank,determining,DETERMINING,Determining
He scoured her tub. She ironed his shirt and pants. He gave her fifty dollars. She k _ _ _ _ d his mouth. He touched her face. She said please come back. He said I'll see you tonight. [6 Letters K _ _ _ _ _ D],Fill-in-the-Blank,kissed,KISSED,Kissed
"I thought both were important to know, considering Sjofn knew them and even though I would probably never be as good as her considering the amount of practice she had, at least it would provide some cover for I wouldn't appear a complete amateur should spies be p _ _ _ _ g attention (and, obviously, they were). [6 Letters P _ _ _ _ _ G]",Fill-in-the-Blank,paying,PAYING,Paying
"""That would be Patty Anderson,"" Darcy improvised with a weak smile. ""I never liked her anyway."" ""Good girl. Do yourself a favor. Don't a _ _ _ _ r the phone for a couple of days. [6 Letters A _ _ _ _ _ R]",Fill-in-the-Blank,answer,ANSWER,Answer
"""That's the bloody truth,"" Miles confirmed. ""All you need do is to look at them, the way they walk and such. They know they're lions. And this new lot, they're exactly the same, maybe even better, some folks s _ _ . [3 Letters S _ _ _ ]",Fill-in-the-Blank,say,SAY,Say
"The class burst into laughter, Dylan grinned back at Rocky, sat down and another kid called out, ""Don't h _ _ _  your breath, Ms. Merrick!"" [4 Letters H _ _ _ ]",Fill-in-the-Blank,hold,HOLD,Hold
"The dog growled again, l _ _ _ _ _ d its head, and tensed as if it might spring at him. [7 Letters L _ _ _ _ _ D]",Fill-in-the-Blank,lowered,LOWERED,Lowered
"Why would chess grand masters have to travel incognito? wondered Tom. Yet he k _ _ _  his mouth shut and watched. The guy was good, really good. The average match time was only ten minutes. [4 Letters K _ _ _ ]",Fill-in-the-Blank,kept,KEPT,Kept
