QUESTION_TEXT,QUESTION_TYPE,OPTION_1,OPTION_2,OPTION_3
"We found out for sure that people t _ _ _ k hes in the city and think hes alive, said Loaf. But its better than not knowing anything at all. [5 Letters T _ _ _ _ _ K]",Fill-in-the-Blank,think,THINK,Think
Ellen grabbed her drink and t _ _ _  a long swallow of it. The glass chattered against her teeth. [4 Letters T _ _ _ ],Fill-in-the-Blank,took,TOOK,Took
"Zabb l _ _ _ _ d his mouth from an in-depth exploration of her left nipple and said, ""I'm going to miss you."" [6 Letters L _ _ _ _ _ D]",Fill-in-the-Blank,lifted,LIFTED,Lifted
"He was shaking his head again, looking at her as though she'd just l _ _ _  her mind. ""I was here yesterday, miss. I always drop by on Thursdays, just to look over the place and see that nothing's been vandalized. [4 Letters L _ _ _ ]",Fill-in-the-Blank,lost,LOST,Lost
"She took some mental measurements, then nodded. ""This room is more than adequate for my needs. If you can f _ _ _  a couple of tables…"" She turned. [4 Letters F _ _ _ ]",Fill-in-the-Blank,find,FIND,Find
"""How dangerous will it be if we have no one to help, sir? Do we let him lie there and h _ _ _  for the best? Is that less dangerous than taking a chance on my judgment?"" [4 Letters H _ _ _ ]",Fill-in-the-Blank,hope,HOPE,Hope
"At the door, Tommy rested against the wall of the house while Meg disengaged the lock. When she s _ _ _ _ _ d into the kitchen, the big dog did not rush at her, wagging his tail with excitement, as she expected. [7 Letters S _ _ _ _ _ D]",Fill-in-the-Blank,stepped,STEPPED,Stepped
"Elevator doors o _ _ _ _ d behind them. The secret service men glanced warily back as two women stepped out. Gregg nodded to them and shook Hiram's hand again. ""You need to take care of your other guests, my friend. [6 Letters O _ _ _ _ _ D]",Fill-in-the-Blank,opened,OPENED,Opened
"Rodgers said, ""Because we also know about a pair of murders he committed twenty-five years ago. We know about them because we know the person who was with him at the time. I can tell you nothing more-except that I want Dominique b _ _ _ _ _ t to justice."" [7 Letters B _ _ _ _ _ T]",Fill-in-the-Blank,brought,BROUGHT,Brought
"Blood was spattered all over his hood. We charged forward, running down the steep hill toward the ranch. Some of the hooded figures fired shots at us. No one was hit. The FBI agents didn't r _ _ _ _ n fire. [6 Letters R _ _ _ _ _ N]",Fill-in-the-Blank,return,RETURN,Return
"""I'll meet you there in an hour. That'll g _ _ _  me time to check into the Gull Coast."" [4 Letters G _ _ _ ]",Fill-in-the-Blank,give,GIVE,Give
"We'd called the number on the sign s _ _ _ _ g we were interested in the property, and he showed up about fifteen minutes later in a gleaming, new, top-of-the-line Ferrari. Right off the bat, he was grouchy and impatient with us. [6 Letters S _ _ _ _ _ G]",Fill-in-the-Blank,saying,SAYING,Saying
"I touched Asher's arm. It f _ _ _  stiff, wooden, not even alive. He was drawing away from me, away from the room, away from what was happening. He was going to let Nathaniel die without even trying. Unacceptable. [4 Letters F _ _ _ ]",Fill-in-the-Blank,felt,FELT,Felt
"""Victim is female,"" she began for the record. ""Early to mid-twenties. Privacy screens are engaged here, and throughout the living area."" She s _ _ _ _ _ d the room. ""There's no sign of struggle. Victim appears to be fully dressed."" [7 Letters S _ _ _ _ _ D]",Fill-in-the-Blank,scanned,SCANNED,Scanned
I put pressure on and t _ _ _ _ d my head back to see him looking across the room. [6 Letters T _ _ _ _ _ D],Fill-in-the-Blank,tipped,TIPPED,Tipped
flying bridge gleamed in the afternoon light and l _ _ _ _ d the same as she [6 Letters L _ _ _ _ _ D],Fill-in-the-Blank,looked,LOOKED,Looked
"""You sound busy, cherie."" Jean-Paul p _ _ _ _ d up a chunk of amethyst from his desk. [6 Letters P _ _ _ _ _ D]",Fill-in-the-Blank,picked,PICKED,Picked
"Soon the path narrows, the arms of the bone trees reaching for us like hungry demons. He's got me b _ _ _ _ d into a corner. [6 Letters B _ _ _ _ _ D]",Fill-in-the-Blank,backed,BACKED,Backed
"As if to say that was hardly the point, the colt t _ _ _ _ d his head, rolled his eyes in Michael's direction, and stood firm. They'd been dealing with each other for just over six months, and both of them wanted to be in charge. [6 Letters T _ _ _ _ _ D]",Fill-in-the-Blank,tossed,TOSSED,Tossed
"""Whoever told you to b _ _  a gun doesn't know a thing about the shatan. They never attack unless provoked, and the surest way to upset them is to approach one of their villages with a gun."" [3 Letters B _ _ _ ]",Fill-in-the-Blank,buy,BUY,Buy
