QUESTION_TEXT,QUESTION_TYPE,OPTION_1,OPTION_2,OPTION_3
"OUR KNEES ALMOST TOUCHED under the small table at the back of the restaurant near the restrooms. We had salads and coffee in front of us, but Rebecca wasn't eating. And she wasn't yet ready to t _ _ _ . [4 Letters T _ _ _ ]",Fill-in-the-Blank,talk,TALK,Talk
"We both g _ _  a little tipsy from the wine, I remember, and after the meal was over we went out to sit in the living room where the chairs were more comfortable … . [3 Letters G _ _ _ ]",Fill-in-the-Blank,got,GOT,Got
"""He treated me like shit,"" Rocky announced and his arm automatically squeezed her as his hand h _ _ _ _ _ g her hair balled into a fist. ""That's why I couldn't love him, I guess. Because he treated me like shit. For ten years. [7 Letters H _ _ _ _ _ G]",Fill-in-the-Blank,holding,HOLDING,Holding
"The dog Little Bear d _ _ _ _ _ d to the ground and rolled onto his back, pawing the air. [7 Letters D _ _ _ _ _ D]",Fill-in-the-Blank,dropped,DROPPED,Dropped
"""As a cop, he thought he'd have more control over when to use deadly force. Anyway, it was his dream. Dreams d _ _  hard."" [3 Letters D _ _ _ ]",Fill-in-the-Blank,die,DIE,Die
"If Phil says the fans will be lining up all night to b _ _  tickets and then you go there and look around and the place is deadly still, you have to wonder who's messing with your head. [3 Letters B _ _ _ ]",Fill-in-the-Blank,buy,BUY,Buy
"Barney pulled the trigger, and though he missed badly, his friends claimed the deer had narrowly e _ _ _ _ _ d death. Barney told the story for decades. [7 Letters E _ _ _ _ _ D]",Fill-in-the-Blank,escaped,ESCAPED,Escaped
"She stepped out of the tube and noted the robe h _ _ _ _ _ g on the door. Short, soft, and boldly red-and probably new. She couldn't be absolutely sure as her man had a habit of buying her pretty things-good things, little things-without mentioning it. [7 Letters H _ _ _ _ _ G]",Fill-in-the-Blank,hanging,HANGING,Hanging
"We l _ _  on the bed with the gold stacked between us, and it's impossible not to smile. We need a bottle of champagne, but at 2:00 on a Monday morning in a cheap motel in North Carolina, champagne does not exist. [3 Letters L _ _ _ ]",Fill-in-the-Blank,lie,LIE,Lie
"You want to w _ _ _  up tomorrow morning and find out he did it again because you couldn't do the job? Can you swallow your Christmas goose over that?"" [4 Letters W _ _ _ ]",Fill-in-the-Blank,wake,WAKE,Wake
Then even they would g _ _ _  way to black pits of chasms and caves where nothing dared to crawl. [4 Letters G _ _ _ ],Fill-in-the-Blank,give,GIVE,Give
He s _ _ _ k his head then jerked it to the stairs. [5 Letters S _ _ _ _ _ K],Fill-in-the-Blank,shook,SHOOK,Shook
"""Later,"" I said, and l _ _  my eyes flick to the backs of the men just a foot away from us. [3 Letters L _ _ _ ]",Fill-in-the-Blank,let,LET,Let
"""You don't have to a _ _ _ _ r questions like this."" The outrage of it seared Kelsey's throat. [6 Letters A _ _ _ _ _ R]",Fill-in-the-Blank,answer,ANSWER,Answer
"He sat with his right side against the parapet, head craned forward to peer through one of the crenels, l _ _ _ _ _ g east toward the entry to the parking lot, where the bad guys would turn in from the street-if they came. [7 Letters L _ _ _ _ _ G]",Fill-in-the-Blank,looking,LOOKING,Looking
"She w _ _ _ _ d a drink very badly. She was not much of a drinker, ordinarily. A glass of wine now and then. A rare martini. But now, she wanted to get drunk. [6 Letters W _ _ _ _ _ D]",Fill-in-the-Blank,wanted,WANTED,Wanted
"The artillery sounds m _ _ _  by the dying trees were still far across that cloudy gap in the world, but there could be no doubt that they were approaching. The wind continued to strengthen, growing ever colder. [4 Letters M _ _ _ ]",Fill-in-the-Blank,made,MADE,Made
"""Name is Bartholomew Dupree. folks c _ _ _  me Black Bart,"" the man said. [4 Letters C _ _ _ ]",Fill-in-the-Blank,call,CALL,Call
"""Maman used to say that another part of my anatomy must be as hard as my head to t _ _ _  such punishment."" [4 Letters T _ _ _ ]",Fill-in-the-Blank,take,TAKE,Take
"She p _ _ _ _ _ d her hands to her mouth, and now the tears came. ""She's only four. She's just a baby. How will I tell her that her mother's... How will I tell her?"" [7 Letters P _ _ _ _ _ D]",Fill-in-the-Blank,pressed,PRESSED,Pressed
