QUESTION_TEXT,QUESTION_TYPE,OPTION_1,OPTION_2,OPTION_3
"THE WEATHER DID NOT change. Ballard took to wandering over the mountain through the snow to his old homeplace where he'd w _ _ _ h the house, the house's new tenant. [5 Letters W _ _ _ _ _ H]",Fill-in-the-Blank,watch,WATCH,Watch
"""I saw your mother today at the track. It's hard to b _ _ _ _ _ e we've been making the rounds together for . . . Well, that would be telling."" [7 Letters B _ _ _ _ _ E]",Fill-in-the-Blank,believe,BELIEVE,Believe
"""I pointed in Roxie's face and t _ _ _  her to shut it, what would you do?"" Ren asked what I thought was a valid question. [4 Letters T _ _ _ ]",Fill-in-the-Blank,told,TOLD,Told
"His girlfriend, and I'm buck naked the first time she sees me. Great. Well, at least she hadn't seen me fuck Damian. That helped. Sure, great. Just great. I was s _ _ _ _ _ g my head as I went toward the bathroom. [7 Letters S _ _ _ _ _ G]",Fill-in-the-Blank,shaking,SHAKING,Shaking
"""Back off, Johnno."" Pete's voice r _ _ _ _ _ _ d low and calm. ""Miss Palmer, we're here to settle this whole matter quietly."" [8 Letters R _ _ _ _ _ D]",Fill-in-the-Blank,remained,REMAINED,Remained
"Samad p _ _  a hand on his lieutenant's shoulder. ""We will shoot any man who deserts us. Do you understand?"" [3 Letters P _ _ _ ]",Fill-in-the-Blank,put,PUT,Put
"Days passed, and in every day something different happened as the other children g _ _ _  older (and married or didn't marry but left home anyway), but looking back, Batta felt that the days were all the same, after all, and the illusion of variety was just her mind's own away of keeping itself sane. [4 Letters G _ _ _ ]",Fill-in-the-Blank,grew,GREW,Grew
"""I invited Dr. Aust to t _ _ _  a tour of the vaults while he's in town,"" Caleb explained. ""Sort of a spur-of-the-moment thing."" [4 Letters T _ _ _ ]",Fill-in-the-Blank,take,TAKE,Take
It was further a lie because neither Conner nor Amber s _ _ _ _ d comfortable in her presence and this spoke volumes. [6 Letters S _ _ _ _ _ D],Fill-in-the-Blank,seemed,SEEMED,Seemed
"""A long time. Long enough for you to pay off your debts and q _ _ _  your job. Long enough to move away from here. Long enough to buy yourself a new car and a new wardrobe. [4 Letters Q _ _ _ ]",Fill-in-the-Blank,quit,QUIT,Quit
"He was sure a direct blow from a shovel to the back of the head would have felled the man. He calmed, cleared his head, told himself he had to f _ _ _ _ h the job. So get on with it. [6 Letters F _ _ _ _ _ H]",Fill-in-the-Blank,finish,FINISH,Finish
"""No,"" said Ellie Dabney. ""Your sister's right. Your father did pull the trigger. He m _ _ _  that choice. No one else."" [4 Letters M _ _ _ ]",Fill-in-the-Blank,made,MADE,Made
"I looked back at the grubb and could see that her yellow eyes were filled with moisture. When I s _ _ _  a glance at Luc, he had anticipated my question. [4 Letters S _ _ _ ]",Fill-in-the-Blank,shot,SHOT,Shot
"C.C. j _ _ _ _ d her hands into her pockets. ""He kissed me."" [6 Letters J _ _ _ _ _ D]",Fill-in-the-Blank,jammed,JAMMED,Jammed
"He scanned the narrow, high-ceilinged hallways as if he had a surveillance camera m _ _ _ _ _ d where his head was. His powers of concentration gave him a huge advantage. He was almost supernaturally aware of everything going on around him. [7 Letters M _ _ _ _ _ D]",Fill-in-the-Blank,mounted,MOUNTED,Mounted
"'All right, so you need to t _ _ _ k about it. I'll get back to you soon. I don't care who knows about the pictures once we've made our trade, but until then, you must act alone or it's all off. [5 Letters T _ _ _ _ _ K]",Fill-in-the-Blank,think,THINK,Think
"She trailed off when she saw the shoe box, then thoughtfully o _ _ _ _ d the lid. [6 Letters O _ _ _ _ _ D]",Fill-in-the-Blank,opened,OPENED,Opened
I rushed to my shirt and yanked it on. Then I did the same with my panties and I s _ _ _ _ _ d to the door. [7 Letters S _ _ _ _ _ D],Fill-in-the-Blank,started,STARTED,Started
"I laughed. ""A little too perfect for my taste. Didn't you think they were t _ _ _ _ g too hard?"" [6 Letters T _ _ _ _ _ G]",Fill-in-the-Blank,trying,TRYING,Trying
"Damian spoke in a rushed whisper, voice edged with pain. ""If I d _ _ _ k blood from one powerful . . . enough. I might be able . . ."" [5 Letters D _ _ _ _ _ K]",Fill-in-the-Blank,drank,DRANK,Drank
