QUESTION_TEXT,QUESTION_TYPE,OPTION_1,OPTION_2,OPTION_3
"I'm going to handle the press through a hospital spokesman, I think and make certain his publicist has time to work up a statement. Itmight be a day or two before he's able to m _ _ _  those decisions for himself."" [4 Letters M _ _ _ ]",Fill-in-the-Blank,make,MAKE,Make
"We all looked at him. ""Don't you see, Rhys? Merry will rule Taranis's rival kingdom. She must s _ _  the rules now, or he will forever treat her as less. For the sake of all of us, she must not appear weak."" [3 Letters S _ _ _ ]",Fill-in-the-Blank,set,SET,Set
"But for two days she didn't give him an in and she didn't let her guard down for him to knock her off-balance. She p _ _ _ _ d the part but every word, look and step she executed with extreme caution. [6 Letters P _ _ _ _ _ D]",Fill-in-the-Blank,played,PLAYED,Played
"Seth waded through them, c _ _ _ _ _ _ g the bag to a makeshift table fashioned from a sheet of plywood laid over two sawhorses. [8 Letters C _ _ _ _ _ G]",Fill-in-the-Blank,carrying,CARRYING,Carrying
"Tavi glanced at his torn knuckles. He hadn't had time to c _ _ _ n them or bandage them properly. ""So was I."" [5 Letters C _ _ _ _ _ N]",Fill-in-the-Blank,clean,CLEAN,Clean
"""We had to deal with people who worried about one of the exotic cats getting loose, and diseases. We allayed that by letting people c _ _ _  in, watch the process when we were laying it out, building it. [4 Letters C _ _ _ ]",Fill-in-the-Blank,come,COME,Come
"""But you were sorry."" Roarke c _ _ _ _ d his hand gently over hers. ""And you were kind."" [6 Letters C _ _ _ _ _ D]",Fill-in-the-Blank,closed,CLOSED,Closed
"He reached down and helped the i _ _ _ _ _ d man get to his feet. They both faced the cliff, keeping the murderous wind at their backs. [7 Letters I _ _ _ _ _ D]",Fill-in-the-Blank,injured,INJURED,Injured
"Punishing waves of bass sound throbbed through the night at the rate of perhaps thirty a minute, but his heart was b _ _ _ _ _ g six times faster. He wanted to turn and run back into the house. [7 Letters B _ _ _ _ _ G]",Fill-in-the-Blank,beating,BEATING,Beating
"He c _ _ _ _ _ _ d in the shadows of the dining room, telling himself to breathe, to think clearly. [8 Letters C _ _ _ _ _ D]",Fill-in-the-Blank,crouched,CROUCHED,Crouched
"He f _ _ _  silent, and the others looked at him uneasily. Tom had lapsed into dull silence. He came out of it ... but not in the usual way. [4 Letters F _ _ _ ]",Fill-in-the-Blank,fell,FELL,Fell
"Guy White c _ _ _ _ d his hand, as if to gather the pale winter light coming through the window. ""What do you propose?"" [6 Letters C _ _ _ _ _ D]",Fill-in-the-Blank,cupped,CUPPED,Cupped
"We approached it stealthily because that just seemed the natural thing to do here. When we reached it, we stopped and l _ _ _ _ d at each other. [6 Letters L _ _ _ _ _ D]",Fill-in-the-Blank,looked,LOOKED,Looked
"Magic was for the common peoplebrews to cure gout and plague and to make a lady love you, spells said in the night to keep dark things from the door. Foolishness, the queen t _ _ _  herself. [4 Letters T _ _ _ ]",Fill-in-the-Blank,told,TOLD,Told
"The way she spoke made it clear that, in her desire to b _ _ _ d a family, she tried that too. [5 Letters B _ _ _ _ _ D]",Fill-in-the-Blank,build,BUILD,Build
But the embarrassed flush never had the chance to heat her cheeks as she s _ _  the figure of a woman and the shine of pale hair in the delicate moonlight. [3 Letters S _ _ _ ],Fill-in-the-Blank,saw,SAW,Saw
"Bertha, Wash's woman, had an unfortunate name. Luckily, her parents g _ _ _  her glamorous beauty and life gave her a good man who might not make a mint but he loved her so that counteracted her name. [4 Letters G _ _ _ ]",Fill-in-the-Blank,gave,GAVE,Gave
"""They'd spoken to Joel. There were rumors he'd been h _ _ _ _ g an affair with Angelica. Honestly, I can't count the number of affairs I've had, according to rumor, with people I've never even met. It's part of the business."" [6 Letters H _ _ _ _ _ G]",Fill-in-the-Blank,having,HAVING,Having
"Panic. Alertness. In a moment, she had sucked in the Light of their lantern, plunging the corridor into darkness. light s _ _ _ e from a doorway nearby, however. [5 Letters S _ _ _ _ _ E]",Fill-in-the-Blank,shone,SHONE,Shone
They'd all walked into the house. Lily didn't sit or offer refreshments and neither did Laura. Maxine was s _ _ _ _ _ _ g sentry. [8 Letters S _ _ _ _ _ G],Fill-in-the-Blank,standing,STANDING,Standing
