QUESTION_TEXT,QUESTION_TYPE,OPTION_1,OPTION_2,OPTION_3
"""Still a bit queasy for the first little while, but she doesn't seem to mind it."" Aidan sipped and sighed. ""I'm not ashamed to say it makes my own stomach roll seeing how she pales the minute she g _ _ _  out of bed. [4 Letters G _ _ _ ]",Fill-in-the-Blank,gets,GETS,Gets
"I didn't know what to say, so I said nothing. Sometimes silence is the best you can do. Then I thought of something worth s _ _ _ _ g. ""Liking rough sex doesn't make you a freak."" [6 Letters S _ _ _ _ _ G]",Fill-in-the-Blank,saying,SAYING,Saying
I had one of those moments where I debated: Did I let go of his hand or keep holding it? I'd had metaphysical sex with him and saved his life; how much hand h _ _ _ _ _ g did I owe him? [7 Letters H _ _ _ _ _ G],Fill-in-the-Blank,holding,HOLDING,Holding
"But as she s _ _ _ _ _ d the headlines on the first few pages, looking for an interesting story to enlarge, her gloom deepened. A big fire in St. Louis, nine people dead. Presentiments of war in the Mid-East. An oil spill off Japan. [7 Letters S _ _ _ _ _ D]",Fill-in-the-Blank,scanned,SCANNED,Scanned
"""Who are the federal marshals guarding your team?"" ""Right now, on the four-to-midnight grind, it's a man n _ _ _ d Bradley Hopper. Midnight to eight in the morning, it's John Morrow. [5 Letters N _ _ _ _ _ D]",Fill-in-the-Blank,named,NAMED,Named
She could tell. It was hard to m _ _ _  with all of the sex and cuddling and moonlit conversations full of promises. [4 Letters M _ _ _ ],Fill-in-the-Blank,miss,MISS,Miss
"""Fine. We've finally hit a little lull."" Nell w _ _ _ d her hands on her apron. ""Brisk business this morning. The muffins won the race, but the tarts came in a close second."" [5 Letters W _ _ _ _ _ D]",Fill-in-the-Blank,wiped,WIPED,Wiped
"He m _ _ _ d his shoulders uncomfortably. ""You're making me into something I'm not again."" [5 Letters M _ _ _ _ _ D]",Fill-in-the-Blank,moved,MOVED,Moved
"I was real serious, and he got real serious, and we promised each other that we'd watch the governor real close and if we saw any sign that he was trying to manipulate this situation, then we'd c _ _ _  each other real quick. [4 Letters C _ _ _ ]",Fill-in-the-Blank,call,CALL,Call
"She shook her head, breathing more heavily. Her manicured fingernails trailed along the V-neck of her blouse. ""I … I mean, you know."" Her face f _ _ _ _ _ d. ""Just looking forward to … the game."" [7 Letters F _ _ _ _ _ D]",Fill-in-the-Blank,flushed,FLUSHED,Flushed
"What was a surprise was that they were all very attractive with lovely, toned bodies, a variety of interesting and not-unfashionable (but all very high-heeled) shoes and sandals and all but one had very becoming hair (the one who didn't had her hair d _ _ _  a rather brash red that did nothing for her coloring). [4 Letters D _ _ _ ]",Fill-in-the-Blank,dyed,DYED,Dyed
"He looked to his daughter. ""Trust you to find a warrior this good-lookin'. Fuck me, little girl, not a man I c _ _ _ _ _ d eyes on in my life was a match for you, 'cept this motherfucker,"" he stated, jerking a thumb at Abel. [7 Letters C _ _ _ _ _ D]",Fill-in-the-Blank,clapped,CLAPPED,Clapped
"Juilin grunted as if he had been hit in the pit of his belly, and scrubbed a hand through his short black hair. ""I have a reason to s _ _ _  a while longer,"" he said, ""even so."" [4 Letters S _ _ _ ]",Fill-in-the-Blank,stay,STAY,Stay
"I'm living on b _ _ _ _ _ _ d time, so what do I need a bunch of fucking Folger's Crystals coupons for? [8 Letters B _ _ _ _ _ D]",Fill-in-the-Blank,borrowed,BORROWED,Borrowed
"Very strange, very beautiful: statues of illuminated fog. Arp was pulling on the leash, sniffing. We walked on, came to the end of the block, r _ _ _ _ _ d the corner. [7 Letters R _ _ _ _ _ D]",Fill-in-the-Blank,rounded,ROUNDED,Rounded
"He started the car and d _ _ _ e home, surprised and amused by the effect Tannerton's workroom had had upon him. [5 Letters D _ _ _ _ _ E]",Fill-in-the-Blank,drove,DROVE,Drove
"""We had an agreement. You s _ _ _  me yours, I show you mine."" [4 Letters S _ _ _ ]",Fill-in-the-Blank,show,SHOW,Show
"My heart was pounding, and I was truly frightened. I had sensed someone in that room, and to make it even stranger, the image I saw was of a young Mexican man d _ _ _ _ _ d in the traditional charro outfit, which consisted of tight black pants, a bolero jacket, and a large black felt sombrero. [7 Letters D _ _ _ _ _ D]",Fill-in-the-Blank,dressed,DRESSED,Dressed
"""Babe, you're churning through history,"" Cora noted. ""History is history. b _ _ _ k free."" [5 Letters B _ _ _ _ _ K]",Fill-in-the-Blank,break,BREAK,Break
"John Patrick Ryan stood and looked around, his face as empty right now as his soul, trying to understand what had t _ _ _ n place here, and what he could-what he had to learn from this. [5 Letters T _ _ _ _ _ N]",Fill-in-the-Blank,taken,TAKEN,Taken
