QUESTION_TEXT,QUESTION_TYPE,OPTION_1,OPTION_2,OPTION_3
"""I go to the window to see what's outside,"" she countered, irritated with his perception. She h _ _ _  out her hand for her cigarettes, but he put them down on the desk and rose. [4 Letters H _ _ _ ]",Fill-in-the-Blank,held,HELD,Held
"Below lay the ruins of San Sebastián Church, whose steeples were long gone and whose yellowed and c _ _ _ _ _ _ _ g walls were spanned by deep cracks like veins. The upper edges near the rooftops were draped in moss and mold. [9 Letters C _ _ _ _ _ G]",Fill-in-the-Blank,crumbling,CRUMBLING,Crumbling
"Croyd studied Bentley-a small foxy-featured man with dark hair and shifty eyes-feeling that his earlier transformation had actually been in keeping with his general demeanor. Bentley r _ _ _ _ _ _ d the compliment for several seconds, then said, ""That's really you, Croyd?"" [8 Letters R _ _ _ _ _ D]",Fill-in-the-Blank,returned,RETURNED,Returned
"Instead of answering, I pulled on her hand to b _ _ _ g her closer and I hugged her. I hugged her because I was happy for her and Vance. [5 Letters B _ _ _ _ _ G]",Fill-in-the-Blank,bring,BRING,Bring
"He shook me gently and ordered, ""Gwen, give me your eyes."" I looked up at him and he asked, ""You want false promises?"" I didn't answer so his face d _ _ _ _ d closer. ""Baby, I can't tell the future."" [6 Letters D _ _ _ _ _ D]",Fill-in-the-Blank,dipped,DIPPED,Dipped
"Sparks flew as the rear wheels slammed into the solid force, then were sheared off and tossed into the air as the car b _ _ _ n to spin out of control. [5 Letters B _ _ _ _ _ N]",Fill-in-the-Blank,began,BEGAN,Began
"""I'm going to resume the school where we left off,"" said Nafai. ""If father s _ _ _  I should."" [4 Letters S _ _ _ ]",Fill-in-the-Blank,says,SAYS,Says
"""The best way to c _ _ _ h a beautiful woman."" He'd enjoyed the fact that she stared. A man could preserve his face and body with care, diligence, and money. But it took a woman, a young one, to preserve the ego. [5 Letters C _ _ _ _ _ H]",Fill-in-the-Blank,catch,CATCH,Catch
"Even now he could recall the precise chill and the too-soft texture of her cheek when he leaned into the coffin to kiss her. He kissed each of her eyelids, too, and half e _ _ _ _ _ _ d them to flutter open against his lips. [8 Letters E _ _ _ _ _ D]",Fill-in-the-Blank,expected,EXPECTED,Expected
"""But if that's the case, why did he drag you behind a windbreak? You would have f _ _ _ _ n to death in fifteen minutes if he'd left you in the open."" [6 Letters F _ _ _ _ _ N]",Fill-in-the-Blank,frozen,FROZEN,Frozen
"Even as the cards were falling, the fire screen was pitched off the stone hearth. A blazing log erupted from the fireplace, s _ _ _  across the room, and struck Renseveer, who was too dazed to attempt to dodge that projectile. [4 Letters S _ _ _ ]",Fill-in-the-Blank,shot,SHOT,Shot
"But even if she'd had a chance to r _ _ _ _ _ d, there was nothing she could say. They weren't wrong about any of it. Her cheeks were burning at the reprimands. [7 Letters R _ _ _ _ _ D]",Fill-in-the-Blank,respond,RESPOND,Respond
"She opened her eyes when she f _ _ _  the bed depress with his weight, his fingers sliding into the side of her hair and she saw him sitting beside her on the bed. [4 Letters F _ _ _ ]",Fill-in-the-Blank,felt,FELT,Felt
"Tim t _ _ _  his clothes from the dryer and ironed them while Linda cleaned up the breakfast dishes. Their rain-sodden shoes hadn't fully dried, but they were wearable. [4 Letters T _ _ _ ]",Fill-in-the-Blank,took,TOOK,Took
"""Well, I g _ _  the glass cleaned up, but you're going to have to do something about that tree, David. We can't have a tree in the living room."" [3 Letters G _ _ _ ]",Fill-in-the-Blank,got,GOT,Got
"You talk to your faculty adviser, I'll make inquiries too-and if you're sick and tired of l _ _ _ _ g with us, you can go away to school. I understand that there isn't much for you to do out here anymore. [6 Letters L _ _ _ _ _ G]",Fill-in-the-Blank,living,LIVING,Living
"The serving wench to whom he spoke gave a squealing laugh and tossed her stringy yellow hair behind her. ""My name's not Rowena, sir, it's Mattie,"" she gushed, then gave a screech as the man p _ _ _ _ d her down upon his lap. [6 Letters P _ _ _ _ _ D]",Fill-in-the-Blank,pulled,PULLED,Pulled
"Lazarov grinned and p _ _ _ _ d his nose. ""Yeah. I think we'll use the plane. We'll send him down to the islands on a little business trip, and there will be this mysterious explosion."" [6 Letters P _ _ _ _ _ D]",Fill-in-the-Blank,picked,PICKED,Picked
"Neither agitated nor lethargic from drugs, Billy c _ _ _ _ _ d the room unhurriedly, with straight-shouldered confidence and an almost eerie grace. [7 Letters C _ _ _ _ _ D]",Fill-in-the-Blank,crossed,CROSSED,Crossed
"The deputies were gone. She looked at Woody, loath to l _ _ _ e him alone, even though Lee Shacket was in custody. [5 Letters L _ _ _ _ _ E]",Fill-in-the-Blank,leave,LEAVE,Leave
