QUESTION_TEXT,QUESTION_TYPE,OPTION_1,OPTION_2,OPTION_3
"He felt his legs buckle and give with each step, like a puppet's. The body s _ _ _  into the water almost soundlessly. [4 Letters S _ _ _ ]",Fill-in-the-Blank,slid,SLID,Slid
"Tavi a _ _ _ _ d a brow at the Maestro, and asked Max, ""Is that bad?"" [6 Letters A _ _ _ _ _ D]",Fill-in-the-Blank,arched,ARCHED,Arched
"Sticks flew through the air, rained on him. He staggered, fended them off. One with a nail pounded raggedly through it ripped at his arm and d _ _ _  blood. [4 Letters D _ _ _ ]",Fill-in-the-Blank,drew,DREW,Drew
"""No he wouldn't,"" grumbled Evvy. ""He'd put me under a bushel basket and send a cobra in to k _ _ _  me company."" She pried her final lightstone from the wall, then led the way out, holding the stone up like a lamp. [4 Letters K _ _ _ ]",Fill-in-the-Blank,keep,KEEP,Keep
"""I know that you and Ben and Nate are going to talk to the police about this. I'll answer any questions about him. But he never hurt anyone but me that I know of. And he only ever u _ _ _  his hands. [4 Letters U _ _ _ ]",Fill-in-the-Blank,used,USED,Used
I pulled in another breath then lifted my hand to w _ _ _  my face and pulled up to look at him. [4 Letters W _ _ _ ],Fill-in-the-Blank,wipe,WIPE,Wipe
He noted the elaborate layout of cubicles where people l _ _ _ _ d as busy as bees in a honeycomb as they toiled away on whatever legal conundrum they were confronting. [6 Letters L _ _ _ _ _ D],Fill-in-the-Blank,looked,LOOKED,Looked
"When I finally got through the cruise ship's phone system to Aunt May, there was a lot of t _ _ _ _ _ g in the background and a slight lag in speech from the satellite transmission times. ""Peter!"" she said, her voice pleased and warm. ""Hello, dear."" [7 Letters T _ _ _ _ _ G]",Fill-in-the-Blank,talking,TALKING,Talking
"""I'm not saying you are,"" said Prescott. ""I'm telling you what the chatter is out there. Nobody wants to back you because it's a claim they can't independently validate. So they keep quiet and hope someone else will t _ _ _  the risk. [4 Letters T _ _ _ ]",Fill-in-the-Blank,take,TAKE,Take
"Rigg stood in the doorway, gaping and admiring for Long's benefit, while he was actually s _ _ _ _ _ _ g the room for the most recent paths. No one was hiding in the room-that would be too obvious. [8 Letters S _ _ _ _ _ G]",Fill-in-the-Blank,scanning,SCANNING,Scanning
"As he rose to his feet, he put both hands on her shoulders and leaned close so he could whisper in her ear. ""Do not s _ _ _  vengeance now that you have power,"" [4 Letters S _ _ _ ]",Fill-in-the-Blank,seek,SEEK,Seek
"""Yes, thank you."" Keitel s _ _ _ k his hand and got into the car. [5 Letters S _ _ _ _ _ K]",Fill-in-the-Blank,shook,SHOOK,Shook
"His eyes c _ _ _ _ _ d to blue ice. ""If you're going to deliberately be an ass, if you insist on raving over something this simple, we can talk about it when you're not."" [7 Letters C _ _ _ _ _ D]",Fill-in-the-Blank,chilled,CHILLED,Chilled
"Lulu p _ _ _ _ d wine into two glasses, then sat and propped her feet on one of the kitchen chairs. ""What brings you to my door, Deputy?"" [6 Letters P _ _ _ _ _ D]",Fill-in-the-Blank,poured,POURED,Poured
"""Fine, that's just dandy."" She hurt everywhere, and now her pulse b _ _ _ n to hammer at the sight of her aide clutching a bomb. ""Don't move."" [5 Letters B _ _ _ _ _ N]",Fill-in-the-Blank,began,BEGAN,Began
"""Right at this moment, I don't g _ _ _  a damn if you have four hundred. Whatever your priorities, you happen to be mine. That's my price. Do you want the data?"" [4 Letters G _ _ _ ]",Fill-in-the-Blank,give,GIVE,Give
"John m _ _ _  a production of digging in an attaché case for a set of manila folders, which he distributed. Moving on, then. [4 Letters M _ _ _ ]",Fill-in-the-Blank,made,MADE,Made
"This was making me uncomfortable, and with all that was going on in my head, not to mention h _ _ _ _ g company, I didn't have the time to sort out why. [6 Letters H _ _ _ _ _ G]",Fill-in-the-Blank,having,HAVING,Having
"""You earned a turn in Interview with this bastard, and you're secondary on the investigation. It's your right. I need to a _ _  you to step aside for Feeney on this."" [3 Letters A _ _ _ ]",Fill-in-the-Blank,ask,ASK,Ask
"He was almost there, almost at the platform level, when his weak lunar muscles gave out on him. There was a sudden spasm; his hand s _ _ _ _ _ d loose, his other hand couldn't take the weight. [7 Letters S _ _ _ _ _ D]",Fill-in-the-Blank,slipped,SLIPPED,Slipped
