QUESTION_TEXT,QUESTION_TYPE,OPTION_1,OPTION_2,OPTION_3
"""You're no craven,"" rumbled Brandgar. ""Yet any man might feel the sting of fear when he sits in comfort and thinks of peril. Come, I know you would never run from a duty b _ _ _ d in honest wager! [5 Letters B _ _ _ _ _ D]",Fill-in-the-Blank,bound,BOUND,Bound
"empousa a vampire with fangs, claws, a bronze left leg, a donkey right leg, hair m _ _ _  of fire and skin as white as bone. Empousai [pl.] have the ability to manipulate the Mist, change shape and charmspeak in order to attract their mortal victims. [4 Letters M _ _ _ ]",Fill-in-the-Blank,made,MADE,Made
"As I sat there smiling, one of those perfect New York moods hit me. Sad and happy and serene all at the same time. I had trouble remembering the last time I felt this good. Definitely before Hughie l _ _ _  his life. [4 Letters L _ _ _ ]",Fill-in-the-Blank,lost,LOST,Lost
"While some actual real live punks were part of the crowd, a lot of the guys l _ _ _ _ d somewhere between punk and normal, with torn jeans and black T-shirts and surly expressions, but they didn't have the weird hair and all the metal and slogans. [6 Letters L _ _ _ _ _ D]",Fill-in-the-Blank,looked,LOOKED,Looked
"Frank Maxwell came forward and p _ _  out a hand to help up his daughter. ""You okay, baby?"" he said anxiously. [3 Letters P _ _ _ ]",Fill-in-the-Blank,put,PUT,Put
"If it was real love, true love, then shouldn't it have made me f _ _ _  bad to see Auggie wanting, hurting with doubt? Maybe, but it didn't. [4 Letters F _ _ _ ]",Fill-in-the-Blank,feel,FEEL,Feel
"She s _ _ _ t the day in an air-conditioning shaft, in cool darkness and the smell of dust. [5 Letters S _ _ _ _ _ T]",Fill-in-the-Blank,spent,SPENT,Spent
"Then, to Tut's amazement and joy, the same warm afternoon sunlight that had sent his mind w _ _ _ _ _ _ _ g now cast a spell over the instructor. Tut watched eagerly as the man rested in his chair and his eyelids began to close. [9 Letters W _ _ _ _ _ G]",Fill-in-the-Blank,wandering,WANDERING,Wandering
"""It's over."" Wanting the comfort almost as much as he needed to give it, he k _ _ _  her hand against his cheek. ""I'm going to go get the nurse. They wanted to know when you woke up."" [4 Letters K _ _ _ ]",Fill-in-the-Blank,kept,KEPT,Kept
"That intel had proved correct in the careless nature of the sentries. It might just work, t _ _ _ _ _ t web. [7 Letters T _ _ _ _ _ T]",Fill-in-the-Blank,thought,THOUGHT,Thought
"""You can b _ _  more scrap iron with that kind of money."" [3 Letters B _ _ _ ]",Fill-in-the-Blank,buy,BUY,Buy
"Anne came over and straightened Angel's collar. ""Nope."" She walked over to the cabinet and t _ _ _  down a mug. [4 Letters T _ _ _ ]",Fill-in-the-Blank,took,TOOK,Took
"She lay on the bed in her room, s _ _ _ _ _ g at the ceiling as the leaden minutes passed and the antique clock beside her bed ticked and locked like a mallet slammed repeatedly against a slab of iron. [7 Letters S _ _ _ _ _ G]",Fill-in-the-Blank,staring,STARING,Staring
"Doyle looked down at me, his face inscrutable darkness. I'd have played poker with Nicca or Galen any day, but never Doyle. When he didn't want me to r _ _ _  his face, I couldn't. [4 Letters R _ _ _ ]",Fill-in-the-Blank,read,READ,Read
"""Lieutenant,"" Summerset began, then g _ _  a look at her. ""What have you done? That coat is ruined. You haven't had it a month."" [3 Letters G _ _ _ ]",Fill-in-the-Blank,got,GOT,Got
"And the Overlook was gone. Even if it hadn't b _ _ _ _ d to the ground during the tenure of the Peanut Farmer President, it would have been over a thousand miles from here. So why was he so frightened? [6 Letters B _ _ _ _ _ D]",Fill-in-the-Blank,burned,BURNED,Burned
"Between the rent, the extra fee, the airplane tickets, and the rental car, this would end up costing him five thousand and change, but that was part of the cost of d _ _ _ g business. [5 Letters D _ _ _ _ _ G]",Fill-in-the-Blank,doing,DOING,Doing
"If the truth c _ _ _ s out not only will she not get the second, but the first star might get stripped."" [5 Letters C _ _ _ _ _ S]",Fill-in-the-Blank,comes,COMES,Comes
"His hair was c _ _ _ _ d straight back, pasted to his round head by a heavy coat of clear lubrication. Fortunately, Major Kelly thought, Sergeant Coombs had not yet called Maurice a greasy frog. [6 Letters C _ _ _ _ _ D]",Fill-in-the-Blank,combed,COMBED,Combed
"Just as her annoyance with Eve had r _ _ _ _ _ d its peak, Nina had knocked on the door, carrying a trio of dresses. [7 Letters R _ _ _ _ _ D]",Fill-in-the-Blank,reached,REACHED,Reached
