QUESTION_TEXT,QUESTION_TYPE,OPTION_1,OPTION_2,OPTION_3
"Just as he was about to c _ _ _ , I took him out of my mouth and finished the job with my hand, making sure his precious jism squirted all over my blouse. [4 Letters C _ _ _ ]",Fill-in-the-Blank,come,COME,Come
"""No, but I've seen pictures."" Liza eyed Sarah's trunks with longing. ""The women w _ _ _  beautiful [4 Letters W _ _ _ ]",Fill-in-the-Blank,wear,WEAR,Wear
"The kitchen, evening. It is dark out. The supper dishes are still on the table and Mama and Carlotta are sitting at the table and MELISSA is in a high chair. Carlotta is s _ _ _ _ _ g a cigarette. [7 Letters S _ _ _ _ _ G]",Fill-in-the-Blank,smoking,SMOKING,Smoking
"She shook her head but didn't dislodge his hand as it s _ _ _  into her hair, lifting some of its massive weight away from her shoulder. [4 Letters S _ _ _ ]",Fill-in-the-Blank,slid,SLID,Slid
"She liked watching him, the look of him, the way he seemed to emanate energy even sitting and reading. Then, as if sensing her eyes on him, his gaze moved to her and she s _ _  his mouth move up slightly at the ends. [3 Letters S _ _ _ ]",Fill-in-the-Blank,saw,SAW,Saw
"""By not calling me miss."" Pleased, she pulled out her badge. ""It's Lieutenant. I'm leaving my ride here. Nobody touches it. I n _ _ _  access to Ava Crampton's unit."" [4 Letters N _ _ _ ]",Fill-in-the-Blank,need,NEED,Need
"By the time the plainclothes officers brought her mother to the door, she felt she had herself under control. In the sparsely furnished living room, Elizabeth g _ _  to her feet as Susan came in. [3 Letters G _ _ _ ]",Fill-in-the-Blank,got,GOT,Got
"My skin f _ _ _  so hot, but it didn't feel bad like a fever; it felt wonderful. Part of me wondered what it might be like to finally give in and shift, but not today. I couldn't afford to think that today. [4 Letters F _ _ _ ]",Fill-in-the-Blank,felt,FELT,Felt
"A torso popped up in one of the containers, f _ _ _ d a shot at Clark, then ducked out of sight again. [5 Letters F _ _ _ _ _ D]",Fill-in-the-Blank,fired,FIRED,Fired
"Siuan a _ _ _ e with a start. Something was wrong. Something was very, very wrong. She scrambled off of her pallet. As she did, a dark figure moved suddenly on the other side of the tent, metal rasping against metal. [5 Letters A _ _ _ _ _ E]",Fill-in-the-Blank,awoke,AWOKE,Awoke
"Jack r _ _ _ _ _ d across the table, and air, sweet air, rushed in around his gloved finger as he poked a small hole in the bag. [7 Letters R _ _ _ _ _ D]",Fill-in-the-Blank,reached,REACHED,Reached
"Egwene did not follow the Wisdom. As the inn door closed behind Nynaeve, the younger woman came to stand in front of Rand. The frowns were gone from her face, but her unblinking stare m _ _ _  him uneasy. [4 Letters M _ _ _ ]",Fill-in-the-Blank,made,MADE,Made
"Moiraine p _ _  a hand on Min's head. ""Because I must be sure,"" she said gently. ""It is not comfortable being chosen by the Wheel, to be great or to be near greatness. The chosen of the Wheel can only take what comes."" [3 Letters P _ _ _ ]",Fill-in-the-Blank,put,PUT,Put
"The small man coolly appraised him, c _ _ _ _ _ g his head from side to side and then smiling. Then he called the other man over. [7 Letters C _ _ _ _ _ G]",Fill-in-the-Blank,cocking,COCKING,Cocking
"had been averted by inches. He let his mind drift out, searching for his daddy, and found him standing somewhere below. In the lobby. Danny p _ _ _ _ d a little harder, trying to get inside his father. It was not good. [6 Letters P _ _ _ _ _ D]",Fill-in-the-Blank,pushed,PUSHED,Pushed
We couldn't even say for sure that the seven victims had died from homicidal violence. Maybe they had all d _ _ _  of natural causes and their heads were brought to the site for burial. [4 Letters D _ _ _ ],Fill-in-the-Blank,died,DIED,Died
"Faith had borne him a dozen living children, but it was four years since the last one and a lot of women t _ _ _  it bad, having a baby so late. A lot of women died. [4 Letters T _ _ _ ]",Fill-in-the-Blank,took,TOOK,Took
"He turned his head and k _ _ _ _ d her neck. ""You're starting to drip. Gotta clean you and let Cleo free."" [6 Letters K _ _ _ _ _ D]",Fill-in-the-Blank,kissed,KISSED,Kissed
"Samantha l _ _  out a half laugh. ""Well, I guess so. I've made a list, everyone I could think of. People I've talked with about the book. Odd communications I've had from readers or people claiming to have known my great-grandfather."" [3 Letters L _ _ _ ]",Fill-in-the-Blank,let,LET,Let
"""All right, enough!"" I closed my eyes, trying to think of what I'd forgotten. ""The Holland Tunnel. Jake, take the Hephaestus cabin there. Use Greek fire, s _ _  traps. Whatever you've got."" [3 Letters S _ _ _ ]",Fill-in-the-Blank,set,SET,Set
