QUESTION_TEXT,QUESTION_TYPE,OPTION_1,OPTION_2,OPTION_3
"Later on, the party had thinned out-John had performed his folk dance, and we were out of liverwurst and down to plain rye rounds-and I was dancing with Peggy. I k _ _ _ _ d her neck, a sheer piece of son-of-a-bitchery. [6 Letters K _ _ _ _ _ D]",Fill-in-the-Blank,kissed,KISSED,Kissed
"""I can't tell you much, myself, but I'm sure Cadsuane and Verin will tell you anything you want to know. Others will, too. Ask them if you w _ _ _  more than yes and no and two words besides."" [4 Letters W _ _ _ ]",Fill-in-the-Blank,want,WANT,Want
"""And I'm sure he does card tricks, too,"" Dave said. He w _ _  the round with Chun-Li and looked up. ""So why'd the old man kill himself anyway?"" [3 Letters W _ _ _ ]",Fill-in-the-Blank,won,WON,Won
The boy fell to his knees and curled into a foetal position to try to cradle the pain and m _ _ _  it easier to bear. [4 Letters M _ _ _ ],Fill-in-the-Blank,make,MAKE,Make
"I told my best bud, ""Once a month I get body-slammed by the loss of another opportunity, you know? g _ _ _ _ _ g married makes me want a baby more than ever. It's come over me like a freakin' baby-love tsunami,"" I said. [7 Letters G _ _ _ _ _ G]",Fill-in-the-Blank,getting,GETTING,Getting
"s _ _ _ _ _ g on the edge of the bed, he poured half a cup of wine and held it to Tyrion's swollen lips. The trickle went down cool, though he could hardly taste it. ""More,"" he said when the cup was empty. [7 Letters S _ _ _ _ _ G]",Fill-in-the-Blank,sitting,SITTING,Sitting
"""The spasms can be violent,"" Alvarez explained. His voice was m _ _ _ _ _ d by the particulate mask covering the lower half of his face. ""We've applied restraints to prevent his injury or the interruption of life support."" [7 Letters M _ _ _ _ _ D]",Fill-in-the-Blank,muffled,MUFFLED,Muffled
"Thumb on the toad face, forefinger against the back of the pin, Dylan f _ _ _  a quiver of psychic spoor, the impression of more than one individual, perhaps Grandma Marjorie overlaid by Jillian Jackson, but neither invoked in him the compulsion to hurry-move-find-do that had harried him to the house on Eucalyptus Avenue. [4 Letters F _ _ _ ]",Fill-in-the-Blank,felt,FELT,Felt
"He made his left foot move forward. He s _ _ _ d that way a moment, legs apart, like a man caught in the act of fording a small stream. Then he made his right foot catch up with his left one. [5 Letters S _ _ _ _ _ D]",Fill-in-the-Blank,stood,STOOD,Stood
"In these times, Daniel, with so many people l _ _ _ _ g in wooden huts with thatched roofs, with so much of everything we use made from wood and simple flammable materials... why, whole villages could be wiped out. [6 Letters L _ _ _ _ _ G]",Fill-in-the-Blank,living,LIVING,Living
"She said it casually, hoping the concept would t _ _ _  root. ""So you went to law school."" [4 Letters T _ _ _ ]",Fill-in-the-Blank,take,TAKE,Take
"I tossed the envelope on his desk and sat down. ""What are you up to, Bert?"" His smile w _ _ _ _ _ d. He usually didn't waste the smile on anybody but clients. He certainly didn't waste it on me. ""You looked at the pictures?"" [7 Letters W _ _ _ _ _ D]",Fill-in-the-Blank,widened,WIDENED,Widened
"His tears swiftly darkened, as if polluted. His blurred vision f _ _ _ d. Soon the tears were as black as ink, and he was blind. [5 Letters F _ _ _ _ _ D]",Fill-in-the-Blank,faded,FADED,Faded
He could not seem to move. He felt drained. He was not sure he could blink. Screams and the clash of steel r _ _ _  in his ears. [4 Letters R _ _ _ ],Fill-in-the-Blank,rang,RANG,Rang
"So why were we so lucky? Some of his people thought it was parallel evolution, others b _ _ _ _ _ _ d that Earth was a lost Takisian colony-he didn't know and didn't care. [8 Letters B _ _ _ _ _ D]",Fill-in-the-Blank,believed,BELIEVED,Believed
"We entered the living room, and once again, light f _ _ _ _ _ d the room at the touch of a switch. A velveteen sofa and love seat looked new, but the rest of the furniture stood ponderous, weighty oak, solid and stern. [7 Letters F _ _ _ _ _ D]",Fill-in-the-Blank,flooded,FLOODED,Flooded
"Inside she found a dirt floor, a straw pallet, furs and blankets to k _ _ _  her warm, a basin of water, a flagon of cider, some bread and cheese, a small fire, and two low chairs. [4 Letters K _ _ _ ]",Fill-in-the-Blank,keep,KEEP,Keep
"He appeared younger than twenty-two, l _ _ _ _ _ g a little like a teenager with a nervous disability. High forehead, prominent cheekbones, large teeth. [7 Letters L _ _ _ _ _ G]",Fill-in-the-Blank,looking,LOOKING,Looking
"""Roberto, I don't know anything about keeping a car r _ _ _ _ _ g like that! How do you expect me to remember all this?"" [7 Letters R _ _ _ _ _ G]",Fill-in-the-Blank,running,RUNNING,Running
"Five coins, then ten. Twenty and more. Her breath r _ _ _ _ d out in a shriek of laughter. She couldn't seem to get enough air. When she looked up, she saw Matthew grinning at her, his eyes dark and wild. [6 Letters R _ _ _ _ _ D]",Fill-in-the-Blank,rushed,RUSHED,Rushed
