QUESTION_TEXT,QUESTION_TYPE,OPTION_1,OPTION_2,OPTION_3
"I drew in a c _ _ _ _ _ g breath, hoping I was getting in there, and informed her, ""Before he left, Mr. [7 Letters C _ _ _ _ _ G]",Fill-in-the-Blank,calming,CALMING,Calming
"""Wonderful! No one c _ _ _ d enough to give them mates of their own kind. All they know to do is grab two-legger females. They either kill them or get killed themselves. It's wrong!"" Pulling her belongings from the mud, she ran to her parents' house. [5 Letters C _ _ _ _ _ D]",Fill-in-the-Blank,cared,CARED,Cared
"Andy was disgusted with my continued association with Bill Compton, interested in my improved appearance, and curious about how vampires had sex. He also was f _ _ _ _ _ g sorry he was probably going to arrest Jason. [7 Letters F _ _ _ _ _ G]",Fill-in-the-Blank,feeling,FEELING,Feeling
"""It's best to wait,"" Gibbons assured her. ""He's already having difficultly adjusting to the idea of l _ _ _ _ _ g here. But when the police are ready to take him, it will help if you're there with him."" [7 Letters L _ _ _ _ _ G]",Fill-in-the-Blank,leaving,LEAVING,Leaving
"she said, looking up at Keane. ""I'm sure Jovilette will t _ _ _  good care of me. Won't you, dear?"" Without waiting for either to respond, Rachael tucked her arm through Jo's and began to wait. ""I knew your parents,"" [4 Letters T _ _ _ ]",Fill-in-the-Blank,take,TAKE,Take
"""That should suit you well enough."" Laine wriggled out of his loosened hold and t _ _ _ _ d her head. ""You have a considerable advantage-given your weight and strength."" [6 Letters T _ _ _ _ _ D]",Fill-in-the-Blank,tossed,TOSSED,Tossed
"'But they don't know,' Craig whispered. 'They don't know I did them a favor, because they don't know what she is.' He n _ _ _ _ d his head sagely. His eyes, huge and wet in the dark, gleamed. [6 Letters N _ _ _ _ _ D]",Fill-in-the-Blank,nodded,NODDED,Nodded
"The whistle blew, delay of game, and we rehuddled and came back out. Hobbs threw to Spurgeon Cole up the middle. He got hit and dropped it. Centrex claimed fumble but the official p _ _ _  no attention. Byrd Whiteside punted miserably. [4 Letters P _ _ _ ]",Fill-in-the-Blank,paid,PAID,Paid
"It stung. She couldn't have said why, but the bland and goody-goody description put her back up. ""I've g _ _  a tattoo on my butt."" [3 Letters G _ _ _ ]",Fill-in-the-Blank,got,GOT,Got
"I wondered if the dirt road l _ _ _ _ _ g up to Kansas Road was clear of falls, and just as I was wondering, an orange CMP truck lumbered past, probably on its way to the far end of our little road. [7 Letters L _ _ _ _ _ G]",Fill-in-the-Blank,leading,LEADING,Leading
"""Maybe you've got time to s _ _  hi to her before you take off for school. But you want to get rid of these."" [3 Letters S _ _ _ ]",Fill-in-the-Blank,say,SAY,Say
"When they reached the driftwood and looked on the other side, the man was g _ _ _ . [4 Letters G _ _ _ ]",Fill-in-the-Blank,gone,GONE,Gone
He r _ _  his tongue around his teeth as he considered her. [3 Letters R _ _ _ ],Fill-in-the-Blank,ran,RAN,Ran
"She shook her head. ""What's that?"" She pointed at her own screen and what l _ _ _ _ d like some sort of ancient castle surrounded by some kind of cage. [6 Letters L _ _ _ _ _ D]",Fill-in-the-Blank,looked,LOOKED,Looked
"""No, in the bag. Sewn into the lining. It feels like a little rock, or something."" Suddenly he seemed to be looking directly at Susannah, and she was aware that she was s _ _ _ _ _ g on a park bench. [7 Letters S _ _ _ _ _ G]",Fill-in-the-Blank,sitting,SITTING,Sitting
"He painfully remembered the last time he'd seen Rourke. Along with a remnant of their legionnaire unit, they'd been hiding in an abandoned French barn, w _ _ _ _ _ g for nightfall when they could slip out and elude patrols by the Vichy militia. [7 Letters W _ _ _ _ _ G]",Fill-in-the-Blank,waiting,WAITING,Waiting
"""I love you."" She t _ _ _ _ d her cheek to his. ""For everything."" [6 Letters T _ _ _ _ _ D]",Fill-in-the-Blank,turned,TURNED,Turned
"Ben looked up, s _ _  eddie watching him, and looked away, embarrassed. [3 Letters S _ _ _ ]",Fill-in-the-Blank,saw,SAW,Saw
"""I'm here to a _ _  the questions. Has anyone approached either of you asking questions about your mother or her work?"" [3 Letters A _ _ _ ]",Fill-in-the-Blank,ask,ASK,Ask
"If his mother used him as her butt monkey when he was a kid, he still owns it. He made the choice. If his father, uncle, aunt, cousin from Toledo k _ _ _ _ d his ass every Tuesday, it's still his. [6 Letters K _ _ _ _ _ D]",Fill-in-the-Blank,kicked,KICKED,Kicked
