QUESTION_TEXT,QUESTION_TYPE,OPTION_1,OPTION_2,OPTION_3
"""Okay, all right. Reo, shut the damn door before somebody else wanders in here."" Then she b _ _ _  out a breath when Louise did just that. [4 Letters B _ _ _ ]",Fill-in-the-Blank,blew,BLEW,Blew
"He knew she wasn't talking about this one battle, and s _ _ _ k his head. The bitterness was back in his eyes. ""It'll last as long as they want it to last. As long as men have sons to die. [5 Letters S _ _ _ _ _ K]",Fill-in-the-Blank,shook,SHOOK,Shook
"Bonnell slapped his hands onto his thighs and pushed up from the chair. ""C'est bien, Doctor. A man d _ _ _ _ _ _ s a chance to back upon the intersection of his past, present, and future. I will find you this man."" [8 Letters D _ _ _ _ _ S]",Fill-in-the-Blank,deserves,DESERVES,Deserves
I CURSED AS the taxi p _ _ _ _ d to a stop at yet another traffic light. [6 Letters P _ _ _ _ _ D],Fill-in-the-Blank,pulled,PULLED,Pulled
"They began in a windowless room with mismatched filing cabinets lining the walls. After a few minutes, Talmadge X and Samuel disappeared and the tension b _ _ _ n to ease. The cops pulled up chairs and accepted the coffee offered by the receptionist. [5 Letters B _ _ _ _ _ N]",Fill-in-the-Blank,began,BEGAN,Began
"""Okay, G _ _ _  me a minute."" He sat back, thinking it through. He remembered her reaction to the gift, her pleasure, her excitement. [4 Letters G _ _ _ ]",Fill-in-the-Blank,give,GIVE,Give
"""I don't know."" Exhausted, she l _ _ _  her head against his chest. She had her breath back at least. It no longer felt as if a hand was squeezing her racing heart. ""Like I said, I don't know how it works. [4 Letters L _ _ _ ]",Fill-in-the-Blank,laid,LAID,Laid
"Blood spattered, and his cheek gave under my fist. I thought I heard his jaw break. The blow spun him around, and he fell onto his side, chair and all. He f _ _ _  on the floor and didn't get back up. [4 Letters F _ _ _ ]",Fill-in-the-Blank,fell,FELL,Fell
"When his head moved that way, I turned my eyes and w _ _ _ _ _ d him secure a knot he'd done one handed, tightening it with his teeth. [7 Letters W _ _ _ _ _ D]",Fill-in-the-Blank,watched,WATCHED,Watched
"Too many shit scenes with Whitney and the like of her. Aryas playing his games thinking Branch wouldn't cotton on, every once in a while taking what they could give and g _ _ _ _ _ g the fuck gone. [7 Letters G _ _ _ _ _ G]",Fill-in-the-Blank,getting,GETTING,Getting
If they were all hallucinations. I'm not so sure about that as I used to be. Maybe I'll tell you that part and maybe I won't-I'll just have to see how I feel when the time c _ _ _ s. [5 Letters C _ _ _ _ _ S],Fill-in-the-Blank,comes,COMES,Comes
"Dru winced, but she k _ _ _  her voice even. ""A stupid comment doesn't make me stupid. But it was uncalled for and ill advised. I apologize for it. I suppose you've never had something pop out of your mouth that you've instantly regretted."" [4 Letters K _ _ _ ]",Fill-in-the-Blank,kept,KEPT,Kept
"Laurel r _ _ _ _ d her eyes, considered the options. Turning she shed her suit jacket, slowly unzipped her skirt. ""Maybe I'm not so tired after all."" She stepped out of the skirt so she wore only a chemise, panties and heels. ""Unless you are."" [6 Letters R _ _ _ _ _ D]",Fill-in-the-Blank,rolled,ROLLED,Rolled
"Web held out his hand for the file. ""Mind if I t _ _ _  a look?"" Bates stared at him for a long moment. ""Sure. But if you see anything that hits you funny, I'd appreciate knowing about it before you walk out of this office."" [4 Letters T _ _ _ ]",Fill-in-the-Blank,take,TAKE,Take
"It was more than Cersei could stand. I cannot let them see me cry, she thought, when she felt the tears welling in her eyes. She w _ _ _ _ d past Ser Meryn Trant and out into the back passage. [6 Letters W _ _ _ _ _ D]",Fill-in-the-Blank,walked,WALKED,Walked
"You have grown up just as I hoped you'd be, Deborah was saying. And that was it. A child g _ _ _ _ _ g up as she was taught. That was the loophole, the twist, the trick in the deal Akyas offered her. [7 Letters G _ _ _ _ _ G]",Fill-in-the-Blank,growing,GROWING,Growing
"""I know I've been an inconvenience, and I a _ _ _ _ _ _ _ _ e your help and hospitality, but I'll need to ask another favor, I'm afraid. Could you possibly drive me to the nearest phone, or town or garage? Whichever is simpler for you."" [10 Letters A _ _ _ _ _ E]",Fill-in-the-Blank,appreciate,APPRECIATE,Appreciate
At just past 12:30 A.M. Sabbath arrived in New York and f _ _ _ d a spot for the car a few blocks from Norman Cowan's Central Park West apartment. [5 Letters F _ _ _ _ _ D],Fill-in-the-Blank,found,FOUND,Found
"Annoyed she rose. They stood f _ _ _ _ g each other on either side of the plank they'd lifted out of the sea. ""I don't care about having my name in the books."" [6 Letters F _ _ _ _ _ G]",Fill-in-the-Blank,facing,FACING,Facing
"Robie jumped up, r _ _  into the bathroom, soaked a washcloth in cold water, and brought it out to her. She accepted it without a word and swabbed her face with it. [3 Letters R _ _ _ ]",Fill-in-the-Blank,ran,RAN,Ran
