QUESTION_TEXT,QUESTION_TYPE,OPTION_1,OPTION_2,OPTION_3
"He l _ _ _ _ d a hand in a casual way and dropped it. ""See you around."" [6 Letters L _ _ _ _ _ D]",Fill-in-the-Blank,lifted,LIFTED,Lifted
"""I don't remember you saying much about her until she p _ _ _ _ d games with you and Hope in The Penthouse."" [6 Letters P _ _ _ _ _ D]",Fill-in-the-Blank,played,PLAYED,Played
"I went into a dive, but I knew I was too far away to catch him in time. The little ekos was going to die. My heart s _ _ _ . [4 Letters S _ _ _ ]",Fill-in-the-Blank,sank,SANK,Sank
"""I left you some supper in the 'vector,' "" she said. ""Dad and I have to go out and run a couple of errands. Have your dinner and then get your homework d _ _ _  on the laptop. [4 Letters D _ _ _ ]",Fill-in-the-Blank,done,DONE,Done
"""Maybe your husband was to meet someone. Maybe he t _ _ _  the shotgun for protection."" [4 Letters T _ _ _ ]",Fill-in-the-Blank,took,TOOK,Took
"""Oh, just wipe it on the steering wheel,"" Amanda said, now laughing again herself. She was h _ _ _ _ _ g the hand with the phone in it against her stomach. ""I think I'm going to pee myself."" [7 Letters H _ _ _ _ _ G]",Fill-in-the-Blank,holding,HOLDING,Holding
"the angry black cat lectured mildly. ""He m _ _ _  a series often, some larger, some smaller, but the majority in this medium size. Aside from numbering, this mask is twin to the one taken from my window."" [4 Letters M _ _ _ ]",Fill-in-the-Blank,made,MADE,Made
And that was that. Somebody else knew the truth-somebody alive-even if he didn't believe it. Now it was just a matter of w _ _ _ _ _ g. For his investigation to lead him somewhere. For the police to start getting suspicious of him. [7 Letters W _ _ _ _ _ G],Fill-in-the-Blank,waiting,WAITING,Waiting
"They wheeled him into the capacious emergency room, selecting a cubicle in the corner. The five men m _ _ _ d the victim from the gurney to a treatment table, and the medical team went to work. Another physician was standing by, along with a pair of nurses. [5 Letters M _ _ _ _ _ D]",Fill-in-the-Blank,moved,MOVED,Moved
"""That explanation made some sort of crazy sense when we trapped Coombs in the theater and g _ _  a good look at him back in September. He was more ape than man, something in between."" [3 Letters G _ _ _ ]",Fill-in-the-Blank,got,GOT,Got
"This might mean he'd bring his annoying, whiny, constantly bitching new girlfriend though, so I c _ _ _ _ _ d my mind and decided to call my dad. [7 Letters C _ _ _ _ _ D]",Fill-in-the-Blank,changed,CHANGED,Changed
"I had no idea what about the garden made Crystall look so shaken, and I didnï¿½t ask. Panic filled me, adrenaline like fine champagne screamed through me. The double doors o _ _ _ _ d without a hand to touch them. [6 Letters O _ _ _ _ _ D]",Fill-in-the-Blank,opened,OPENED,Opened
"He could feel her giving, opening, awaiting. The way her body moved, the way her breath c _ _ _ _ t. He could hear it in the quick cry that escaped her when he slipped his hands between her legs to cup her. [6 Letters C _ _ _ _ _ T]",Fill-in-the-Blank,caught,CAUGHT,Caught
"Not about your dad or about me. He needs to sort himself out about your dad and I'll win him over eventually. So, if you're worried about that too, then you need to s _ _ _  doing it. But about Lenore. [4 Letters S _ _ _ ]",Fill-in-the-Blank,stop,STOP,Stop
"Cersei gathered up her skirts and her dignity and l _ _  the way to the door. Lord Renly and the others followed. Grand Maester Pycelle lingered, his hands shaking as he offered the king a cup of thick white liquid. [3 Letters L _ _ _ ]",Fill-in-the-Blank,led,LED,Led
"Laura f _ _ _  the tension completely ease out of her as Nate went to sit on the couch. He reached forward and gently pulled his daughter between his legs. Together, both of their identically dark heads bent, they looked at the album. [4 Letters F _ _ _ ]",Fill-in-the-Blank,felt,FELT,Felt
Then he entertained the stagehands with sleight of hand and card tricks. He knew how to k _ _ _  control without rippling the waters. [4 Letters K _ _ _ ],Fill-in-the-Blank,keep,KEEP,Keep
"""I meant Detective Honey."" He heard her snicker as he unlocked her door. He p _ _ _ _ d the key back out of the lock, took her hand, dropped it in and closed her fingers around it. ""Good night."" [6 Letters P _ _ _ _ _ D]",Fill-in-the-Blank,pulled,PULLED,Pulled
"Then, to my surprise, a little one came forward with the knife and offered it to me. ""I di'n't m _ _ _  no harm by't, Guardswoman,"" he (or maybe she) mumbled. [4 Letters M _ _ _ ]",Fill-in-the-Blank,mean,MEAN,Mean
"""What? Oh, yes,"" was the answer, then, ""Did you see a ghoul l _ _ _ _ _ g in the shadows as you came up the road?"" [7 Letters L _ _ _ _ _ G]",Fill-in-the-Blank,lurking,LURKING,Lurking
