QUESTION_TEXT,QUESTION_TYPE,OPTION_1,OPTION_2,OPTION_3
"""Sometimes we do,"" she t _ _ _  the cat, who seemed more interested in taking the next of his long series of naps in her office sleep chair. ""The rocky part. We've got the smooth running right now, but there are always going to be bumps ahead."" [4 Letters T _ _ _ ]",Fill-in-the-Blank,told,TOLD,Told
"""Reasons are no defense. I knew I was taking a chance when I b _ _ _ e the law."" [5 Letters B _ _ _ _ _ E]",Fill-in-the-Blank,broke,BROKE,Broke
"So they had cabbed to St. Pauli, and now they were leaning against a car p _ _ _ _ d down the street from Auswechseln. The streets were beginning to grow crowded with tourists, though the twenty-yard stretch between the Frenchmen and the club was relatively clear. [6 Letters P _ _ _ _ _ D]",Fill-in-the-Blank,parked,PARKED,Parked
"The driver stuck the whiskey bottle in his mouth and turned it up. He grimaced and s _ _ _ _ _ d his lips. ""Sorry, kid. You had to be a cute ass, had to stick your dirty little nose into my business, didn't you? [7 Letters S _ _ _ _ _ D]",Fill-in-the-Blank,smacked,SMACKED,Smacked
"Reynolds's eyes f _ _ _ _ d with tears and her voice cracked again when she spoke. ""Tell Anne Newman that. Tell my kids that, you bastard!"" [6 Letters F _ _ _ _ _ D]",Fill-in-the-Blank,filled,FILLED,Filled
Their masks were already gray at the mouth and their eyes darkly cupped. They sat in the ashes by the side of the road and looked out to the east where the shape of the city was darkening into the c _ _ _ _ g night. [6 Letters C _ _ _ _ _ G],Fill-in-the-Blank,coming,COMING,Coming
"She reared up and cursed at him in Spanish. Cavello rushed forward and s _ _ _ _ _ d her across the face again, slicing open her lip. He slipped off his robe and pushed her back on the sheets. [7 Letters S _ _ _ _ _ D]",Fill-in-the-Blank,slapped,SLAPPED,Slapped
"""Good Norie,"" the sul'dam murmured, patting the damane. ""Norie is a wonderful damane."" The gray-clad woman smiled shyly at the praise. Despite her words, the sul'dam l _ _ _ _ d worried. [6 Letters L _ _ _ _ _ D]",Fill-in-the-Blank,looked,LOOKED,Looked
"But no ones m _ _ _  a dessert. I know her mothers church will take a lot of stuff, but if you could make a pie, that would mean that the realtors had provided a full meal. Okay? [4 Letters M _ _ _ ]",Fill-in-the-Blank,made,MADE,Made
"""The woman Dad's sleeping with is coming over to f _ _  dinner."" [3 Letters F _ _ _ ]",Fill-in-the-Blank,fix,FIX,Fix
"""A Milgian is always ready to g _ _ _  his life for his ship,"" Veleck said. [4 Letters G _ _ _ ]",Fill-in-the-Blank,give,GIVE,Give
"He walked to the bed and s _ _  on the edge. ""Did you want some too?"" The cork came off with a resounding pop as she cuffed his shoulder. With an easy stretch he rolled the tray toward them. ""Here, hold the glasses."" [3 Letters S _ _ _ ]",Fill-in-the-Blank,sat,SAT,Sat
"""Oh, I don't think so."" Perry kept his eyes on Tawney. ""Do you want to save lives? Do you want to s _ _ _  the life of the woman he's stalking even now? Or will she die? [4 Letters S _ _ _ ]",Fill-in-the-Blank,save,SAVE,Save
"""Do you realize what you've done?"" snapped Thompson, drawing attention from other people p _ _ _ _ _ g by in the lobby. ""You've ruined us. We're done. Shutting us down like this? We're guilty as charged without ever having due process."" [7 Letters P _ _ _ _ _ G]",Fill-in-the-Blank,passing,PASSING,Passing
"For a long, long moment I just sat naked in a heap on the p _ _ _ _ d dirt and panted, trying to catch up with myself. [6 Letters P _ _ _ _ _ D]",Fill-in-the-Blank,packed,PACKED,Packed
He was in vague contact with Hartmann after that. Hartmann always urged him to turn himself in but would never c _ _ _  the authorities himself. Shad respected him for the courage it took to do that. [4 Letters C _ _ _ ],Fill-in-the-Blank,call,CALL,Call
"""The cat wouldn't have a thing to do with her, not from day one. Frank, every now and then you could get the idea Frank was at least t _ _ _ _ g to get along with me. [6 Letters T _ _ _ _ _ G]",Fill-in-the-Blank,trying,TRYING,Trying
"Good for the commander's ego, Ramius judged, but a little hard on the navigator. He f _ _ _  no need for recklessness. Perhaps the letter had been a mistake…No, it prevented second thoughts. [4 Letters F _ _ _ ]",Fill-in-the-Blank,felt,FELT,Felt
"Because it threatened to swamp her again, she d _ _ _ k the last of the soother. ""I screamed for you-you couldn't hear me. I beat on the wall, and tried to break through. [5 Letters D _ _ _ _ _ K]",Fill-in-the-Blank,drank,DRANK,Drank
"When he started down the walkway to the stairwell, Brad, their plumber, called down from his seat on the dining porch. ""Hey, Beck! Rough night at the poker table? l _ _ _  your shirt?"" [4 Letters L _ _ _ ]",Fill-in-the-Blank,lose,LOSE,Lose
