QUESTION_TEXT,QUESTION_TYPE,OPTION_1,OPTION_2,OPTION_3
"She g _ _ _ _ _ d his arm. ""You can't let all those people die!"" [7 Letters G _ _ _ _ _ D]",Fill-in-the-Blank,grabbed,GRABBED,Grabbed
"Rigg knew that for a purse, a man l _ _ _ _ g upriver could buy an estate with a fine house and land enough to feed three hundred souls. [6 Letters L _ _ _ _ _ G]",Fill-in-the-Blank,living,LIVING,Living
"still, gadgets were gadgets, and everyone needed as many gadgets as they could get), new bathroom towels and sheets (total lush-I should so totally have g _ _ _  the way of expensive towels and sheets ages ago; [4 Letters G _ _ _ ]",Fill-in-the-Blank,gone,GONE,Gone
"""You want him to squeal on those he-mistakenly, I'm sure-considers friends?"" Beckett l _ _ _ _ d a brow at Nick. ""No dice?"" [6 Letters L _ _ _ _ _ D]",Fill-in-the-Blank,lifted,LIFTED,Lifted
"""What a coincidence. I need some questions a _ _ _ _ _ _ d."" She unlocked the door with an actual key, not the little what's-it that does it for you automatically with the press of a button, and held it open for me with a gallant little gesture, like I'd done for her about a million times. [8 Letters A _ _ _ _ _ D]",Fill-in-the-Blank,answered,ANSWERED,Answered
Insulin closed the door. The limo p _ _ _ _ d out into the traffic. [6 Letters P _ _ _ _ _ D],Fill-in-the-Blank,pulled,PULLED,Pulled
"She r _ _ _ _ d her face into the fur of his back, and Rowl felt himself purring, which was cheating only if he was still trying to kill himself, which he now was not. He had decided. [6 Letters R _ _ _ _ _ D]",Fill-in-the-Blank,rubbed,RUBBED,Rubbed
"Light, but a man could drown in those eyes and be happy d _ _ _ g it. Embarrassed, he cleared his throat. ""Do they have sheep in Tar Valon? That's all I know, herding sheep and growing tabac."" [5 Letters D _ _ _ _ _ G]",Fill-in-the-Blank,doing,DOING,Doing
"When it was done, they held their collective breath as Thomas turned off the lamps. And the room was l _ _  by firelight and the magic of the tree. [3 Letters L _ _ _ ]",Fill-in-the-Blank,lit,LIT,Lit
"It takes a clever warrior to u _ _  a knife. I have a feeling you're pretty clever."" [3 Letters U _ _ _ ]",Fill-in-the-Blank,use,USE,Use
"""glad to h _ _ _  it."" My voice sounded grumpy even to me. [4 Letters H _ _ _ ]",Fill-in-the-Blank,hear,HEAR,Hear
"I scrolled down my contacts, hit the button, put the phone to my ear and l _ _ _ _ _ _ d to it ring. [8 Letters L _ _ _ _ _ D]",Fill-in-the-Blank,listened,LISTENED,Listened
"""Aunt Boots l _ _ _ s wonderful."" Tory got out cups. ""So do you."" [5 Letters L _ _ _ _ _ S]",Fill-in-the-Blank,looks,LOOKS,Looks
"That was about right, the CO thought, heading for the sonar room again. He was about to o _ _ _ r a track to be plotted, but when he turned to do so, he saw two quartermasters already setting it up, and the ray-path analyzer printing its first cut on the range. [5 Letters O _ _ _ _ _ R]",Fill-in-the-Blank,order,ORDER,Order
"She looked down at her body. s _ _ _ _ _ _ d with blood, naked, thin: her body. She blinked against the blood. [John? Evan?] she thought, but there was no answer. [8 Letters S _ _ _ _ _ D]",Fill-in-the-Blank,streaked,STREAKED,Streaked
"Their best chance to escape was to slip out the front door of the card shop while the hit team's attention r _ _ _ _ _ _ d focused on the supermarket, try to get to a parked car, and hot-wire it. Not much of a chance. [8 Letters R _ _ _ _ _ D]",Fill-in-the-Blank,remained,REMAINED,Remained
"Gabriella let the curtain f _ _ _  back into place, then turned. ""You know, Eve, I stopped by home when I dropped Reeve off. Alexander looks every bit as hollow-eyed as you."" [4 Letters F _ _ _ ]",Fill-in-the-Blank,fall,FALL,Fall
"Eric was eyeing Immanuel's coiffure with fascinated disgust. ""This is the one you brought to correct Sookie's hair?"" he said to Pam. His lips were p _ _ _ _ _ d together in a very tight line. I could feel his skepticism pulsing along the line that bound us. [7 Letters P _ _ _ _ _ D]",Fill-in-the-Blank,pressed,PRESSED,Pressed
"What she didn't do, I will note, was r _ _ _  her eyes or talk about Malik like he wasn't there. [4 Letters R _ _ _ ]",Fill-in-the-Blank,roll,ROLL,Roll
"""Too old for the state to care for you,"" she murmured, ""too young to be alone."" Touched, Hunter s _ _ _ _ _ d her profile. ""Don't feel sorry for me, Lenore. I managed very well."" [7 Letters S _ _ _ _ _ D]",Fill-in-the-Blank,studied,STUDIED,Studied
