QUESTION_TEXT,QUESTION_TYPE,OPTION_1,OPTION_2,OPTION_3
"You were going to tell me another big secret, when the door c _ _ _ _ _ d in."" She sipped her espresso. ""Are you going to tell me now?"" [7 Letters C _ _ _ _ _ D]",Fill-in-the-Blank,crashed,CRASHED,Crashed
"Mortimer widened his eyes and w _ _ _ _ _ _ _ d, ""I see dead people."" [9 Letters W _ _ _ _ _ D]",Fill-in-the-Blank,whispered,WHISPERED,Whispered
"Later on, we can travel together. I've been looking into villas in the south of France. I think you'd like it there."" He touched her then, just a brushing caress on her shoulder. Beneath her blouse her skin c _ _ _ _ _ d. [7 Letters C _ _ _ _ _ D]",Fill-in-the-Blank,crawled,CRAWLED,Crawled
"dad t _ _ _  me, Laurent's dad t _ _ _  him, to keep him off the Net-why didn't we take him seriously! Or seriously enough! But there was no time to waste on self-recrimination right now. They were going to have to do something. [4 Letters T _ _ _ ]",Fill-in-the-Blank,told,TOLD,Told
"Mac and Sylvia exchanged a quick glance and s _ _ _ _ d at each other. ""Horrid?"" This from someone whose forefathers started two world wars? [6 Letters S _ _ _ _ _ D]",Fill-in-the-Blank,smiled,SMILED,Smiled
"Our team leader was a peppy little guy n _ _ _ d Gary Allen, a seventy-something who ran the Annie Oakley Shootin' Gallery. Only none of us called it that after the first day. [5 Letters N _ _ _ _ _ D]",Fill-in-the-Blank,named,NAMED,Named
"Objectives are achieved, but always at a cost to your soldiers. That is why force protection is a vital ingredient of combat power. It is why at all levels the aim always is mission at least c _ _ _ . [4 Letters C _ _ _ ]",Fill-in-the-Blank,cost,COST,Cost
"Isana turned and walked slowly over to Araris, her heart b _ _ _ _ _ g quickly. She stared into his eyes through the murky translucence of the croach that held him and mouthed the word, Soon. [7 Letters B _ _ _ _ _ G]",Fill-in-the-Blank,beating,BEATING,Beating
"Stiffly, I turned and stared at Joe Callahan standing right there, this close behind me. I hadn't heard his approach. He was w _ _ _ _ _ g jeans, a black thermal and his black leather jacket. [7 Letters W _ _ _ _ _ G]",Fill-in-the-Blank,wearing,WEARING,Wearing
"And Hunter, though he held her hand, didn't guide or lead. He simply walked his own way. Just as he'd walk his own way in forty-eight hours, she mused, and stretched her stride to k _ _ _  pace with him. [4 Letters K _ _ _ ]",Fill-in-the-Blank,keep,KEEP,Keep
"Everybody looked at Arlie. ""I got caught h _ _ _ _ g sex. With the wrong person."" She looked at the floor. ""By my husband. In our bedroom. I promised not to see this person again . . . not to see her again."" [6 Letters H _ _ _ _ _ G]",Fill-in-the-Blank,having,HAVING,Having
"I found myself reviewing lines from the Neruda love poem on DeLeon's cubicle wall, wondering how it had m _ _ _  its way there amid the paperwork of violence - ""I Remember You As You Were."" [4 Letters M _ _ _ ]",Fill-in-the-Blank,made,MADE,Made
"""Yes, thanks."" Donna r _ _  her fingers through her hair again, then folded her hands, but she couldn't keep them stil . Suddenly, she gave Shane a glowing smile. ""I have to tel you before I burst."" [3 Letters R _ _ _ ]",Fill-in-the-Blank,ran,RAN,Ran
"She was uncomfortable, he noted. Embarrassed. He s _ _ _  his hand from her hair to cup her chin. ""I didn't intend to buy it and could hardly afford to at that point. But I looked at it and knew it was mine. [4 Letters S _ _ _ ]",Fill-in-the-Blank,slid,SLID,Slid
"""The how?"" The chief looked directly at the tactical commander. ""The building was cleared in a floor-by-floor sweep."" Harrison g _ _  to his feet, stepped over to the diagram. ""A three-man team entered the building here. [3 Letters G _ _ _ ]",Fill-in-the-Blank,got,GOT,Got
"His lips c _ _ _ _ d back in disgust--I think. ""We are not wolves. We do not use their words."" [6 Letters C _ _ _ _ _ D]",Fill-in-the-Blank,curled,CURLED,Curled
"""Kleronomas,"" Morgan said, giggling. She r _ _ _ _ d her hand to her mouth to still herself, and chewed on a finger idly while her gray eyes shone. All her fingers were ringed with bright metal. ""You should see my brother Kleronomas, child. [6 Letters R _ _ _ _ _ D]",Fill-in-the-Blank,raised,RAISED,Raised
"""You are, and always have been, the most honorable man I know."" She went to him, w _ _ _ _ _ d her arms around him, and held tight despite the fact that his arms didn't enfold her in return. ""Let me help,"" she murmured. [7 Letters W _ _ _ _ _ D]",Fill-in-the-Blank,wrapped,WRAPPED,Wrapped
"I narrowed my eyes. ""So…if you're involved in my death…"" I t _ _ _ _ d my head at him. ""It's because someone forced me to do it?"" [6 Letters T _ _ _ _ _ D]",Fill-in-the-Blank,tilted,TILTED,Tilted
"Mustafa is acutely aware that good hair has an almost magical power, o _ _ _ _ _ g doors to social strata-and the knockout women therein-that are closed to men with inferior hair. He must give this issue more and careful consideration. [7 Letters O _ _ _ _ _ G]",Fill-in-the-Blank,opening,OPENING,Opening
