QUESTION_TEXT,QUESTION_TYPE,OPTION_1,OPTION_2,OPTION_3
"The DCI held up his hand. ""Okay. Jack, let's keep this one real close for a while. We'll f _ _ _ _ e a way to launder the information so that some others can know what we've learned. But not how. Not ever that. [6 Letters F _ _ _ _ _ E]",Fill-in-the-Blank,figure,FIGURE,Figure
"Artie whimpered. His face was pale. sweat d _ _ _ _ _ d off his chin as he tried to crawl. It was impressive, actually. As Christopher watched, the man fought to lift one arm and flop it forward a scant couple of inches. [7 Letters D _ _ _ _ _ D]",Fill-in-the-Blank,dripped,DRIPPED,Dripped
"""You got to understand about Ernie,"" Del said as we crossed the yard. ""Guy's gone state-to-state with the carnies so long, on the lam, he's just about fanatical to me for giving him a settle-down job, no questions a _ _ _ d. You worked the road long?"" [5 Letters A _ _ _ _ _ D]",Fill-in-the-Blank,asked,ASKED,Asked
"""What is this about? I need to t _ _ _  care of this breach of security immediately."" [4 Letters T _ _ _ ]",Fill-in-the-Blank,take,TAKE,Take
"When she sat up, he went with her, cupping her forearms in his hands. ""Maybe not. But there are things I need to t _ _ _  you, things we will talk about."" [4 Letters T _ _ _ ]",Fill-in-the-Blank,tell,TELL,Tell
"Shortly after nine-thirty in the morning, they landed in Eugene, and the cab driver who conveyed Junior to the town's largest shopping center spent more time staring at his afflicted passenger in the rearview mirror than he did w _ _ _ _ _ _ g the road. [8 Letters W _ _ _ _ _ G]",Fill-in-the-Blank,watching,WATCHING,Watching
"A normal life. No hiding, no lying. She loved what she did. She loved the thrill, the accomplishment, the Chongder. But sometimes … trapped in a prison cell or r _ _ _ _ _ g for her life … sometimes she dreamed of something else. [7 Letters R _ _ _ _ _ G]",Fill-in-the-Blank,running,RUNNING,Running
"He said, ""Hell, this doesn't look like Vegas. This l _ _ _ s more like Seattle."" [5 Letters L _ _ _ _ _ S]",Fill-in-the-Blank,looks,LOOKS,Looks
"No cadaver could be f _ _ _ d in the house, neither Sarah Kiel's nor anybody else's, and Sharp was disappointed. The nude and crucified woman in Placentia had been unexpected and kinky, a welcome change from the corpses he usually saw. [5 Letters F _ _ _ _ _ D]",Fill-in-the-Blank,found,FOUND,Found
"""But later tonight, a man is going to ring my doorbell and I know in my heart I won't be m _ _ _ _ g a mistake opening it to him. [6 Letters M _ _ _ _ _ G]",Fill-in-the-Blank,making,MAKING,Making
"""You know how Carol is on that day,"" he said shakily. ""The day her baby was b _ _ _ , the baby she gave up. She's different from the way she is every other day of the year. Depressed, withdrawn. [4 Letters B _ _ _ ]",Fill-in-the-Blank,born,BORN,Born
"She was done now, her bandage w _ _ _ _ _ d. She wagged a finger at me. [7 Letters W _ _ _ _ _ D]",Fill-in-the-Blank,wrapped,WRAPPED,Wrapped
"I s _ _ _ k my head, short, dazed shakes and then it hit me. [5 Letters S _ _ _ _ _ K]",Fill-in-the-Blank,shook,SHOOK,Shook
"She had been right in 1971 to sneer at Christine's fake military jacket, Che-style beret, black leotard, miniskirt. Sharp as a tiger's tooth, May instantly recognized the real deal, as was clear from her own attire. people l _ _ _ _ _ d. So what? [7 Letters L _ _ _ _ _ D]",Fill-in-the-Blank,laughed,LAUGHED,Laughed
"""Rand,"" Nynaeve said. ""Someone has to k _ _ _  an eye on him. Someone other than Cadsuane, at least."" Her lips turned down at that woman's name. ""He's changed recently."" [4 Letters K _ _ _ ]",Fill-in-the-Blank,keep,KEEP,Keep
"Jean-Claude's voice f _ _ _ _ d the sudden silence. ""This is Robert. Welcome him to our stage."" [6 Letters F _ _ _ _ _ D]",Fill-in-the-Blank,filled,FILLED,Filled
"I g _ _  the impression that Sam believed Remy was trying to take advantage of me-but Sam also felt he could hardly tell me what to do about it. ""If I remember the schedule right, you're working this Saturday night,"" he pointed out. [3 Letters G _ _ _ ]",Fill-in-the-Blank,got,GOT,Got
She m _ _ _ _ _ _ d his name when he cupped a hand under her head and lifted her melting body to his. [8 Letters M _ _ _ _ _ D],Fill-in-the-Blank,murmured,MURMURED,Murmured
"Lanky Joe is the least athletic of my four friends, but when he shuts up even he can p _ _ _  soccer better than most of the guys in the World Cup. [4 Letters P _ _ _ ]",Fill-in-the-Blank,play,PLAY,Play
"Mom and Dad stood there, Dad wearing his jammies, Mom tightly bundled in a robe. Hank stopped them from saying anything by l _ _ _ _ _ g a hand and they stared at me, their faces worried. [7 Letters L _ _ _ _ _ G]",Fill-in-the-Blank,lifting,LIFTING,Lifting
