QUESTION_TEXT,QUESTION_TYPE,OPTION_1,OPTION_2,OPTION_3
"Some of it probably came from his efforts to get free of the quiet-down coat, or to administer the occasional kicks to the door Dean had heard, but I t _ _ _ _ _ t most of his sweat had come as a result of plain old fear: fear of what we might do to him when we came back. [7 Letters T _ _ _ _ _ T]",Fill-in-the-Blank,thought,THOUGHT,Thought
"She l _ _ _ _ d her head on his shoulder. ""I'm lucky, and I know it. A few bumps, bruises and burns. But I feel sad when I look at this room. It wasn't perfect, I know. But it was mine."" [6 Letters L _ _ _ _ _ D]",Fill-in-the-Blank,leaned,LEANED,Leaned
"""Sugar bunch, you can say that again,"" Daisy cal ed. She was sitting on the book counter, legs c _ _ _ _ _ d and leafing through a copy of Us magazine. [7 Letters C _ _ _ _ _ D]",Fill-in-the-Blank,crossed,CROSSED,Crossed
"She released his hand, and facing the field, prayed she'd d _ _ _  the right thing. [4 Letters D _ _ _ ]",Fill-in-the-Blank,done,DONE,Done
"""That's not how I measured it. You made it work. When the Buggers come again, they're going to m _ _ _  things go wrong. [4 Letters M _ _ _ ]",Fill-in-the-Blank,make,MAKE,Make
"The gates of the little castle were closed and b _ _ _ _ d. She had promised Harwin that she would not try and run away again, she knew, but that was before they started telling lies about her mother. [6 Letters B _ _ _ _ _ D]",Fill-in-the-Blank,barred,BARRED,Barred
"He is a Liar came the whisper in my head. I will f _ _ _  the truth for you, Wisdom. [4 Letters F _ _ _ ]",Fill-in-the-Blank,find,FIND,Find
"""So, if you can't feel that for her, it's not my place to t _ _ _  you this and I don't mean to offend you, but I'm speaking on behalf of the sisterhood here. [4 Letters T _ _ _ ]",Fill-in-the-Blank,tell,TELL,Tell
"She had one lit and puffing in a flash. My car done broke down today in front of Piggly Wiggly, and I had to call Melanie here to g _ _ _  me a ride. [4 Letters G _ _ _ ]",Fill-in-the-Blank,give,GIVE,Give
"""Get out, I said."" He picked up the first thing that came to hand in the litter of Gage's toys, a bright plastic Chuggy-ChuggyChoo-Choo which in this dim light was the maroon color of d _ _ _ d blood. He brandished it at Church; [5 Letters D _ _ _ _ _ D]",Fill-in-the-Blank,dried,DRIED,Dried
"""I just want her back."" When the tears started, she l _ _ _  her head against Della's cushioning breast. ""I just want my girl back. I was so hard on her, Della."" [4 Letters L _ _ _ ]",Fill-in-the-Blank,laid,LAID,Laid
"Then, as the van drove off trailing a cloud of exhaust that reminded him of the bright maroon stuff he'd seen coming from the tailpipe of the bakery truck that noon, another door o _ _ _ _ d and the memory did come. [6 Letters O _ _ _ _ _ D]",Fill-in-the-Blank,opened,OPENED,Opened
"The noblemen greeted Alanna and Coram with warmth, reaching across carefully maintained distances to s _ _ _ e hands. [5 Letters S _ _ _ _ _ E]",Fill-in-the-Blank,shake,SHAKE,Shake
"The train slid away from the station while robie w _ _ _ _ d to the exit, invisible within a wall of other travelers. [6 Letters W _ _ _ _ _ D]",Fill-in-the-Blank,walked,WALKED,Walked
Amara put her hand on his fist and squeezed gently. Bernard c _ _ _ _ d his eyes and made a visible effort to relax. His fist came unclenched a moment later. [6 Letters C _ _ _ _ _ D],Fill-in-the-Blank,closed,CLOSED,Closed
"""Do what you can,"" Elayne told her. It would be pure luck if they caught an arsonist in the act, and beyond luck if the arsonist could say more than that she had been handed coin by someone with a hood h _ _ _ _ g her face. [6 Letters H _ _ _ _ _ G]",Fill-in-the-Blank,hiding,HIDING,Hiding
"Grant watched the smoke r _ _ _  and the haze of heat that rippled the air. ""Why?"" [4 Letters R _ _ _ ]",Fill-in-the-Blank,rise,RISE,Rise
"""This is for you. I was wrong to take it at all, no matter how deep my pain."" Roland curled his hand around the rawhide strip and yanked, snapping it. He h _ _ _  the key out to Eddie. [4 Letters H _ _ _ ]",Fill-in-the-Blank,held,HELD,Held
"I flew as fast as I could to catch up and landed on the hat of the tallest one, just as a security guard w _ _ _ d him through the turnstile. [5 Letters W _ _ _ _ _ D]",Fill-in-the-Blank,waved,WAVED,Waved
"She t _ _ _ _ d her head, pointed at him. ""He found it. I had a dream the bitch was chowing down on my leg."" And for some odd reason, the solidarity of their unconsciouses made her feel better. [6 Letters T _ _ _ _ _ D]",Fill-in-the-Blank,turned,TURNED,Turned
