QUESTION_TEXT,QUESTION_TYPE,OPTION_1,OPTION_2,OPTION_3
"He p _ _ _ _ d open the church door and helped her down the steps into the cold afternoon air. We'll go directly to the constable, he said. I'm going to set fire under his apathetic tail. [6 Letters P _ _ _ _ _ D]",Fill-in-the-Blank,pushed,PUSHED,Pushed
"He wants us to become like him, to w _ _ _  the same things he wants, to work toward the same goals, freely and willingly, because we want to. [4 Letters W _ _ _ ]",Fill-in-the-Blank,want,WANT,Want
"""So I thought. The names her records s _ _ _  as parents did indeed have a daughter named Clarissa born thirty-six years ago. However, she died at the age of eight. [4 Letters S _ _ _ ]",Fill-in-the-Blank,show,SHOW,Show
"Hushidh knew that it was not an error, but a soul inventing itself. When she tried to explain this to Issya, though, his eyes g _ _ _ _ d over and he soon fled to the computers again. [6 Letters G _ _ _ _ _ D]",Fill-in-the-Blank,glazed,GLAZED,Glazed
"He wore a white crown, and it took me a second to realize it was made of bones. The stage lights flickered over the white bones, making them shimmer, and almost bleed white color when he m _ _ _ d his head. [5 Letters M _ _ _ _ _ D]",Fill-in-the-Blank,moved,MOVED,Moved
"I don't think any of us talked to him about that choice, but we respected him for it. He had decided the time had come to put the games away, that's all. Grown men are frequently incapable of m _ _ _ _ g such decisions; [6 Letters M _ _ _ _ _ G]",Fill-in-the-Blank,making,MAKING,Making
Agent Judge turned and headed down the s _ _ _ _ h water Falls exit ramp. His crew of hazmat guys followed after him. I hesitated. [6 Letters S _ _ _ _ _ H],Fill-in-the-Blank,splash,SPLASH,Splash
"I let out my breath, nodded, grabbed my beer, t _ _ _  a sip then snatched another slice and sat back, lifting my legs to sit cross-legged on the couch. [4 Letters T _ _ _ ]",Fill-in-the-Blank,took,TOOK,Took
"""A recording can be found, and would incriminate. From what I read in his file, he didn't n _ _ _  that kind of thing. He doesn't have to relive what he can simply live again."" [4 Letters N _ _ _ ]",Fill-in-the-Blank,need,NEED,Need
"Cordelia's voice turned fierce and Wyungare smiled. ""He's s _ _ _ t the better part of his young life in the dreamtime, you know? He's lived in other people's heads. He can navigate the brain like you can find your way uptown on the A train."" [5 Letters S _ _ _ _ _ T]",Fill-in-the-Blank,spent,SPENT,Spent
"""Ten thousand is easy. I don't think that even we could have known the names of all the people who lived here before we learned about the end of the world. There were three billion people then."" He laughed, s _ _ _ _ _ g his head. [7 Letters S _ _ _ _ _ G]",Fill-in-the-Blank,shaking,SHAKING,Shaking
"The drive there gave me my first on-the-ground look at the horrific conditions in the city. Buildings were either bullet-riddled or collapsed; hard-looking gunmen r _ _ _ _ d the streets, glaring fiercely as we passed; [6 Letters R _ _ _ _ _ D]",Fill-in-the-Blank,roamed,ROAMED,Roamed
". ""Ice storm,"" she said with a shake of her head. ""h _ _ _ d on the radio. Into February now, and don't look like this winter's ever going to end. Surprised to see you in here this time of day."" [5 Letters H _ _ _ _ _ D]",Fill-in-the-Blank,heard,HEARD,Heard
"He pointed his light toward the locker rooms, then s _ _ _ _ _ d that way. He peeked inside and found a table had been pulled in there, set with some cups and fast-food wrappers. Seemed newer than the rest of the school's debris. [7 Letters S _ _ _ _ _ D]",Fill-in-the-Blank,started,STARTED,Started
"Even the sounds and s _ _ _ _ s were foreign, potent and ripe. Dampness clung to the air. He'd have been more comfortable in a dark alley in East L.A. [6 Letters S _ _ _ _ _ S]",Fill-in-the-Blank,smells,SMELLS,Smells
"She shook her head. ""Nothing on Vista's website. And Heron didn't have a site, which s _ _ _ s odd."" [5 Letters S _ _ _ _ _ S]",Fill-in-the-Blank,seems,SEEMS,Seems
"""Shit."" It was his first thought once his heart s _ _ _ _ _ d screaming in his ears. That one had probably fried his computer. [7 Letters S _ _ _ _ _ D]",Fill-in-the-Blank,stopped,STOPPED,Stopped
"Annoyance c _ _ _ _ _ d his face as he tightened his hold. ""Give me a break, angel. I haven't got all night."" [7 Letters C _ _ _ _ _ D]",Fill-in-the-Blank,covered,COVERED,Covered
"Still trying to see between the bodies of the circled gamblers, the boy said, ""There's a palm tree, a couple of f _ _ _ _ _ g tables in the sand where this geeky bunch of Korean guys are playing chess, maybe sixty, eighty feet down the beach from here."" [7 Letters F _ _ _ _ _ G]",Fill-in-the-Blank,folding,FOLDING,Folding
Cold light f _ _ _ _ _ _ _ d in his eyes. 'What are you going to do?' [9 Letters F _ _ _ _ _ D],Fill-in-the-Blank,flickered,FLICKERED,Flickered
