QUESTION_TEXT,QUESTION_TYPE,OPTION_1,OPTION_2,OPTION_3
I moved in as quietly as I could-which was pretty damn quiet. I had done a lot of sneaking around. The bathroom looked like someone had taken a chain s _ _  to it and followed up with explosives. [3 Letters S _ _ _ ],Fill-in-the-Blank,saw,SAW,Saw
"Some of her friends t _ _ _ _ _ t she was weird to take the ""real"" sports so seriously, but Catie didn't mind. [7 Letters T _ _ _ _ _ T]",Fill-in-the-Blank,thought,THOUGHT,Thought
Sarah tightened her arms around him as tears r _ _  fast and silent down her cheeks. [3 Letters R _ _ _ ],Fill-in-the-Blank,ran,RAN,Ran
"Gosh, it was hard to f _ _ _ _ e out what to worry about first. Everything wanting to contribute to my ulcer, Get in line and take a number! [6 Letters F _ _ _ _ _ E]",Fill-in-the-Blank,figure,FIGURE,Figure
"Cindy said, ""G _ _ _  me a couple of days and then find me, okay? Like you did today."" [4 Letters G _ _ _ ]",Fill-in-the-Blank,give,GIVE,Give
Then I saw her gaze shift up to her husband and whatever look he gave her made her look back to me and r _ _ _  her eyes. [4 Letters R _ _ _ ],Fill-in-the-Blank,roll,ROLL,Roll
"""I know it,"" replied Vedris. He wrapped Sundry in a tight, warm embrace. ""If you get yourself killed, I shall be very disappointed in you,"" he said quietly, for her ears alone, and k _ _ _ _ d her forehead. [6 Letters K _ _ _ _ _ D]",Fill-in-the-Blank,kissed,KISSED,Kissed
"""Tempting, but I'll pass. I've g _ _  a lot of reading to do."" [3 Letters G _ _ _ ]",Fill-in-the-Blank,got,GOT,Got
"My stomach g _ _ _ _ _ d, but when I fished in my pack, I found only half of an old algae ration bar. [7 Letters G _ _ _ _ _ D]",Fill-in-the-Blank,growled,GROWLED,Growled
"He raised up in a small motion and pressed my bleeding wrist to his mouth. He bit me, and I gasped. He u _ _ _  both hands to press my wrist to his mouth and sucked me. [4 Letters U _ _ _ ]",Fill-in-the-Blank,used,USED,Used
"), as well as the vast commercial interests (shipbuilders, aircraft and weapons manufacturers, etc.) necessary to k _ _ _  the battle groups modern and credible. And then consider that not all twelve battle groups are available at one time. [4 Letters K _ _ _ ]",Fill-in-the-Blank,keep,KEEP,Keep
"Poor old guy's sober now, and just trying to m _ _ _  fences with his only son, the one he used to kick the shit out of regularly. But that was the booze, and the booze was the answer to grief and guilt. [4 Letters M _ _ _ ]",Fill-in-the-Blank,mend,MEND,Mend
"He headed back to Cantrell thinking that he should have a _ _ _ d the woman if she knew where his father now lived. But he hadn't, so he would have to gain that information some other way. He could ask people in town. [5 Letters A _ _ _ _ _ D]",Fill-in-the-Blank,asked,ASKED,Asked
I s _ _  on the floor sucking the sweet flesh out of half an orange. Onan Moley slid down the wall and settled next to me. Somebody's blood was all over the tape on his forearm. [3 Letters S _ _ _ ],Fill-in-the-Blank,sat,SAT,Sat
"Mrs. Inc seemed frozen in place. Her one hand was still up in the air, fine fingers s _ _ _ _ _ d. Wayne craned his neck to look over at Pemulis from under his helmet without changing his three-point stance. The football-noises trailed off. [7 Letters S _ _ _ _ _ D]",Fill-in-the-Blank,splayed,SPLAYED,Splayed
"While it is true then that I was not the sole author, leader and architect of this great program for suffering launched by my country in Southeast Asia, I will say this: when the opportunity to t _ _ _  charge of our program was presented to me, I did not stand pat on the butchery and carnage of my predecessors. [4 Letters T _ _ _ ]",Fill-in-the-Blank,take,TAKE,Take
She rested a palm on his arm and looked away as he led her inside. She wished he hadn't found her easy to t _ _ _  to. There was nothing she could do to help a Carthaki human friend. [4 Letters T _ _ _ ],Fill-in-the-Blank,talk,TALK,Talk
"Nashe felt relieved, but Pozzi didn't s _ _  much of anything, walking through the tour as though his mind were somewhere else. Still brooding about poker, Nashe thought. [3 Letters S _ _ _ ]",Fill-in-the-Blank,say,SAY,Say
I had absolutely no desire to l _ _ _  the blood off his body. I was grateful for that. [4 Letters L _ _ _ ],Fill-in-the-Blank,lick,LICK,Lick
"He s _ _ _ _ _ d his cheek against hers, and felt the fatigue wash away. ""Very good."" [7 Letters S _ _ _ _ _ D]",Fill-in-the-Blank,stroked,STROKED,Stroked
