QUESTION_TEXT,QUESTION_TYPE,OPTION_1,OPTION_2,OPTION_3
"For a moment it seemed to be working. She saw something, a luminescence in the shape of a figure. It vibrated around the corpse, quivering. Then it puffed away, and the body r _ _ _ _ _ _ d on the ground, immobile, eyes burned. [8 Letters R _ _ _ _ _ D]",Fill-in-the-Blank,remained,REMAINED,Remained
"But his old man w _ _ _ _ d the fourth, which would have put him in the elite company of only nine people on earth at any given time. And because he never got there, he was a failure, at least in his eyes. [6 Letters W _ _ _ _ _ D]",Fill-in-the-Blank,wanted,WANTED,Wanted
"Outside of movies or videos, Eve had never seen anything so lush. The carpet was a red cushion your feet could sink blissfully into. Crystal drops h _ _ _  from the ceiling and spun light. The air smelled of flowers and pampered flesh. [4 Letters H _ _ _ ]",Fill-in-the-Blank,hung,HUNG,Hung
I s _ _ _ t the rest of the day occasionally thinking about the skinny joker and those desperate eyes. I was beginning to discover that sometimes certain people just get under your skin. [5 Letters S _ _ _ _ _ T],Fill-in-the-Blank,spent,SPENT,Spent
"She once tried to drown me as a child because I wasn\'t magic enough and thus, to her, I wasn\'t really sidhe, though I wasn\'t really human either. It was good to k _ _ _  my aunt happy; [4 Letters K _ _ _ ]",Fill-in-the-Blank,keep,KEEP,Keep
"But don't m _ _ _  a mistake, Joe. Check me out. Look in the Yellow Pages. There's a full-page three-color ad for me, Joe. Look up Gill Teal, and you'll see who's for real."" [4 Letters M _ _ _ ]",Fill-in-the-Blank,make,MAKE,Make
"Jean-Claude caught my other wrist. The moment his hand t _ _ _ _ _ d my skin, the cold faded. His power swept through me like a flood of warm water, and it wasn't his power. I knew the taste of this warmth. It was Richard. [7 Letters T _ _ _ _ _ D]",Fill-in-the-Blank,touched,TOUCHED,Touched
"Marcus, Vasel, the Handsmith, and a joker n _ _ _ d Bulat had gone ahead of the caravan to plan. [5 Letters N _ _ _ _ _ D]",Fill-in-the-Blank,named,NAMED,Named
"""I called Carolee. She'll h _ _ _  the fort until you get there."" [4 Letters H _ _ _ ]",Fill-in-the-Blank,hold,HOLD,Hold
"Gregg could hear his voice break with the word, almost a sob. He t _ _ _  a deep breath. [4 Letters T _ _ _ ]",Fill-in-the-Blank,took,TOOK,Took
rhys m _ _ _ d back from the mirror to stand on the other side of me so that I was sandwiched between him and Frost. [5 Letters M _ _ _ _ _ D],Fill-in-the-Blank,moved,MOVED,Moved
"""It seemed like a good idea at the time. You have a wonderful voice."" She kept her heavy eyes c _ _ _ _ d. ""I could listen to it forever. I bought you a present."" ""That's nice. [6 Letters C _ _ _ _ _ D]",Fill-in-the-Blank,closed,CLOSED,Closed
"I f _ _ _  my mouth form a little grin and I answered honestly, ""I've no idea. I haven't met her yet."" [4 Letters F _ _ _ ]",Fill-in-the-Blank,felt,FELT,Felt
"A woman a _ _ _ _ _ _ d the first ring, and Jilly said, 'I'd like to speak to Vonetta Beesley, please.' [8 Letters A _ _ _ _ _ D]",Fill-in-the-Blank,answered,ANSWERED,Answered
"Some of those guys I used to see out at Camp Readiness, too. I'll tell you one thing, Jack-those guys were even more scared of that place than my father was. They just about cringed when they g _ _  near it."" [3 Letters G _ _ _ ]",Fill-in-the-Blank,got,GOT,Got
"He stared at the rotund old woman who had her fleshy arms f _ _ _ _ d over her huge breasts and who had come out in such a rush that she still had on pink bedroom slippers and a flower-printed housecoat, with her hair tied up in a sheer scarf. [6 Letters F _ _ _ _ _ D]",Fill-in-the-Blank,folded,FOLDED,Folded
"Dwight lay back on his bed, s _ _ _ _ d at the ceiling. ""It's a beautiful subroutine. Elegant, really. And until it's closed, nothing is safe- not a single file on a client's server, as long as they're running Techsan's product."" [6 Letters S _ _ _ _ _ D]",Fill-in-the-Blank,stared,STARED,Stared
"And the second point is, you got all that tack room right there, so why do you need to put something special in that might just tear up your horses legs? The man l _ _ _ _ d at web like he really was insane. [6 Letters L _ _ _ _ _ D]",Fill-in-the-Blank,looked,LOOKED,Looked
It seemed she didn't when little wrinkles a _ _ _ _ _ _ d between her brows and her head tipped to the side. [8 Letters A _ _ _ _ _ D],Fill-in-the-Blank,appeared,APPEARED,Appeared
"She c _ _ _ _ _ _ d her hands into fists. ""You've made your point. It was a vampire. Even a dumb cop knows they don't eat flesh."" She turned her brown eyes to me, and there was a lot of anger in them. [8 Letters C _ _ _ _ _ D]",Fill-in-the-Blank,clenched,CLENCHED,Clenched
