QUESTION_TEXT,QUESTION_TYPE,OPTION_1,OPTION_2,OPTION_3
"""Mr. McVie."" Again Fitzhugh cleared his throat. The sun b _ _ _ n to push its way through the clouds but no one seemed to notice. ""I understand perfectly your sentiments in this matter. [5 Letters B _ _ _ _ _ N]",Fill-in-the-Blank,began,BEGAN,Began
"That was how we left it before g _ _ _ g to bed: if the sky looks promising, we will be off without another word. It is deep into the night now, and the wind is blowing through the cracks in the house. [5 Letters G _ _ _ _ _ G]",Fill-in-the-Blank,going,GOING,Going
"A figure carrying a pistol walked up to him, knelt down, and fired two rounds into his head, then stood up and walked back into the headlights. A door s _ _ _ _ _ d shut, followed by the crunch of tires on gravel. [7 Letters S _ _ _ _ _ D]",Fill-in-the-Blank,slammed,SLAMMED,Slammed
"Jon's face was throbbing, the snow kept coming down, and it was hard to think. You must not balk, whatever is asked of you, Qhorin had told him. The words s _ _ _ k in his throat, but he made himself say, ""There were three hundred of us."" [5 Letters S _ _ _ _ _ K]",Fill-in-the-Blank,stuck,STUCK,Stuck
"I couldn't help it. The fight went out of me, I let go of his shirt and fell into him, my arms w _ _ _ _ _ _ g around his waist. [8 Letters W _ _ _ _ _ G]",Fill-in-the-Blank,wrapping,WRAPPING,Wrapping
"Daniel said as he s _ _ _ _ d open the door. ""Is that how you behave with clients, Mr. Counselor-at-Law, or is it just family that rates?"" ""Sorry."" Ian walked over to accept his grandfather's bear hug and his grandmother's warm kiss. [6 Letters S _ _ _ _ _ D]",Fill-in-the-Blank,shoved,SHOVED,Shoved
"Amara turned to see a tiny, blazing sphere of light r _ _ _ _ _ _ g the top of its arc and beginning to fall. [8 Letters R _ _ _ _ _ G]",Fill-in-the-Blank,reaching,REACHING,Reaching
"""Governor,"" Patchwork pleaded. ""Modular Man is a person, as much as you or me. He thinks, he feels. He hates what Travnicek's doing to him."" She t _ _ _ _ d to the man. ""He's told you that. He loathes you. [6 Letters T _ _ _ _ _ D]",Fill-in-the-Blank,turned,TURNED,Turned
What went wrong? The first problem was with intelligence. U.S. intelligence operatives have not been trained to t _ _ _ k in terms of the effects of military force on a given enemy. [5 Letters T _ _ _ _ _ K],Fill-in-the-Blank,think,THINK,Think
"""I wonder how you'd feel if someone asked you to field a line drive with twenty thousand people w _ _ _ _ _ _ g."" [8 Letters W _ _ _ _ _ G]",Fill-in-the-Blank,watching,WATCHING,Watching
"Before she could pull the shower door s _ _ _ , he intervened and held it open. ""Martie, I'm not afraid of you."" [4 Letters S _ _ _ ]",Fill-in-the-Blank,shut,SHUT,Shut
"""He kills people,"" she said softly. ""The viziers have tracked him. He murders people that don't seem to be connected. The viziers are confused, but I'm not."" She t _ _ _  a deep breath. ""He's hunting someone in this city, Wyndle. [4 Letters T _ _ _ ]",Fill-in-the-Blank,took,TOOK,Took
"More tears f _ _ _ _ d my eyes and I didn't clear the hoarse from my voice when I said, ""I hope that keeps going too."" [6 Letters F _ _ _ _ _ D]",Fill-in-the-Blank,filled,FILLED,Filled
"I laughed, and it was an unpleasant laugh. The kind of laugh you make because you can\'t cry yet. The sound s _ _ _ _ _ _ d Ash. It made him take a step backward from me. [8 Letters S _ _ _ _ _ D]",Fill-in-the-Blank,startled,STARTLED,Startled
A small Tudor-style gatekeeper's lodge was situated some fifty yards in on the left. The door o _ _ _ _ d and an elderly man limped out onto the drive. Jacob stopped the car again and climbed out. [6 Letters O _ _ _ _ _ D],Fill-in-the-Blank,opened,OPENED,Opened
"""Be wary of my brother Gandreel,"" he told them, ""for he too was once a sorcerer, if of a minor sort, and he will have f _ _ _ d ways to harness those around him to his will. As for Vendra, beware her guile. [5 Letters F _ _ _ _ _ D]",Fill-in-the-Blank,found,FOUND,Found
"Mickey and I had hit a dry patch because, me having my kids full-time, he couldn't s _ _ _ d the night and I couldn't either. [5 Letters S _ _ _ _ _ D]",Fill-in-the-Blank,spend,SPEND,Spend
"But he wasn't cringing anymore. He was standing up straight in the darkness. When had that happened? No time to wonder. Stan l _ _ _ _ d his dry lips and began to chant: ""Robins! Gray egrets! Loons! Scarlet tanagers! Grackles! Hammerhead woodpeckers! Redheaded woodpeckers! Chickadees! Wrens! Peli-"" [6 Letters L _ _ _ _ _ D]",Fill-in-the-Blank,licked,LICKED,Licked
"She took out of her cloak pocket something that looked like a shiny stick and pointed it at the sky. Her lips m _ _ _ d, though I couldn't hear the words coming out of her mouth. [5 Letters M _ _ _ _ _ D]",Fill-in-the-Blank,moved,MOVED,Moved
"He l _ _ _ _ d back at the board, as she did. ""I don't like leaving a case hanging."" [6 Letters L _ _ _ _ _ D]",Fill-in-the-Blank,looked,LOOKED,Looked
